#{"t_start": 1630878032.6934817, "env_id": "imitationNM/SortingOnions-v0"}
r,l,t
0.0,1,1.76858
0.0,1,1.770294
0.0,1,1.771585
-0.065789,2,1.773932
0.0,1,1.775117
0.0,1,1.776249
-0.065789,2,1.778705
-0.065789,2,1.781914
0.276316,2,1.784864
0.0,1,1.786978
0.0,1,1.788933
0.0,1,1.79036
0.0,1,1.791696
-0.065789,2,1.794407
0.0,1,1.795399
0.0,1,1.796462
0.0,1,1.797864
0.0,1,1.798995
0.0,1,1.800004
0.0,1,1.801023
0.0,1,1.802065
0.0,1,1.803098
0.0,1,1.804199
0.210526,3,1.807403
0.0,1,1.808483
0.0,1,1.809527
0.0,1,1.810614
0.0,1,1.811619
0.0,1,1.812541
0.276316,2,1.815619
-0.065789,2,1.818286
0.0,1,1.81938
-0.065789,2,1.82159
0.0,1,1.822706
-0.065789,2,1.825098
0.276316,2,1.827373
0.0,1,1.828447
0.0,1,1.829547
0.0,1,1.830821
0.276316,2,1.83301
0.0,1,1.834165
0.276316,2,1.836286
0.0,1,1.837353
0.0,1,1.838475
0.0,1,1.839578
0.0,1,1.840553
0.0,1,1.841589
0.697368,3,1.844712
-0.065789,2,1.846799
0.0,1,1.847862
0.0,1,1.848876
-0.065789,2,1.850935
0.0,1,1.851967
0.0,1,1.853086
0.0,1,1.854187
0.276316,2,1.856523
0.0,1,1.857605
0.0,1,1.858953
0.0,1,1.86037
0.0,1,1.861366
0.210526,3,1.865428
-0.065789,2,1.868471
-0.131579,3,1.873954
0.276316,2,1.880286
0.0,1,1.885302
0.0,1,1.888059
0.276316,2,1.893113
0.0,1,1.896596
0.276316,2,1.900736
0.0,1,1.901821
0.0,1,1.902934
0.276316,2,1.905928
0.0,1,1.908103
0.0,1,1.909473
0.0,1,1.910526
-0.065789,2,1.912508
0.0,1,1.9135
0.0,1,1.914643
0.0,1,1.91589
0.0,1,1.916907
0.0,1,1.918206
0.0,1,1.919615
-0.065789,2,1.921837
0.0,1,1.92291
0.0,1,1.923934
0.0,1,1.924961
0.0,1,1.925974
0.0,1,1.926983
0.0,1,1.928018
0.0,1,1.929008
0.0,1,1.929972
0.276316,2,1.931965
0.0,1,1.932943
0.0,1,1.933932
-0.065789,2,1.935913
0.0,1,1.937244
0.0,1,1.938455
0.0,1,1.939649
0.0,1,1.941808
-0.131579,3,1.94686
0.0,1,1.948004
0.0,1,1.949084
0.0,1,1.950222
-0.065789,2,1.952429
0.0,1,1.953687
0.0,1,1.955165
0.0,1,1.956654
0.276316,2,1.958778
-0.065789,2,1.960809
-0.065789,2,1.962974
0.0,1,1.964085
0.0,1,1.965693
-0.065789,2,1.967912
-0.065789,2,1.970207
0.0,1,1.971185
0.0,1,1.972206
0.276316,2,1.974215
-0.065789,2,1.976204
0.552632,3,1.979171
0.0,1,1.980342
0.0,1,1.981382
0.0,1,1.982428
0.276316,2,1.984522
0.0,1,1.985626
0.276316,2,1.98765
0.0,1,1.988683
0.0,1,1.989718
0.0,1,1.990754
0.0,1,1.991781
0.0,1,1.992802
0.276316,2,1.994787
0.0,1,1.99579
0.0,1,1.996862
0.0,1,1.997914
0.0,1,1.998912
-0.065789,2,2.000956
0.276316,2,2.003011
0.552632,3,2.006244
0.276316,2,2.008267
0.0,1,2.009323
0.0,1,2.010352
0.0,1,2.011334
0.276316,2,2.013313
0.0,1,2.014316
-0.065789,2,2.016311
-0.131579,3,2.019405
-0.065789,2,2.021367
0.0,1,2.022391
0.210526,3,2.025456
0.0,1,2.026495
0.0,1,2.027525
0.0,1,2.028564
0.0,1,2.029522
0.0,1,2.030489
0.0,1,2.031529
0.0,1,2.032576
0.0,1,2.033577
0.0,1,2.034594
0.0,1,2.035635
0.0,1,2.03672
0.0,1,2.037762
-0.065789,2,2.039842
0.0,1,2.04088
0.0,1,2.041914
0.276316,2,2.043911
-0.065789,2,2.045956
0.0,1,2.046954
0.0,1,2.047999
-0.065789,2,2.050102
0.0,1,2.051118
0.0,1,2.052163
-0.065789,2,2.054212
-0.131579,3,2.05732
0.0,1,2.058328
0.0,1,2.059346
0.0,1,2.06039
0.0,1,2.061435
0.0,1,2.062481
-0.065789,2,2.064516
0.0,1,2.065533
-0.065789,2,2.067584
-0.065789,2,2.069625
0.0,1,2.070614
0.0,1,2.071656
0.0,1,2.072649
0.0,1,2.073701
0.276316,2,2.075795
0.0,1,2.076802
0.0,1,2.077837
0.0,1,2.078886
0.0,1,2.079922
0.0,1,2.080956
0.0,1,2.081969
0.0,1,2.082992
0.0,1,2.083998
-0.065789,2,2.086012
-0.065789,2,2.087966
0.276316,2,2.089967
0.0,1,2.090971
0.0,1,2.091972
0.0,1,2.092995
0.0,1,2.093987
0.0,1,2.095001
0.0,1,2.096031
0.0,1,2.097023
0.0,1,2.098045
0.276316,2,2.099976
0.276316,2,2.101904
0.0,1,2.102899
0.0,1,2.103883
0.0,1,2.104866
-0.065789,2,2.106808
0.0,1,2.107803
0.0,1,2.108775
0.276316,2,2.110755
-0.065789,2,2.112655
0.0,1,2.113631
0.0,1,2.114596
0.0,1,2.115583
-0.065789,2,2.117491
-0.065789,2,2.119484
0.0,1,2.120431
0.0,1,2.121422
0.0,1,2.122388
0.0,1,2.123395
-0.065789,2,2.125359
0.0,1,2.126301
0.0,1,2.127263
0.276316,2,2.129181
0.0,1,2.130179
0.276316,2,2.132113
0.0,1,2.133096
0.0,1,2.134112
-0.065789,2,2.136114
0.0,1,2.137057
0.0,1,2.138053
0.144737,4,2.141921
0.0,1,2.14291
0.0,1,2.143891
0.0,1,2.144983
0.0,1,2.146031
0.0,1,2.14706
0.0,1,2.148042
0.0,1,2.149038
-0.065789,2,2.151044
-0.065789,2,2.153065
0.276316,2,2.154909
0.0,1,2.155909
0.0,1,2.156939
0.276316,2,2.158935
0.0,1,2.159927
0.276316,2,2.161913
0.0,1,2.163042
0.0,1,2.164136
0.0,1,2.165204
0.276316,2,2.167538
0.276316,2,2.169753
0.0,1,2.171197
0.276316,2,2.173194
0.552632,3,2.176135
0.0,1,2.177125
-0.131579,3,2.181545
0.0,1,2.182662
0.276316,2,2.184759
0.276316,2,2.186786
0.0,1,2.188171
0.276316,2,2.190972
0.276316,2,2.193763
0.210526,3,2.197374
0.0,1,2.198376
-0.065789,2,2.200414
0.0,1,2.201462
0.0,1,2.202517
0.276316,2,2.204568
0.0,1,2.205615
0.0,1,2.206639
-0.065789,2,2.208797
0.276316,2,2.210885
0.0,1,2.211981
0.0,1,2.213012
0.0,1,2.214109
0.0,1,2.2151
-0.065789,2,2.21718
0.276316,2,2.219186
0.0,1,2.220233
0.0,1,2.221245
0.552632,3,2.224301
0.276316,2,2.22633
0.0,1,2.227383
0.276316,2,2.229445
0.0,1,2.230489
0.276316,2,2.232456
0.0,1,2.233665
0.0,1,2.234755
0.0,1,2.23582
-0.065789,2,2.237928
0.0,1,2.23895
0.0,1,2.240011
0.276316,2,2.242054
0.276316,2,2.244039
0.0,1,2.245077
0.0,1,2.246101
-0.131579,3,2.249181
-0.065789,2,2.251368
0.0,1,2.252437
0.276316,2,2.254521
0.0,1,2.255541
0.0,1,2.256531
0.210526,3,2.259638
0.0,1,2.260642
0.0,1,2.262353
-0.065789,2,2.265779
-0.065789,2,2.269151
0.0,1,2.270915
0.0,1,2.27187
0.0,1,2.272968
0.0,1,2.274036
0.0,1,2.27505
0.0,1,2.276018
0.144737,4,2.280138
0.0,1,2.281192
0.0,1,2.282217
-0.197368,4,2.286352
0.0,1,2.287365
0.0,1,2.288423
0.0,1,2.289527
0.0,1,2.290525
0.276316,2,2.292568
0.0,1,2.293567
-0.065789,2,2.295683
0.210526,3,2.299044
0.0,1,2.300034
0.0,1,2.301103
0.0,1,2.302195
0.0,1,2.303213
0.0,1,2.304224
0.0,1,2.305277
0.0,1,2.306339
0.0,1,2.307396
0.0,1,2.30841
0.0,1,2.309461
0.210526,3,2.312484
0.0,1,2.313511
0.276316,2,2.315657
-0.131579,3,2.318704
0.0,1,2.319747
0.0,1,2.320819
-0.065789,2,2.322964
0.0,1,2.324008
0.0,1,2.325047
0.0,1,2.326106
0.0,1,2.327142
0.0,1,2.32823
0.276316,2,2.330407
0.0,1,2.331432
-0.065789,2,2.333546
0.0,1,2.334523
0.0,1,2.335555
0.0,1,2.336583
0.0,1,2.337597
0.0,1,2.338639
0.486842,4,2.342702
0.0,1,2.343732
0.276316,2,2.345851
0.276316,2,2.348054
0.0,1,2.349074
0.0,1,2.350126
-0.065789,2,2.352176
0.0,1,2.353207
0.276316,2,2.355347
0.0,1,2.356378
-0.065789,2,2.358439
-0.065789,2,2.360519
0.0,1,2.361581
0.276316,2,2.363709
0.0,1,2.364733
0.0,1,2.365778
0.0,1,2.366837
0.0,1,2.367928
0.0,1,2.368939
0.0,1,2.369987
0.0,1,2.370999
0.0,1,2.371991
0.0,1,2.37301
0.0,1,2.374047
0.276316,2,2.376089
0.0,1,2.377114
0.276316,2,2.379105
0.276316,2,2.381097
0.0,1,2.382062
0.0,1,2.383305
0.0,1,2.384647
0.0,1,2.385997
-0.065789,2,2.388081
0.0,1,2.389158
0.0,1,2.390242
0.0,1,2.391253
0.0,1,2.392246
0.0,1,2.393247
0.552632,3,2.396352
0.276316,2,2.398514
0.0,1,2.399546
0.0,1,2.400585
0.0,1,2.401645
0.276316,2,2.40386
0.0,1,2.404914
0.0,1,2.405943
0.0,1,2.407046
0.0,1,2.408149
0.276316,2,2.410306
0.0,1,2.411318
0.0,1,2.412413
0.0,1,2.413463
0.0,1,2.414593
0.0,1,2.415598
0.0,1,2.416651
0.0,1,2.417633
0.0,1,2.419894
0.0,1,2.421895
0.0,1,2.423375
0.0,1,2.424802
0.0,1,2.42616
0.0,1,2.427553
0.276316,2,2.430388
0.552632,3,2.433508
0.0,1,2.434504
0.0,1,2.435525
0.0,1,2.436551
0.0,1,2.437567
0.0,1,2.438607
-0.065789,2,2.440625
0.0,1,2.441632
-0.065789,2,2.443569
0.276316,2,2.445564
0.0,1,2.44653
0.0,1,2.447491
-0.065789,2,2.449363
0.0,1,2.450343
0.276316,2,2.452332
0.0,1,2.453334
0.276316,2,2.455363
0.276316,2,2.457361
0.0,1,2.458386
0.0,1,2.459399
0.0,1,2.460401
0.276316,2,2.462408
0.0,1,2.463424
0.697368,3,2.466398
0.210526,3,2.469447
0.631579,4,2.473438
0.0,1,2.474457
0.0,1,2.475481
-0.065789,2,2.477386
0.0,1,2.478394
-0.065789,2,2.48034
0.0,1,2.481381
0.0,1,2.482865
0.0,1,2.484592
-0.065789,2,2.487978
0.0,1,2.489647
0.0,1,2.491309
0.0,1,2.492726
0.0,1,2.493719
0.276316,2,2.49573
0.697368,3,2.498683
0.0,1,2.499669
0.0,1,2.500654
-0.065789,2,2.50263
0.0,1,2.503634
0.0,1,2.50465
0.0,1,2.50562
0.0,1,2.506593
0.0,1,2.507545
0.0,1,2.508491
0.0,1,2.50944
0.144737,4,2.513284
0.0,1,2.514261
0.276316,2,2.516272
0.0,1,2.517275
0.0,1,2.518281
0.276316,2,2.520361
0.0,1,2.521373
0.0,1,2.522377
0.0,1,2.523373
0.0,1,2.524377
0.0,1,2.525383
0.0,1,2.526391
0.276316,2,2.528366
0.0,1,2.529379
0.0,1,2.530391
0.0,1,2.531386
0.0,1,2.532373
0.0,1,2.533344
0.0,1,2.534329
0.0,1,2.535332
0.0,1,2.536341
0.0,1,2.53734
0.0,1,2.538323
0.0,1,2.53927
0.0,1,2.540274
0.276316,2,2.542288
0.0,1,2.543299
0.276316,2,2.545264
0.0,1,2.546296
-0.065789,2,2.5483
0.0,1,2.549302
0.276316,2,2.551236
0.0,1,2.552253
0.0,1,2.553252
-0.065789,2,2.555364
0.0,1,2.556409
0.0,1,2.557421
-0.065789,2,2.559432
0.0,1,2.560414
-0.065789,2,2.562379
0.0,1,2.563365
0.0,1,2.564309
0.0,1,2.565281
-0.065789,2,2.567194
0.276316,2,2.569112
0.0,1,2.570088
0.0,1,2.57104
0.0,1,2.571977
0.0,1,2.57297
0.0,1,2.573993
0.0,1,2.575025
0.0,1,2.576042
0.0,1,2.57705
0.0,1,2.578053
0.276316,2,2.580104
0.0,1,2.581111
0.276316,2,2.583077
0.0,1,2.584083
0.0,1,2.58513
0.0,1,2.586156
-0.065789,2,2.588201
-0.065789,2,2.590189
0.0,1,2.591218
0.0,1,2.592226
0.0,1,2.593225
0.0,1,2.594249
0.0,1,2.595274
0.0,1,2.596272
0.0,1,2.597287
0.0,1,2.598352
0.0,1,2.599376
0.0,1,2.600394
0.0,1,2.601404
0.0,1,2.602409
0.0,1,2.603407
0.276316,2,2.605451
0.276316,2,2.607492
0.0,1,2.608483
0.0,1,2.609466
0.0,1,2.610503
0.0,1,2.611526
-0.065789,2,2.613493
0.0,1,2.614498
0.0,1,2.6155
0.0,1,2.616508
0.0,1,2.617509
0.0,1,2.618541
-0.065789,2,2.620526
0.0,1,2.621518
0.276316,2,2.623564
0.276316,2,2.625526
0.0,1,2.626559
0.0,1,2.627538
0.0,1,2.628545
0.0,1,2.629562
0.0,1,2.630579
-0.065789,2,2.632613
0.0,1,2.633608
0.0,1,2.634611
0.0,1,2.635642
0.0,1,2.636646
0.0,1,2.637655
-0.131579,3,2.640708
0.0,1,2.641726
0.486842,4,2.645744
0.0,1,2.646746
0.0,1,2.647756
0.0,1,2.648771
0.0,1,2.649785
0.0,1,2.650798
0.276316,2,2.652826
0.0,1,2.653814
0.210526,3,2.656818
0.276316,2,2.658852
0.0,1,2.659794
0.0,1,2.660782
0.0,1,2.661815
0.0,1,2.66282
0.0,1,2.664038
0.0,1,2.665233
0.0,1,2.666237
0.0,1,2.667246
0.0,1,2.66824
0.0,1,2.669249
-0.065789,2,2.671268
0.0,1,2.672268
0.0,1,2.673283
0.0,1,2.674291
0.0,1,2.675279
-0.131579,3,2.678296
0.210526,3,2.681227
0.0,1,2.68223
0.0,1,2.683237
0.0,1,2.684294
0.0,1,2.685299
0.0,1,2.686316
0.0,1,2.687321
0.0,1,2.688334
0.0,1,2.689331
0.0,1,2.690327
0.0,1,2.691315
0.0,1,2.692316
0.0,1,2.693317
0.0,1,2.694338
0.0,1,2.695317
0.0,1,2.696325
0.276316,2,2.698338
-0.065789,2,2.700291
0.0,1,2.701291
0.0,1,2.702724
0.0,1,2.703742
0.0,1,2.704734
0.0,1,2.705703
0.276316,2,2.707681
0.0,1,2.708611
0.276316,2,2.710574
-0.065789,2,2.712577
-0.065789,2,2.714519
0.0,1,2.715486
-0.065789,2,2.717344
0.0,1,2.718323
0.276316,2,2.72023
0.552632,3,2.723121
0.0,1,2.724073
0.276316,2,2.725946
0.0,1,2.726922
0.0,1,2.727912
0.0,1,2.728901
-0.065789,2,2.730868
-0.065789,2,2.732823
0.0,1,2.733799
0.0,1,2.735473
0.210526,3,2.740963
0.0,1,2.742932
0.0,1,2.744414
-0.065789,2,2.746437
0.0,1,2.747438
0.0,1,2.748406
0.276316,2,2.750455
0.0,1,2.75145
0.0,1,2.752467
0.0,1,2.753437
0.0,1,2.754461
0.552632,3,2.757456
-0.065789,2,2.759514
0.0,1,2.760565
0.0,1,2.761526
0.0,1,2.76259
0.0,1,2.763639
0.0,1,2.764654
0.0,1,2.765696
-0.065789,2,2.76782
0.0,1,2.768835
0.0,1,2.76984
-0.065789,2,2.77185
0.0,1,2.772811
0.0,1,2.77384
-0.131579,3,2.776933
0.0,1,2.777929
0.0,1,2.778965
0.0,1,2.780034
0.0,1,2.781099
0.0,1,2.782153
0.0,1,2.783206
0.0,1,2.784252
0.0,1,2.785297
0.0,1,2.7863
0.0,1,2.787364
-0.131579,3,2.790434
0.276316,2,2.792399
0.0,1,2.793393
0.0,1,2.794418
0.0,1,2.795402
-0.065789,2,2.797471
0.0,1,2.798498
0.697368,3,2.801514
-0.065789,2,2.803551
0.0,1,2.804521
0.0,1,2.805556
-0.065789,2,2.807539
0.0,1,2.808574
0.210526,3,2.8116
0.0,1,2.812559
0.276316,2,2.814623
0.0,1,2.815588
0.0,1,2.816641
0.276316,2,2.818659
0.0,1,2.819689
0.0,1,2.820666
0.552632,3,2.823699
0.144737,4,2.827752
0.0,1,2.828782
0.0,1,2.829816
-0.131579,3,2.832965
0.0,1,2.834039
0.0,1,2.835155
0.0,1,2.836224
-0.131579,3,2.839323
0.0,1,2.840348
0.0,1,2.84139
0.0,1,2.842474
0.276316,2,2.844503
0.0,1,2.845573
0.0,1,2.846635
0.0,1,2.847765
0.0,1,2.848735
0.0,1,2.849775
-0.065789,2,2.851758
0.0,1,2.852811
0.552632,3,2.855909
0.276316,2,2.857973
0.0,1,2.859017
0.0,1,2.860087
0.0,1,2.861057
0.0,1,2.862068
0.0,1,2.863156
0.0,1,2.864316
0.0,1,2.865354
0.0,1,2.866372
0.0,1,2.867414
0.0,1,2.868451
-0.065789,2,2.870461
0.0,1,2.871497
0.276316,2,2.873522
0.0,1,2.874487
0.0,1,2.875521
-0.065789,2,2.877463
0.0,1,2.878469
0.276316,2,2.880425
-0.065789,2,2.883439
0.0,1,2.885326
0.0,1,2.887104
0.276316,2,2.890556
0.0,1,2.89176
0.0,1,2.892791
0.0,1,2.893819
0.0,1,2.894844
0.0,1,2.895853
0.0,1,2.896855
0.0,1,2.897904
0.276316,2,2.899915
-0.065789,2,2.902004
0.0,1,2.902995
0.210526,3,2.906096
0.0,1,2.90718
0.0,1,2.908222
0.0,1,2.909246
0.0,1,2.910285
0.0,1,2.911308
0.0,1,2.912341
-0.065789,2,2.914357
-0.131579,3,2.919162
0.276316,2,2.9218
0.0,1,2.923121
0.0,1,2.924535
0.0,1,2.925938
0.0,1,2.92726
0.0,1,2.928599
0.552632,3,2.932569
0.0,1,2.933908
0.276316,2,2.936686
0.0,1,2.937819
0.0,1,2.938778
0.0,1,2.9398
0.0,1,2.940812
0.276316,2,2.942763
-0.065789,2,2.944826
0.0,1,2.945904
0.276316,2,2.947987
0.0,1,2.949026
0.0,1,2.949969
-0.065789,2,2.951931
0.0,1,2.95298
0.0,1,2.954049
0.0,1,2.955035
0.0,1,2.956082
-0.065789,2,2.958153
0.276316,2,2.960301
0.0,1,2.961345
0.0,1,2.96241
0.0,1,2.963464
0.0,1,2.964492
0.552632,3,2.967436
0.0,1,2.968407
0.0,1,2.969367
0.0,1,2.970361
0.0,1,2.97138
0.0,1,2.972376
0.0,1,2.973362
0.0,1,2.974359
0.0,1,2.975326
0.0,1,2.976333
0.0,1,2.977281
0.0,1,2.978298
0.0,1,2.979283
0.0,1,2.980325
0.0,1,2.98136
0.0,1,2.982365
0.0,1,2.983412
-0.065789,2,2.98543
0.0,1,2.986486
0.0,1,2.987429
0.210526,3,2.990474
-0.065789,2,2.992515
0.0,1,2.993486
-0.065789,2,2.995479
0.0,1,2.996469
0.0,1,2.997444
0.276316,2,2.999394
0.0,1,3.000347
0.0,1,3.001286
0.0,1,3.002294
0.276316,2,3.004297
0.0,1,3.005298
0.0,1,3.006302
0.0,1,3.007358
0.0,1,3.008366
0.0,1,3.009354
0.0,1,3.01042
-0.065789,2,3.0124
0.0,1,3.01337
0.0,1,3.014377
0.0,1,3.015367
0.0,1,3.016346
0.0,1,3.017386
0.0,1,3.018371
-0.065789,2,3.02034
0.0,1,3.021286
0.0,1,3.022261
0.0,1,3.023273
0.0,1,3.024317
0.0,1,3.025369
0.0,1,3.026379
0.0,1,3.027445
0.0,1,3.028458
0.276316,2,3.030457
0.0,1,3.031462
0.0,1,3.032433
-0.065789,2,3.034382
0.0,1,3.035338
0.276316,2,3.037294
0.0,1,3.038265
0.0,1,3.039259
-0.065789,2,3.041202
0.0,1,3.042209
0.0,1,3.043207
0.0,1,3.044213
-0.065789,2,3.046161
-0.065789,2,3.048131
0.0,1,3.049114
0.276316,2,3.051092
0.0,1,3.052069
0.0,1,3.053004
0.0,1,3.054002
0.0,1,3.055006
0.0,1,3.056004
0.0,1,3.056997
0.0,1,3.058015
0.0,1,3.059013
0.0,1,3.059964
0.0,1,3.060989
0.0,1,3.062019
0.0,1,3.063046
0.0,1,3.064041
0.276316,2,3.066054
0.210526,3,3.069091
-0.065789,2,3.071151
0.0,1,3.072128
0.0,1,3.073143
0.276316,2,3.07516
-0.065789,2,3.077273
0.0,1,3.078319
-0.065789,2,3.080303
0.0,1,3.081293
0.276316,2,3.083241
0.0,1,3.084297
0.0,1,3.085313
0.0,1,3.086349
0.0,1,3.087349
0.0,1,3.088382
0.0,1,3.089377
0.0,1,3.090335
0.552632,3,3.093355
0.0,1,3.094327
0.0,1,3.095299
0.0,1,3.096272
0.0,1,3.09731
0.0,1,3.098428
-0.065789,2,3.100466
0.276316,2,3.102438
0.0,1,3.10347
0.276316,2,3.105443
0.276316,2,3.107412
0.0,1,3.108421
0.0,1,3.109412
0.0,1,3.110412
0.0,1,3.111368
0.0,1,3.112359
0.276316,2,3.114343
0.0,1,3.115349
0.0,1,3.120502
0.0,1,3.121504
0.276316,2,3.123567
0.276316,2,3.125747
0.0,1,3.126807
0.276316,2,3.129846
0.0,1,3.131971
0.0,1,3.133646
0.0,1,3.134998
0.0,1,3.136211
0.0,1,3.137501
0.697368,3,3.14091
0.0,1,3.142005
-0.065789,2,3.144093
0.0,1,3.145163
0.276316,2,3.147243
0.0,1,3.14865
0.0,1,3.150333
0.0,1,3.151367
-0.263158,5,3.156608
0.276316,2,3.158677
0.276316,2,3.160623
-0.065789,2,3.16265
0.0,1,3.163696
0.0,1,3.165066
0.0,1,3.166481
-0.131579,3,3.170017
0.276316,2,3.171982
0.0,1,3.172963
0.0,1,3.173966
0.0,1,3.174932
-0.065789,2,3.17688
0.0,1,3.177872
0.0,1,3.178878
0.0,1,3.179862
0.276316,2,3.18202
-0.065789,2,3.18411
0.0,1,3.185239
0.0,1,3.186244
0.0,1,3.18725
0.0,1,3.188251
0.0,1,3.189232
0.0,1,3.190262
0.276316,2,3.192227
0.276316,2,3.194239
0.276316,2,3.196127
0.0,1,3.197115
0.0,1,3.198207
0.276316,2,3.20017
0.0,1,3.201146
0.0,1,3.202134
0.0,1,3.203122
0.0,1,3.204105
0.0,1,3.205094
0.0,1,3.206114
0.0,1,3.207131
-0.065789,2,3.209126
0.697368,3,3.212086
0.0,1,3.213081
0.0,1,3.214079
0.0,1,3.215104
0.0,1,3.216099
-0.131579,3,3.219029
0.0,1,3.220025
0.276316,2,3.222027
0.0,1,3.223043
0.0,1,3.224019
0.0,1,3.22535
0.0,1,3.226698
0.0,1,3.228103
0.0,1,3.229453
0.0,1,3.230796
0.0,1,3.232107
0.0,1,3.233446
0.276316,2,3.236157
0.0,1,3.237283
0.0,1,3.238327
0.0,1,3.239329
-0.065789,2,3.241365
0.0,1,3.242383
0.0,1,3.243422
0.0,1,3.244481
0.0,1,3.245493
0.0,1,3.24651
0.276316,2,3.248575
0.0,1,3.249586
0.0,1,3.2506
-0.065789,2,3.252657
0.0,1,3.253623
0.0,1,3.25465
0.0,1,3.255609
0.0,1,3.256619
0.0,1,3.257612
0.0,1,3.258619
0.0,1,3.25963
0.0,1,3.260625
-0.131579,3,3.264216
0.0,1,3.265192
0.0,1,3.266205
0.0,1,3.267192
0.421053,5,3.272132
0.0,1,3.273149
0.0,1,3.27417
0.210526,3,3.277134
0.0,1,3.278152
0.0,1,3.279106
0.697368,3,3.28206
0.276316,2,3.283949
0.0,1,3.285038
0.0,1,3.286055
0.0,1,3.287059
0.0,1,3.288052
0.276316,2,3.289989
0.0,1,3.290996
0.0,1,3.292006
0.0,1,3.292999
0.0,1,3.294003
0.276316,2,3.295995
0.0,1,3.296991
0.0,1,3.297999
0.0,1,3.298941
0.0,1,3.299965
0.0,1,3.300936
0.0,1,3.301871
0.0,1,3.302911
0.0,1,3.303916
0.0,1,3.304909
0.0,1,3.305896
0.0,1,3.306875
0.276316,2,3.308827
0.276316,2,3.310809
0.0,1,3.311757
0.0,1,3.312742
0.0,1,3.313712
0.0,1,3.314718
-0.065789,2,3.316676
0.210526,3,3.319638
0.0,1,3.320576
0.0,1,3.321509
0.0,1,3.322517
0.0,1,3.32351
0.0,1,3.324514
0.0,1,3.325451
0.0,1,3.326437
0.0,1,3.327423
0.0,1,3.328433
0.0,1,3.329426
0.0,1,3.330411
0.0,1,3.331417
0.0,1,3.332388
0.0,1,3.333396
-0.065789,2,3.335408
0.0,1,3.336374
0.0,1,3.337299
0.0,1,3.338323
0.0,1,3.339303
-0.065789,2,3.341263
0.276316,2,3.34324
0.0,1,3.344216
0.0,1,3.345206
0.0,1,3.346206
0.0,1,3.3472
0.0,1,3.348191
0.210526,3,3.351141
0.0,1,3.352106
0.0,1,3.353094
-0.065789,2,3.355006
0.0,1,3.355981
0.552632,3,3.358818
0.0,1,3.359794
0.0,1,3.360777
0.0,1,3.361753
0.0,1,3.362752
0.276316,2,3.364732
0.0,1,3.36569
-0.065789,2,3.367653
0.0,1,3.368647
0.210526,3,3.371573
0.276316,2,3.37359
0.0,1,3.3746
0.0,1,3.375591
0.0,1,3.376595
0.0,1,3.377594
0.0,1,3.378592
0.0,1,3.379599
0.0,1,3.380594
-0.065789,2,3.38252
0.552632,3,3.385482
0.0,1,3.386504
0.276316,2,3.388455
0.276316,2,3.390419
0.0,1,3.391402
0.0,1,3.392353
0.0,1,3.393361
0.0,1,3.394351
-0.065789,2,3.396355
0.0,1,3.397341
0.0,1,3.398339
0.0,1,3.399331
0.0,1,3.400315
0.0,1,3.401292
0.0,1,3.402297
0.0,1,3.403321
0.0,1,3.404276
-0.065789,2,3.406207
0.276316,2,3.408193
0.0,1,3.409211
0.276316,2,3.411222
0.276316,2,3.4132
0.0,1,3.414189
-0.065789,2,3.416123
-0.065789,2,3.418051
0.486842,4,3.421959
0.0,1,3.422941
0.552632,3,3.425812
0.552632,3,3.428698
-0.065789,2,3.430687
0.0,1,3.431696
0.0,1,3.432682
0.0,1,3.433665
0.0,1,3.434675
0.0,1,3.435653
0.276316,2,3.437624
0.0,1,3.438611
0.0,1,3.439591
0.0,1,3.440585
0.0,1,3.44153
0.0,1,3.442531
0.0,1,3.44347
0.0,1,3.444496
0.0,1,3.445456
0.0,1,3.44648
0.0,1,3.447488
0.0,1,3.448471
0.276316,2,3.450426
0.0,1,3.451404
0.276316,2,3.453384
0.0,1,3.454388
0.0,1,3.455392
0.0,1,3.456388
0.0,1,3.457375
0.0,1,3.458364
0.0,1,3.459342
0.0,1,3.460322
0.210526,3,3.463298
0.0,1,3.464277
0.0,1,3.465274
0.0,1,3.466265
0.0,1,3.467257
0.0,1,3.468223
0.0,1,3.469215
0.276316,2,3.4712
0.0,1,3.472182
0.0,1,3.473179
0.276316,2,3.475146
0.0,1,3.476118
0.0,1,3.477127
0.0,1,3.478106
0.210526,3,3.481051
-0.065789,2,3.482995
0.0,1,3.483924
-0.065789,2,3.485898
0.0,1,3.486864
-0.065789,2,3.488825
0.0,1,3.489771
0.552632,3,3.492697
0.0,1,3.493693
0.0,1,3.494712
0.0,1,3.495726
0.0,1,3.496718
0.0,1,3.497687
0.0,1,3.498673
0.0,1,3.499673
0.0,1,3.500694
0.0,1,3.501661
0.0,1,3.502695
0.0,1,3.503706
0.276316,2,3.50565
0.0,1,3.506642
0.0,1,3.507619
0.0,1,3.508572
0.276316,2,3.510562
0.276316,2,3.512495
0.0,1,3.513497
0.0,1,3.514515
0.0,1,3.515476
0.0,1,3.516481
0.0,1,3.517495
0.0,1,3.518505
0.0,1,3.519509
0.0,1,3.520513
0.0,1,3.5215
0.0,1,3.52249
-0.065789,2,3.524433
0.0,1,3.525437
0.0,1,3.526434
0.276316,2,3.528425
0.276316,2,3.530389
-0.065789,2,3.532293
0.0,1,3.533269
0.0,1,3.534252
0.0,1,3.535194
0.0,1,3.536139
0.0,1,3.537112
0.0,1,3.538059
0.0,1,3.539031
0.0,1,3.540013
0.697368,3,3.542998
-0.065789,2,3.544941
0.276316,2,3.546856
0.276316,2,3.548901
0.0,1,3.549897
0.0,1,3.550906
0.0,1,3.55189
0.276316,2,3.553863
0.0,1,3.554849
0.0,1,3.555816
0.0,1,3.556853
0.0,1,3.557806
0.0,1,3.55881
0.0,1,3.559789
0.0,1,3.56079
0.0,1,3.561768
0.276316,2,3.565274
0.0,1,3.566906
0.0,1,3.568273
-0.065789,2,3.570982
0.0,1,3.572316
-0.131579,3,3.5768
0.0,1,3.578505
0.0,1,3.580018
-0.065789,2,3.582821
0.276316,2,3.585888
0.552632,3,3.589983
0.0,1,3.591341
0.0,1,3.59269
0.276316,2,3.595166
0.0,1,3.596163
0.144737,4,3.600174
0.0,1,3.601128
0.0,1,3.602132
0.0,1,3.603077
-0.065789,2,3.605074
0.0,1,3.606072
0.0,1,3.607058
-0.065789,2,3.609017
0.0,1,3.610011
-0.065789,2,3.611945
-0.065789,2,3.613867
-0.065789,2,3.615845
0.0,1,3.616811
0.0,1,3.6178
0.0,1,3.618787
-0.065789,2,3.62074
0.0,1,3.621718
-0.065789,2,3.623687
0.0,1,3.62465
0.0,1,3.625647
0.0,1,3.626629
0.0,1,3.627603
0.0,1,3.628593
0.0,1,3.629552
-0.131579,3,3.632462
0.0,1,3.633443
0.0,1,3.634419
0.0,1,3.635371
0.697368,3,3.638299
0.0,1,3.639278
-0.065789,2,3.641247
0.0,1,3.642222
-0.065789,2,3.644165
-0.065789,2,3.646138
0.276316,2,3.648115
0.0,1,3.649149
0.0,1,3.65013
0.0,1,3.651135
0.0,1,3.652104
0.276316,2,3.654043
-0.065789,2,3.655982
0.0,1,3.656942
0.0,1,3.657935
0.0,1,3.658915
0.0,1,3.659891
0.697368,3,3.662796
0.276316,2,3.66472
0.0,1,3.665742
0.0,1,3.666735
0.0,1,3.66769
0.0,1,3.668618
-0.065789,2,3.670544
-0.065789,2,3.672408
0.0,1,3.67338
0.0,1,3.674361
0.0,1,3.675341
0.0,1,3.676277
0.0,1,3.677279
0.0,1,3.678251
0.0,1,3.679201
0.0,1,3.680177
0.0,1,3.681126
0.0,1,3.682115
-0.065789,2,3.684002
0.0,1,3.685015
0.0,1,3.686038
0.552632,3,3.68886
0.276316,2,3.69084
0.276316,2,3.692756
0.0,1,3.693728
0.552632,3,3.696636
0.0,1,3.697599
0.0,1,3.698592
-0.131579,3,3.701489
0.0,1,3.702482
0.0,1,3.703535
0.276316,2,3.705596
0.0,1,3.706593
0.0,1,3.707621
0.0,1,3.708649
0.0,1,3.709655
0.0,1,3.710702
0.0,1,3.711714
-0.131579,3,3.714644
0.0,1,3.715666
0.0,1,3.716667
0.0,1,3.717685
0.0,1,3.718691
0.0,1,3.719692
0.276316,2,3.721621
0.0,1,3.722631
0.0,1,3.723637
0.0,1,3.724638
0.0,1,3.725627
0.0,1,3.726624
0.0,1,3.72763
0.276316,2,3.729602
0.0,1,3.730608
0.0,1,3.731611
0.0,1,3.732596
0.0,1,3.733603
0.0,1,3.734607
0.276316,2,3.736629
0.0,1,3.73761
0.0,1,3.738623
0.0,1,3.739634
0.0,1,3.740621
0.276316,2,3.742641
0.0,1,3.743645
-0.065789,2,3.745631
-0.065789,2,3.747618
0.276316,2,3.749575
0.0,1,3.750584
0.0,1,3.75158
0.0,1,3.752567
0.0,1,3.75356
0.276316,2,3.755589
0.276316,2,3.757572
0.0,1,3.758511
0.0,1,3.759451
0.0,1,3.760406
0.276316,2,3.762363
0.0,1,3.763397
-0.065789,2,3.765395
0.0,1,3.766383
0.0,1,3.767334
0.210526,3,3.770311
0.0,1,3.771348
0.276316,2,3.77333
0.276316,2,3.775346
0.0,1,3.776384
0.0,1,3.777417
0.0,1,3.778408
0.276316,2,3.780403
0.0,1,3.781409
-0.131579,3,3.784483
0.0,1,3.785598
0.0,1,3.786618
0.0,1,3.787657
-0.065789,2,3.789664
0.0,1,3.790602
-0.065789,2,3.79255
-0.065789,2,3.794485
0.0,1,3.795445
0.0,1,3.796448
0.0,1,3.797453
0.0,1,3.798452
0.0,1,3.799453
0.0,1,3.800453
-0.131579,3,3.803356
0.0,1,3.804369
0.0,1,3.805344
0.276316,2,3.807346
-0.065789,2,3.809353
0.276316,2,3.81144
-0.065789,2,3.813775
0.276316,2,3.815895
0.0,1,3.816936
0.0,1,3.81796
0.276316,2,3.820029
0.0,1,3.821087
0.276316,2,3.823141
-0.065789,2,3.825143
0.0,1,3.82619
0.0,1,3.827216
0.276316,2,3.829087
0.0,1,3.830148
0.0,1,3.831146
-0.065789,2,3.83318
-0.065789,2,3.835458
0.0,1,3.83739
0.0,1,3.838466
0.0,1,3.839505
0.0,1,3.840522
0.0,1,3.841552
0.0,1,3.842564
0.276316,2,3.844622
-0.065789,2,3.846599
0.276316,2,3.848504
0.0,1,3.849488
0.0,1,3.850469
0.0,1,3.851417
0.0,1,3.852372
0.0,1,3.853333
0.552632,3,3.85627
0.0,1,3.857294
0.0,1,3.858323
0.0,1,3.859353
0.0,1,3.860331
-0.131579,3,3.863363
-0.065789,2,3.865374
0.210526,3,3.868414
0.0,1,3.869458
0.0,1,3.871041
0.0,1,3.872804
0.0,1,3.874443
0.276316,2,3.87727
0.0,1,3.878597
0.0,1,3.880015
0.276316,2,3.882583
0.0,1,3.883601
0.276316,2,3.885659
0.0,1,3.886708
0.276316,2,3.888746
0.0,1,3.889753
0.0,1,3.890741
0.0,1,3.891718
0.276316,2,3.893691
0.0,1,3.894705
0.276316,2,3.896655
0.0,1,3.897638
0.0,1,3.898641
0.0,1,3.899637
0.0,1,3.900636
-0.131579,3,3.903714
0.0,1,3.904728
0.0,1,3.905743
0.0,1,3.906784
0.210526,3,3.909775
0.0,1,3.910815
0.0,1,3.911827
-0.197368,4,3.915874
0.0,1,3.916897
0.0,1,3.917903
0.0,1,3.918926
0.0,1,3.919942
-0.065789,2,3.921926
0.0,1,3.922914
0.0,1,3.92392
0.0,1,3.924942
0.0,1,3.925963
0.0,1,3.927012
0.0,1,3.927984
-0.065789,2,3.929973
0.0,1,3.930994
0.0,1,3.932011
0.0,1,3.933019
0.0,1,3.934027
0.0,1,3.935059
0.697368,3,3.938074
0.0,1,3.93911
0.276316,2,11.688955
0.276316,2,11.693264
0.0,1,11.694975
0.0,1,11.69692
0.0,1,11.698775
0.276316,2,11.70177
0.0,1,11.703352
0.0,1,11.70491
0.0,1,11.706534
0.0,1,11.708125
0.276316,2,11.71103
0.276316,2,11.713891
0.276316,2,11.71688
0.0,1,11.718348
0.276316,2,11.721184
0.276316,2,11.723968
-0.065789,2,11.727685
0.0,1,11.729546
-0.065789,2,11.733251
0.0,1,11.735032
0.0,1,11.736259
0.276316,2,11.738952
0.0,1,11.7405
0.0,1,11.741861
0.486842,4,11.747302
0.276316,2,11.750884
0.0,1,11.752722
-0.065789,2,11.75594
0.276316,2,11.75804
0.210526,3,11.761238
0.276316,2,11.763313
-0.065789,2,11.765978
0.276316,2,11.76889
0.276316,2,11.771737
0.0,1,11.773314
-0.065789,2,11.77636
0.552632,3,11.781344
0.276316,2,11.78456
0.276316,2,11.78755
0.276316,2,11.790437
0.0,1,11.791965
0.0,1,11.793328
0.0,1,11.794826
0.0,1,11.79636
0.276316,2,11.799337
-0.065789,2,11.80227
0.0,1,11.803788
0.0,1,11.805338
0.0,1,11.806605
0.697368,3,11.809891
0.0,1,11.811043
0.210526,3,11.814121
-0.065789,2,11.816113
0.0,1,11.817076
0.276316,2,11.81907
0.0,1,11.820076
0.276316,2,11.822165
0.0,1,11.823149
0.0,1,11.824149
0.276316,2,11.826217
0.0,1,11.827222
0.276316,2,11.829155
0.276316,2,11.831154
0.0,1,11.832157
0.276316,2,11.834167
-0.065789,2,11.836122
0.0,1,11.837101
0.0,1,11.838197
-0.065789,2,11.840182
0.0,1,11.841192
0.0,1,11.842223
0.0,1,11.843205
0.276316,2,11.845199
0.0,1,11.846195
0.276316,2,11.848197
0.0,1,11.849199
0.552632,3,11.852183
0.276316,2,11.854181
-0.131579,3,11.857235
0.276316,2,11.859231
0.0,1,11.860204
0.276316,2,11.862191
0.0,1,11.863205
0.0,1,11.864189
0.0,1,11.865208
0.0,1,11.866205
0.0,1,11.867211
0.276316,2,11.869153
0.276316,2,11.87114
0.0,1,11.872209
0.0,1,11.873207
0.0,1,11.874221
0.0,1,11.875226
0.276316,2,11.877227
-0.065789,2,11.879202
0.276316,2,11.88117
0.0,1,11.882192
0.0,1,11.883195
-0.065789,2,11.885152
0.0,1,11.886142
0.0,1,11.887156
0.0,1,11.888212
0.0,1,11.889226
0.0,1,11.890232
0.276316,2,11.892227
0.0,1,11.893256
0.0,1,11.894211
-0.065789,2,11.896178
0.0,1,11.89713
0.0,1,11.89814
0.210526,3,11.901181
0.0,1,11.902206
0.276316,2,11.904233
0.276316,2,11.906327
0.276316,2,11.908381
-0.065789,2,11.910402
0.0,1,11.911426
0.0,1,11.912449
0.0,1,11.913444
0.552632,3,11.916516
0.276316,2,11.91854
0.276316,2,11.920573
0.0,1,11.921677
0.0,1,11.922711
0.276316,2,11.924788
0.276316,2,11.926847
0.276316,2,11.928864
0.0,1,11.929864
0.0,1,11.930854
0.0,1,11.931887
0.276316,2,11.933867
0.0,1,11.93492
0.276316,2,11.936915
0.276316,2,11.93898
0.0,1,11.940013
0.210526,3,11.943048
0.0,1,11.94408
0.276316,2,11.946125
0.0,1,11.947144
0.0,1,11.94817
0.276316,2,11.950205
0.276316,2,11.952216
0.276316,2,11.954244
0.0,1,11.955352
0.697368,3,11.958355
0.0,1,11.959373
-0.065789,2,11.961368
0.0,1,11.962419
0.276316,2,11.964417
0.276316,2,11.966472
0.0,1,11.967438
0.276316,2,11.969533
0.276316,2,11.971659
0.0,1,11.972729
-0.065789,2,11.974782
0.0,1,11.975802
0.276316,2,11.977983
-0.065789,2,11.980001
0.0,1,11.980968
0.0,1,11.982013
0.0,1,11.983046
0.0,1,11.984052
0.276316,2,11.986117
0.0,1,11.987131
0.276316,2,11.989239
0.0,1,11.990299
0.276316,2,11.992342
0.0,1,11.993432
0.0,1,11.994481
0.276316,2,11.99648
0.0,1,11.997459
0.486842,4,12.001462
0.0,1,12.002512
0.210526,3,12.005614
0.276316,2,12.007596
0.0,1,12.008563
0.0,1,12.009558
0.276316,2,12.011561
0.0,1,12.012517
0.276316,2,12.014544
0.0,1,12.015572
-0.065789,2,12.017576
0.0,1,12.018617
0.0,1,12.019591
0.0,1,12.020627
0.0,1,12.021683
0.0,1,12.022716
0.0,1,12.02371
0.276316,2,12.025712
0.0,1,12.026736
0.276316,2,12.028664
0.0,1,12.029632
0.0,1,12.030657
0.0,1,12.031649
0.276316,2,12.033593
0.0,1,12.034604
0.0,1,12.035594
0.276316,2,12.037537
0.276316,2,12.039608
0.276316,2,12.041631
0.276316,2,12.04367
0.0,1,12.044693
0.276316,2,12.046672
0.0,1,12.04771
0.552632,3,12.050752
0.0,1,12.051781
0.0,1,12.052823
0.552632,3,12.055898
0.276316,2,12.057893
0.0,1,12.058923
0.0,1,12.059946
0.697368,3,12.062931
0.0,1,12.063921
-0.065789,2,12.065944
0.0,1,12.066971
0.276316,2,12.068941
0.0,1,12.069991
0.0,1,12.071007
0.0,1,12.072119
0.0,1,12.073134
0.0,1,12.074121
0.0,1,12.075174
0.0,1,12.076184
0.0,1,12.077174
0.0,1,12.078221
0.0,1,12.079202
0.276316,2,12.08122
0.0,1,12.08227
0.0,1,12.083246
0.0,1,12.084304
0.0,1,12.085266
0.0,1,12.086316
0.0,1,12.08731
0.0,1,12.088417
0.0,1,12.089389
0.276316,2,12.091456
0.276316,2,12.093519
0.276316,2,12.095536
0.0,1,12.096537
0.0,1,12.097577
0.276316,2,12.099568
0.0,1,12.100564
0.0,1,12.101547
0.276316,2,12.10373
-0.065789,2,12.105747
-0.065789,2,12.107799
0.276316,2,12.109748
-0.065789,2,12.111711
0.697368,3,12.114687
0.0,1,12.115665
0.0,1,12.116616
0.0,1,12.117548
0.0,1,12.118512
-0.065789,2,12.120449
0.0,1,12.121389
0.0,1,12.122466
0.0,1,12.123441
0.276316,2,12.125505
0.552632,3,12.128555
0.0,1,12.12958
-0.065789,2,12.13159
-0.065789,2,12.133642
0.276316,2,12.135651
0.276316,2,12.137656
0.276316,2,12.139793
0.276316,2,12.141762
0.0,1,12.142772
0.276316,2,12.144765
0.0,1,12.145766
0.0,1,12.14676
0.276316,2,12.148805
0.552632,3,12.151842
0.0,1,12.152797
0.276316,2,12.154784
0.276316,2,12.156878
0.0,1,12.157907
0.0,1,12.15894
0.276316,2,12.160916
0.0,1,12.161939
0.276316,2,12.164051
0.276316,2,12.166068
-0.065789,2,12.16807
0.0,1,12.16903
0.0,1,12.170097
0.276316,2,12.172249
0.0,1,12.173284
0.276316,2,12.175332
0.0,1,12.176356
0.0,1,12.17739
0.0,1,12.178406
0.0,1,12.179379
0.0,1,12.18043
-0.065789,2,12.182481
0.276316,2,12.189755
0.0,1,12.190883
-0.065789,2,12.193059
0.210526,3,12.196563
0.276316,2,12.201051
0.0,1,12.202555
0.0,1,12.203695
0.0,1,12.205222
0.0,1,12.206352
0.0,1,12.207627
0.0,1,12.20898
0.0,1,12.210349
0.276316,2,12.2129
0.0,1,12.21396
0.552632,3,12.216998
0.276316,2,12.219128
0.276316,2,12.221189
0.0,1,12.222537
0.0,1,12.224033
0.276316,2,12.226887
0.276316,2,12.230415
0.276316,2,12.23331
0.276316,2,12.236139
0.631579,4,12.24237
0.0,1,12.243505
0.0,1,12.244533
0.276316,2,12.246539
0.0,1,12.247567
0.0,1,12.248585
0.276316,2,12.250584
0.0,1,12.251599
0.0,1,12.252647
0.0,1,12.253692
0.0,1,12.254699
-0.065789,2,12.257159
-0.065789,2,12.260015
0.276316,2,12.261888
0.0,1,12.262911
0.0,1,12.263886
0.276316,2,12.265822
0.276316,2,12.2678
0.276316,2,12.269799
0.0,1,12.270813
0.0,1,12.271965
0.0,1,12.272982
0.210526,3,12.27584
0.0,1,12.276816
0.0,1,12.277784
0.0,1,12.278772
0.0,1,12.279723
0.276316,2,12.281734
0.0,1,12.282706
0.0,1,12.283694
0.0,1,12.284724
0.276316,2,12.286647
0.0,1,12.287643
0.276316,2,12.289723
0.276316,2,12.291709
-0.065789,2,12.293732
-0.065789,2,12.295704
0.276316,2,12.297714
0.0,1,12.298682
0.0,1,12.299682
0.276316,2,12.301752
0.276316,2,12.303718
0.276316,2,12.305777
0.697368,3,12.308611
0.0,1,12.309628
0.0,1,12.310591
0.276316,2,12.312949
0.0,1,12.314073
0.697368,3,12.317182
-0.065789,2,12.31923
0.0,1,12.320184
0.0,1,12.321159
0.0,1,12.32222
0.0,1,12.323215
0.0,1,12.324219
0.276316,2,12.3262
0.0,1,12.32716
0.0,1,12.328156
0.276316,2,12.330116
0.0,1,12.331079
0.0,1,12.332081
0.276316,2,12.334087
0.0,1,12.335034
-0.131579,3,12.337955
0.0,1,12.339002
0.0,1,12.339956
0.552632,3,12.342961
0.0,1,12.343963
-0.065789,2,12.345889
0.0,1,12.346886
0.0,1,12.347901
0.697368,3,12.350844
0.276316,2,12.352803
0.0,1,12.353804
0.0,1,12.355503
0.276316,2,12.358858
0.0,1,12.360562
0.0,1,12.362248
0.276316,2,12.365388
0.276316,2,12.367414
0.276316,2,12.36944
0.0,1,12.370474
0.0,1,12.371482
0.0,1,12.372484
0.552632,3,12.375439
0.0,1,12.376441
-0.065789,2,12.378431
0.0,1,12.37946
0.276316,2,12.381465
0.276316,2,12.385126
0.276316,2,12.388278
0.0,1,12.3897
0.0,1,12.391108
0.697368,3,12.395287
0.0,1,12.396357
0.0,1,12.397379
0.276316,2,12.399377
0.276316,2,12.401379
0.0,1,12.40241
0.0,1,12.403485
0.0,1,12.404519
0.276316,2,12.406488
0.276316,2,12.408524
0.0,1,12.409513
0.0,1,12.410516
0.0,1,12.411497
0.0,1,12.412509
0.0,1,12.413513
0.0,1,12.414505
0.0,1,12.415493
0.276316,2,12.417427
0.276316,2,12.419506
0.0,1,12.420502
0.0,1,12.42151
0.0,1,12.422513
-0.065789,2,12.424512
0.0,1,12.425512
0.276316,2,12.427532
0.0,1,12.428527
0.0,1,12.429504
0.276316,2,12.43149
0.0,1,12.432479
0.0,1,12.433464
0.697368,3,12.436511
0.0,1,12.437528
0.0,1,12.438512
0.0,1,12.43952
0.276316,2,12.441513
0.0,1,12.442523
0.0,1,12.443558
0.276316,2,12.445538
0.0,1,12.446543
0.276316,2,12.448547
0.552632,3,12.45154
0.0,1,12.452487
0.0,1,12.453443
0.276316,2,12.455429
0.0,1,12.456439
0.0,1,12.457462
-0.065789,2,12.459615
0.0,1,12.460666
0.0,1,12.461689
0.276316,2,12.463738
0.0,1,12.464745
0.276316,2,12.466757
0.973684,4,12.470799
0.0,1,12.471762
0.0,1,12.472776
0.0,1,12.47378
0.0,1,12.474778
0.276316,2,12.476828
0.276316,2,12.478861
0.0,1,12.47989
0.276316,2,12.481966
0.276316,2,12.483969
0.0,1,12.484951
0.276316,2,12.486974
0.276316,2,12.488978
0.0,1,12.490013
-0.065789,2,12.492555
0.0,1,12.494365
0.552632,3,12.499195
0.276316,2,12.501821
0.0,1,12.503177
-0.065789,2,12.505816
0.0,1,12.507169
0.276316,2,12.509218
0.0,1,12.510258
0.0,1,12.51125
0.0,1,12.51228
0.276316,2,12.514336
-0.065789,2,12.516392
0.0,1,12.517361
0.0,1,12.518404
0.0,1,12.519434
0.276316,2,12.521435
0.0,1,12.522437
0.0,1,12.523478
0.0,1,12.524509
0.0,1,12.525511
0.276316,2,12.527523
0.0,1,12.528518
-0.065789,2,12.530542
0.0,1,12.531516
0.0,1,12.532546
0.0,1,12.533585
0.697368,3,12.536567
0.0,1,12.53757
0.0,1,12.538543
0.276316,2,12.540601
0.0,1,12.541608
0.276316,2,12.543625
0.0,1,12.544627
0.0,1,12.545664
0.0,1,12.546673
0.0,1,12.547709
0.276316,2,12.549708
0.0,1,12.550757
0.276316,2,12.552768
0.276316,2,12.55478
0.0,1,12.555792
0.697368,3,12.558735
0.0,1,12.559675
-0.065789,2,12.561623
0.552632,3,12.564557
0.0,1,12.565533
0.0,1,12.566512
0.276316,2,12.568548
0.0,1,12.569573
0.0,1,12.570605
0.0,1,12.571637
0.0,1,12.572663
0.0,1,12.573641
-0.065789,2,12.575656
0.0,1,12.576653
0.0,1,12.57768
0.0,1,12.578682
0.276316,2,12.580684
0.552632,3,12.583727
0.0,1,12.584702
0.276316,2,12.586681
0.0,1,12.587597
0.0,1,12.588647
0.0,1,12.589615
0.276316,2,12.591649
0.0,1,12.592639
0.276316,2,12.594715
0.0,1,12.595744
-0.131579,3,12.598789
0.276316,2,12.600782
0.0,1,12.601767
0.276316,2,12.603751
0.276316,2,12.605725
0.0,1,12.606733
0.276316,2,12.608728
0.276316,2,12.610741
0.697368,3,12.613809
0.0,1,12.614808
0.276316,2,12.616817
0.0,1,12.617843
0.0,1,12.618873
0.0,1,12.619896
0.0,1,12.620919
0.0,1,12.621908
0.0,1,12.6229
-0.065789,2,12.62493
0.276316,2,12.626917
0.210526,3,12.62992
0.276316,2,12.631976
0.0,1,12.632974
0.0,1,12.633983
0.0,1,12.635016
0.276316,2,12.636987
0.0,1,12.637994
0.0,1,12.639026
0.0,1,12.640049
0.210526,3,12.643087
-0.065789,2,12.64506
0.0,1,12.646076
0.276316,2,12.648101
0.0,1,12.649085
0.0,1,12.65013
0.210526,3,12.653078
0.0,1,12.654076
-0.065789,2,12.656106
0.0,1,12.657133
0.0,1,12.658141
0.276316,2,12.660124
0.0,1,12.661151
0.0,1,12.662191
-0.131579,3,12.665204
0.276316,2,12.667225
0.276316,2,12.66927
-0.065789,2,12.671286
0.276316,2,12.673307
0.0,1,12.67432
0.0,1,12.675354
0.0,1,12.676293
0.276316,2,12.678314
0.276316,2,12.680376
0.0,1,12.68137
0.552632,3,12.685924
0.276316,2,12.688533
0.0,1,12.689806
0.276316,2,12.692531
0.0,1,12.693564
0.0,1,12.694571
0.276316,2,12.696554
-0.065789,2,12.698532
-0.065789,2,12.70052
-0.065789,2,12.70252
0.0,1,12.703566
0.276316,2,12.70554
0.0,1,12.706484
0.697368,3,12.709469
0.0,1,12.71049
0.276316,2,12.712515
0.210526,3,12.715569
0.552632,3,12.718645
0.0,1,12.719645
0.0,1,12.720589
0.276316,2,12.72252
0.0,1,12.723517
0.0,1,12.724554
0.0,1,12.725502
0.276316,2,12.727502
0.0,1,12.728549
0.276316,2,12.730565
0.0,1,12.731601
0.0,1,12.732643
0.552632,3,12.735608
0.276316,2,12.737488
0.276316,2,12.739474
0.0,1,12.740476
-0.065789,2,12.742488
0.276316,2,12.744488
0.0,1,12.745489
0.276316,2,12.747479
0.276316,2,12.74949
0.0,1,12.750467
0.0,1,12.751544
0.0,1,12.752569
0.0,1,12.753586
0.0,1,12.754566
0.0,1,12.755566
0.0,1,12.756584
0.0,1,12.757582
0.0,1,12.758554
0.0,1,12.75956
0.0,1,12.760568
0.0,1,12.761572
0.0,1,12.762572
0.276316,2,12.764642
0.0,1,12.765605
0.0,1,12.766619
0.276316,2,12.768667
0.0,1,12.769689
0.276316,2,12.771629
0.276316,2,12.773603
0.0,1,12.774567
0.0,1,12.775538
0.0,1,12.776536
0.276316,2,12.778521
0.276316,2,12.78056
-0.065789,2,12.782502
0.0,1,12.783473
0.0,1,12.784408
0.0,1,12.785373
0.0,1,12.786393
0.276316,2,12.788426
0.0,1,12.789421
0.0,1,12.790388
0.0,1,12.791358
0.0,1,12.792368
0.0,1,12.793373
0.0,1,12.794388
0.697368,3,12.797429
0.0,1,12.798392
0.0,1,12.799382
0.697368,3,12.802294
-0.065789,2,12.804292
0.276316,2,12.806398
0.697368,3,12.809459
0.0,1,12.810474
0.210526,3,12.813468
0.0,1,12.814485
0.276316,2,12.81652
0.0,1,12.817601
0.0,1,12.818581
0.0,1,12.819578
-0.065789,2,12.821631
0.276316,2,12.823595
0.697368,3,12.826581
0.276316,2,12.828573
0.552632,3,12.831531
-0.065789,2,12.833513
0.0,1,12.834505
0.276316,2,12.836531
0.0,1,12.837531
0.0,1,12.838516
0.276316,2,12.840504
0.276316,2,12.842445
0.276316,2,12.844455
0.0,1,12.845466
0.0,1,12.846466
0.210526,3,12.849439
0.0,1,12.850456
0.276316,2,12.852475
0.0,1,12.853486
0.0,1,12.854458
0.0,1,12.855422
0.276316,2,12.85736
0.276316,2,12.859346
0.210526,3,12.862373
0.0,1,12.863364
0.0,1,12.864352
0.0,1,12.865337
0.0,1,12.866361
0.0,1,12.867305
0.0,1,12.868323
0.0,1,12.869392
0.0,1,12.870398
0.697368,3,12.873406
0.0,1,12.87443
0.276316,2,12.876424
0.0,1,12.877478
0.0,1,12.878481
0.0,1,12.879451
-0.065789,2,12.881439
0.0,1,12.882427
0.0,1,12.883444
0.631579,4,12.88746
-0.065789,2,12.889417
0.0,1,12.890402
0.0,1,12.891367
0.0,1,12.892367
0.697368,3,12.895446
0.0,1,12.896456
0.0,1,12.897462
-0.065789,2,12.899407
0.0,1,12.900418
0.0,1,12.901459
0.0,1,12.902478
0.0,1,12.903445
0.210526,3,12.906454
0.276316,2,12.908461
0.276316,2,12.910595
0.276316,2,12.912582
-0.065789,2,12.914536
0.276316,2,12.916583
0.0,1,12.917558
0.276316,2,12.919525
0.276316,2,12.92148
0.0,1,12.922489
0.276316,2,12.924492
0.0,1,12.925591
0.552632,3,12.928562
-0.065789,2,12.930545
-0.065789,2,12.932531
0.276316,2,12.934564
0.0,1,12.935546
0.0,1,12.936526
0.0,1,12.93751
0.0,1,12.938497
0.0,1,12.939478
0.0,1,12.940459
-0.065789,2,12.942445
-0.065789,2,12.944471
0.276316,2,12.946586
0.0,1,12.94757
0.0,1,12.948588
0.0,1,12.949584
-0.065789,2,12.951614
0.0,1,12.952629
0.276316,2,12.954637
0.0,1,12.955607
0.0,1,12.95671
-0.065789,2,12.958846
0.0,1,12.959867
0.0,1,12.960901
0.0,1,12.962001
-0.065789,2,12.964018
0.276316,2,12.966113
-0.065789,2,12.968192
0.0,1,12.969251
0.0,1,12.970283
0.552632,3,12.973418
0.276316,2,12.975497
0.0,1,12.976463
-0.065789,2,12.978508
0.0,1,12.979486
0.0,1,12.980506
0.0,1,12.981538
-0.065789,2,12.983577
0.276316,2,12.985618
0.210526,3,12.988539
0.0,1,12.989546
0.0,1,12.990562
0.0,1,12.991564
0.276316,2,12.993533
0.0,1,12.994536
0.0,1,12.995514
0.0,1,12.996446
0.276316,2,12.998763
0.0,1,13.000027
0.0,1,13.001344
0.0,1,13.002614
0.697368,3,13.005463
0.0,1,13.006452
0.0,1,13.007434
0.0,1,13.008401
0.276316,2,13.010343
0.0,1,13.01132
0.276316,2,13.013207
0.0,1,13.014184
0.276316,2,13.016092
0.0,1,13.017033
0.0,1,13.018021
0.0,1,13.019
0.276316,2,13.020886
0.210526,3,13.023792
0.0,1,13.024724
0.0,1,13.025693
0.0,1,13.026653
0.0,1,13.02762
0.0,1,13.028597
0.0,1,13.029588
0.0,1,13.030579
0.0,1,13.031518
0.276316,2,13.033465
0.0,1,13.034436
0.0,1,13.035416
0.0,1,13.036371
0.276316,2,13.038267
0.0,1,13.039222
-0.065789,2,13.04118
0.276316,2,13.043088
0.0,1,13.044072
0.0,1,13.045061
0.0,1,13.04602
-0.065789,2,13.047927
0.0,1,13.048895
0.0,1,13.04982
0.0,1,13.050798
-0.065789,2,13.052792
0.210526,3,13.055655
0.0,1,13.056618
0.0,1,13.057576
0.0,1,13.058554
0.0,1,13.059533
0.276316,2,13.061461
0.0,1,13.062445
0.0,1,13.063422
0.0,1,13.06439
0.0,1,13.06537
0.0,1,13.066314
0.0,1,13.067284
-0.065789,2,13.06918
0.0,1,13.070122
0.276316,2,13.072063
0.0,1,13.073005
0.0,1,13.073973
0.276316,2,13.075863
0.276316,2,13.077793
0.0,1,13.078763
-0.065789,2,13.080629
0.276316,2,13.082562
0.276316,2,13.084483
-0.065789,2,13.086415
0.276316,2,13.088341
0.0,1,13.089308
0.0,1,13.09031
0.0,1,13.091274
0.486842,4,13.095225
-0.065789,2,13.097119
0.276316,2,13.099026
0.0,1,13.099997
0.276316,2,13.101935
0.0,1,13.102902
0.0,1,13.103878
0.276316,2,13.105772
0.276316,2,13.107687
0.0,1,13.108675
0.0,1,13.109699
0.0,1,13.110683
0.276316,2,13.112639
-0.131579,3,13.115518
0.276316,2,13.117422
0.276316,2,13.119336
0.0,1,13.120296
0.276316,2,13.122188
0.552632,3,13.125109
0.552632,3,13.128044
0.0,1,13.129013
0.0,1,13.130002
0.276316,2,13.131883
0.210526,3,13.134822
0.276316,2,13.13669
0.0,1,13.137666
0.0,1,13.138636
0.0,1,13.139622
0.0,1,13.140589
0.276316,2,13.142568
-0.065789,2,13.144526
-0.065789,2,13.146466
0.0,1,13.147456
0.276316,2,13.149476
0.0,1,13.150467
0.276316,2,13.152469
0.276316,2,13.154406
0.0,1,13.155417
0.276316,2,13.157388
0.552632,3,13.161722
0.0,1,13.163414
0.276316,2,13.1665
0.552632,3,13.170523
0.276316,2,13.173222
0.210526,3,13.17639
0.0,1,13.177343
0.552632,3,13.180329
-0.065789,2,13.182362
-0.065789,2,13.184366
0.0,1,13.185357
0.276316,2,13.187369
0.0,1,13.188358
0.0,1,13.189378
0.0,1,13.190428
0.0,1,13.191398
0.276316,2,13.193392
0.0,1,13.19443
0.0,1,13.195452
0.0,1,13.196446
0.0,1,13.197433
0.697368,3,13.200461
0.0,1,13.201526
0.276316,2,13.203547
0.0,1,13.204593
0.0,1,13.205625
0.276316,2,13.207704
0.276316,2,13.209767
0.276316,2,13.211876
0.0,1,13.212891
0.0,1,13.21387
0.0,1,13.214896
0.276316,2,13.216829
0.0,1,13.217851
0.0,1,13.218864
0.276316,2,13.220841
0.0,1,13.221819
0.0,1,13.222849
0.0,1,13.223888
0.552632,3,13.226888
0.0,1,13.227928
0.0,1,13.228918
0.697368,3,13.23204
0.0,1,13.233028
0.276316,2,13.235098
0.0,1,13.236099
0.276316,2,13.23818
0.276316,2,13.240223
0.0,1,13.241241
0.0,1,13.242243
0.0,1,13.243241
0.276316,2,13.245261
0.0,1,13.246318
0.0,1,13.247348
0.0,1,13.248281
0.276316,2,13.250293
0.0,1,13.251306
0.276316,2,13.253283
0.0,1,13.254323
0.0,1,13.255285
0.276316,2,13.257256
0.276316,2,13.259274
0.0,1,13.260285
0.0,1,13.261282
0.276316,2,13.263278
0.276316,2,13.265177
0.0,1,13.266195
0.276316,2,13.268187
-0.065789,2,13.270179
0.276316,2,13.272166
-0.065789,2,13.274155
0.0,1,13.275146
0.276316,2,13.277077
0.0,1,13.278086
0.276316,2,13.280038
0.0,1,13.281046
0.0,1,13.282034
0.0,1,13.28304
0.0,1,13.284062
0.0,1,13.285047
0.276316,2,13.287077
0.276316,2,13.289079
0.276316,2,13.291069
0.0,1,13.292072
0.0,1,13.293069
0.276316,2,13.29508
0.276316,2,13.297045
0.0,1,13.298042
0.276316,2,13.300037
-0.065789,2,13.301919
0.697368,3,13.304954
-0.065789,2,13.306936
0.276316,2,13.308903
0.0,1,13.309949
0.276316,2,13.31194
0.631579,4,13.315877
0.552632,3,13.31887
0.210526,3,13.321812
0.276316,2,13.32376
0.0,1,13.32472
0.0,1,13.325725
0.0,1,13.326718
0.276316,2,13.328639
0.0,1,13.329553
0.276316,2,13.331525
0.0,1,13.332488
0.276316,2,13.334456
0.0,1,13.335438
0.0,1,13.336446
0.0,1,13.337456
0.276316,2,13.339422
-0.065789,2,13.341444
0.0,1,13.342386
0.0,1,13.343397
0.0,1,13.344351
0.0,1,13.345356
0.276316,2,13.347385
0.0,1,13.348393
0.0,1,13.349374
0.0,1,13.350332
0.276316,2,13.352305
0.276316,2,13.354238
0.0,1,13.355174
0.697368,3,13.358136
0.0,1,13.359124
0.276316,2,13.361138
-0.065789,2,13.363105
0.0,1,13.364097
0.0,1,13.365116
0.0,1,13.366117
0.552632,3,13.36909
0.0,1,13.370048
0.0,1,13.371056
0.276316,2,13.373077
0.0,1,13.374122
0.276316,2,13.376065
0.276316,2,13.378049
-0.065789,2,13.38007
0.0,1,13.381074
0.0,1,13.382116
-0.065789,2,13.384061
0.0,1,13.38505
0.276316,2,13.387061
0.0,1,13.388072
0.276316,2,13.390045
0.0,1,13.391063
0.0,1,13.392029
-0.065789,2,13.394066
-0.065789,2,13.395943
0.0,1,13.396943
0.276316,2,13.398931
0.0,1,13.399915
0.210526,3,13.402822
0.0,1,13.403854
0.276316,2,13.405815
0.276316,2,13.407849
0.276316,2,13.409843
0.552632,3,13.412763
0.0,1,13.413783
0.0,1,13.414825
0.0,1,13.415831
0.276316,2,13.417816
0.276316,2,13.419836
0.0,1,13.420833
0.0,1,13.421821
0.276316,2,13.423757
0.0,1,13.424779
0.0,1,13.425752
0.0,1,13.426775
0.0,1,13.427741
0.0,1,13.428707
0.276316,2,13.430655
0.0,1,13.431651
0.0,1,13.432675
0.697368,3,13.435658
0.0,1,13.436674
0.0,1,13.43764
0.0,1,13.438635
0.0,1,13.439644
0.0,1,13.440643
0.0,1,13.441621
-0.131579,3,13.444632
0.552632,3,13.447637
0.0,1,13.448651
-0.065789,2,13.450666
0.0,1,13.451631
0.276316,2,13.45364
0.276316,2,13.455671
0.276316,2,13.457652
0.0,1,13.458631
0.0,1,13.459653
0.0,1,13.460654
0.0,1,13.461659
0.276316,2,13.463672
0.0,1,13.464693
0.0,1,13.465667
0.276316,2,13.467626
0.0,1,13.468662
0.552632,3,13.471586
0.0,1,13.472579
0.0,1,13.473611
-0.065789,2,13.480771
0.276316,2,13.482819
0.276316,2,13.484853
0.0,1,13.485849
0.0,1,13.486883
0.0,1,13.48814
0.276316,2,13.490225
-0.065789,2,13.492692
-0.065789,2,13.495728
0.0,1,13.496765
0.0,1,13.497845
-0.065789,2,13.499943
0.276316,2,13.501956
0.0,1,13.502987
0.552632,3,13.506009
0.0,1,13.50714
0.0,1,13.508329
0.0,1,13.509315
0.0,1,13.510298
0.0,1,13.511278
0.0,1,13.51231
0.697368,3,13.515751
0.276316,2,13.517895
0.0,1,13.518956
0.0,1,13.519978
0.0,1,13.521057
0.552632,3,13.52463
-0.065789,2,13.527088
0.0,1,13.528192
0.0,1,13.529178
0.0,1,13.5302
0.0,1,13.53116
0.0,1,13.532145
-0.065789,2,13.534233
0.276316,2,13.536243
0.0,1,13.537224
0.0,1,13.538202
0.552632,3,13.541421
0.0,1,13.542504
0.276316,2,13.544635
0.276316,2,13.546634
0.0,1,13.547633
0.276316,2,13.549608
0.276316,2,13.551637
0.0,1,13.552627
0.0,1,13.553629
0.0,1,13.554625
0.276316,2,13.5566
0.0,1,13.557562
0.0,1,13.558562
0.0,1,13.559624
0.0,1,13.560611
0.486842,4,13.564555
0.973684,4,13.568537
-0.065789,2,13.570507
0.0,1,13.571507
0.0,1,13.57249
0.0,1,13.573446
0.0,1,13.574437
-0.065789,2,13.576442
-0.065789,2,13.578452
0.0,1,13.579454
0.0,1,13.580581
0.276316,2,13.582728
0.0,1,13.583746
0.0,1,13.584776
0.0,1,13.58577
0.552632,3,13.588827
0.0,1,13.589864
0.0,1,13.590913
0.276316,2,13.592926
0.0,1,13.593934
0.276316,2,13.596033
0.0,1,13.596998
0.0,1,13.598012
-0.065789,2,13.60009
0.276316,2,13.602119
0.276316,2,13.604099
0.0,1,13.605134
0.0,1,13.606165
0.0,1,13.607175
0.0,1,13.608162
0.0,1,13.609164
0.276316,2,13.611207
0.0,1,13.612229
0.0,1,13.613241
0.0,1,13.614277
0.276316,2,13.616214
0.276316,2,13.618232
0.0,1,13.619285
0.0,1,13.62028
0.276316,2,13.622371
0.0,1,13.623334
0.0,1,13.624337
0.0,1,13.62537
0.276316,2,13.627466
-0.065789,2,13.629462
0.0,1,13.630503
0.0,1,13.631521
-0.065789,2,13.633588
0.276316,2,13.635644
0.0,1,13.636661
0.276316,2,13.638726
0.0,1,13.63976
0.0,1,13.640771
0.276316,2,13.642821
0.0,1,13.643866
0.0,1,13.644871
0.276316,2,13.6469
0.276316,2,13.648953
0.697368,3,13.651961
0.0,1,13.652971
0.552632,3,13.655945
0.0,1,13.657024
0.276316,2,13.659012
0.276316,2,13.661055
0.0,1,13.662066
0.276316,2,13.664091
0.0,1,13.665097
0.0,1,13.666126
0.276316,2,13.668146
0.0,1,13.669179
0.0,1,13.670206
0.0,1,13.671197
0.0,1,13.672243
0.0,1,13.673228
0.0,1,13.674202
0.0,1,13.675237
0.210526,3,13.67821
0.0,1,13.679227
0.0,1,13.680259
0.0,1,13.681249
0.0,1,13.682277
-0.065789,2,13.684263
0.276316,2,13.686244
0.0,1,13.687273
0.276316,2,13.689221
0.0,1,13.690224
0.276316,2,13.69222
0.0,1,13.693184
0.0,1,13.694265
0.0,1,13.695233
0.0,1,13.696179
0.0,1,13.6972
0.276316,2,13.699188
0.0,1,13.700201
0.276316,2,13.702235
0.0,1,13.703231
0.276316,2,13.705149
0.276316,2,13.707238
0.276316,2,13.709188
-0.065789,2,13.711238
0.276316,2,13.713247
0.552632,3,13.71635
0.276316,2,13.718414
0.276316,2,13.720418
0.0,1,13.721413
0.276316,2,13.72348
0.276316,2,13.725576
0.0,1,13.726641
0.0,1,13.727687
0.0,1,13.728719
0.276316,2,13.730709
0.276316,2,13.732789
0.276316,2,13.734834
0.0,1,13.735774
-0.065789,2,13.737721
0.0,1,13.738732
0.0,1,13.739695
0.0,1,13.740698
0.0,1,13.741697
0.276316,2,13.743614
0.276316,2,13.745611
0.0,1,13.746584
0.697368,3,13.749539
0.0,1,13.750582
0.0,1,13.751636
0.0,1,13.752598
0.0,1,13.753623
0.552632,3,13.756611
0.276316,2,13.758614
0.276316,2,13.760643
0.697368,3,13.763575
0.0,1,13.764582
0.0,1,13.76554
0.0,1,13.766577
0.276316,2,13.768563
-0.065789,2,13.770576
0.0,1,13.771559
0.0,1,13.77253
0.0,1,13.773495
0.210526,3,13.776531
0.0,1,13.777545
0.0,1,13.77857
-0.065789,2,13.780556
0.0,1,13.781554
0.276316,2,13.783592
0.0,1,13.784589
0.0,1,13.78558
-0.065789,2,13.787633
0.210526,3,13.790621
0.0,1,13.791642
0.0,1,13.792622
0.0,1,13.793646
0.276316,2,13.795712
0.0,1,13.796673
-0.131579,3,13.799677
0.276316,2,13.801636
0.0,1,13.802621
0.0,1,13.803648
0.276316,2,13.805639
0.0,1,13.80669
0.276316,2,13.808712
0.276316,2,13.810702
0.276316,2,13.812703
0.0,1,13.813798
0.276316,2,13.815895
0.0,1,13.817005
0.276316,2,13.81903
0.0,1,13.819963
0.697368,3,13.822894
0.0,1,13.823912
-0.065789,2,13.825858
0.276316,2,13.827854
0.276316,2,13.829957
0.697368,3,13.833016
0.0,1,21.193474
0.697368,3,21.196878
0.697368,3,21.200991
0.276316,2,21.203629
0.276316,2,21.205825
0.0,1,21.20674
0.552632,3,21.210654
0.276316,2,21.213388
0.0,1,21.215023
0.276316,2,21.217853
0.276316,2,21.220656
0.276316,2,21.222974
-0.065789,2,21.225149
0.276316,2,21.227319
0.552632,3,21.230372
0.276316,2,21.233609
0.0,1,21.234889
0.697368,3,21.238789
0.0,1,21.241328
0.276316,2,21.245738
0.276316,2,21.24961
0.276316,2,21.252027
0.0,1,21.253358
0.276316,2,21.256085
0.552632,3,21.259465
0.276316,2,21.2621
0.276316,2,21.26476
-0.065789,2,21.267055
0.0,1,21.268419
0.276316,2,21.271258
0.0,1,21.272793
0.0,1,21.274181
0.0,1,21.275619
0.0,1,21.277569
0.0,1,21.279114
0.552632,3,21.283475
0.276316,2,21.286293
0.276316,2,21.289163
0.0,1,21.290672
0.0,1,21.292215
0.276316,2,21.294693
0.276316,2,21.29687
0.276316,2,21.29895
0.276316,2,21.302742
0.276316,2,21.30567
0.276316,2,21.308464
0.276316,2,21.311172
-0.065789,2,21.314248
0.276316,2,21.316995
-0.065789,2,21.319815
-0.065789,2,21.322684
0.697368,3,21.326764
0.0,1,21.328337
0.276316,2,21.330668
0.0,1,21.332346
0.0,1,21.333924
0.0,1,21.335195
0.0,1,21.336247
0.210526,3,21.339823
0.552632,3,21.344113
-0.065789,2,21.346786
0.552632,3,21.349909
0.276316,2,21.351922
0.0,1,21.353127
0.276316,2,21.355361
0.552632,3,21.358604
0.0,1,21.359671
0.276316,2,21.361859
0.0,1,21.362908
0.697368,3,21.365893
0.0,1,21.366862
-0.131579,3,21.36991
0.552632,3,21.372985
0.0,1,21.373976
0.276316,2,21.376216
0.276316,2,21.378334
0.276316,2,21.380416
0.0,1,21.381479
0.552632,3,21.384506
0.0,1,21.385512
0.0,1,21.386525
0.0,1,21.387638
0.0,1,21.389034
0.552632,3,21.392913
0.276316,2,21.395505
0.697368,3,21.398874
0.0,1,21.4
-0.065789,2,21.402137
0.276316,2,21.404134
0.0,1,21.405177
0.552632,3,21.408103
0.276316,2,21.410087
0.552632,3,21.412999
0.0,1,21.413964
-0.065789,2,21.415937
0.276316,2,21.417966
0.276316,2,21.419972
0.276316,2,21.422014
0.276316,2,21.42414
0.0,1,21.425457
0.276316,2,21.427603
0.276316,2,21.43004
-0.065789,2,21.432572
0.697368,3,21.436631
0.276316,2,21.439478
0.0,1,21.440985
0.276316,2,21.443637
-0.065789,2,21.446637
0.552632,3,21.450833
0.0,1,21.452259
0.276316,2,21.455116
0.276316,2,21.457891
0.276316,2,21.460802
0.276316,2,21.463106
0.0,1,21.464141
0.0,1,21.465349
0.0,1,21.466688
0.276316,2,21.469354
0.0,1,21.470702
0.276316,2,21.473624
0.276316,2,21.476476
0.276316,2,21.479294
0.421053,5,21.485427
0.697368,3,21.488789
0.0,1,21.48984
-0.065789,2,21.491906
0.276316,2,21.493844
0.276316,2,21.495806
0.0,1,21.496772
0.210526,3,21.499903
0.0,1,21.500878
0.0,1,21.501899
0.0,1,21.502888
0.552632,3,21.505888
0.276316,2,21.507872
0.552632,3,21.510811
0.0,1,21.5118
0.0,1,21.512773
0.697368,3,21.51584
0.0,1,21.516831
-0.065789,2,21.51883
0.552632,3,21.521787
0.276316,2,21.523844
0.552632,3,21.526819
0.276316,2,21.528815
0.697368,3,21.531831
0.0,1,21.532836
0.697368,3,21.535841
0.631579,4,21.539761
0.0,1,21.540777
0.276316,2,21.542784
0.0,1,21.543794
0.0,1,21.544815
0.552632,3,21.547866
0.0,1,21.548847
0.0,1,21.54987
0.0,1,21.550855
-0.065789,2,21.552821
0.697368,3,21.555755
0.0,1,21.556746
0.0,1,21.557743
-0.065789,2,21.559672
0.0,1,21.560688
0.276316,2,21.562675
0.552632,3,21.565612
-0.065789,2,21.567564
0.0,1,21.568568
0.276316,2,21.570487
0.0,1,21.571465
0.0,1,21.572485
0.552632,3,21.575477
0.276316,2,21.577452
0.0,1,21.578439
0.276316,2,21.58045
0.276316,2,21.582509
0.697368,3,21.58541
0.0,1,21.586418
0.697368,3,21.589407
0.276316,2,21.59141
0.276316,2,21.593371
0.0,1,21.594392
-0.065789,2,21.596386
0.276316,2,21.598418
0.552632,3,21.601345
0.0,1,21.602326
0.276316,2,21.604353
0.276316,2,21.606352
0.0,1,21.607348
0.276316,2,21.609335
0.276316,2,21.611318
0.276316,2,21.613308
0.552632,3,21.616257
0.552632,3,21.619185
0.552632,3,21.622198
0.0,1,21.623187
0.276316,2,21.62518
0.697368,3,21.62811
0.276316,2,21.630117
0.276316,2,21.632097
0.0,1,21.633096
0.276316,2,21.635098
0.0,1,21.636072
0.697368,3,21.639002
0.0,1,21.639984
-0.065789,2,21.641949
0.276316,2,21.643966
0.552632,3,21.646941
0.0,1,21.647961
0.552632,3,21.650949
0.973684,4,21.654916
0.0,1,21.655914
0.0,1,21.656898
0.552632,3,21.659853
0.0,1,21.660836
0.0,1,21.661831
0.0,1,21.662861
0.276316,2,21.664851
0.697368,3,21.667794
0.0,1,21.668787
0.0,1,21.669793
0.552632,3,21.672777
0.0,1,21.673762
0.276316,2,21.675747
0.276316,2,21.677667
0.0,1,21.678707
0.0,1,21.679666
0.0,1,21.680626
-0.065789,2,21.682552
0.276316,2,21.684505
0.276316,2,21.686469
-0.065789,2,21.688432
0.552632,3,21.691376
0.0,1,21.692324
0.276316,2,21.694262
0.276316,2,21.696193
0.276316,2,21.698186
0.276316,2,21.700128
0.276316,2,21.702049
0.697368,3,21.705231
0.631579,4,21.709175
0.0,1,21.710183
0.0,1,21.711174
0.697368,3,21.714134
0.0,1,21.715142
0.276316,2,21.717088
0.276316,2,21.719039
0.0,1,21.720031
0.697368,3,21.722981
0.0,1,21.723992
0.552632,3,21.726986
0.276316,2,21.728949
0.276316,2,21.730923
0.276316,2,21.732908
0.276316,2,21.7349
0.276316,2,21.736893
0.0,1,21.738053
0.697368,3,21.741139
-0.065789,2,21.743224
0.697368,3,21.746224
0.276316,2,21.748257
0.276316,2,21.750266
0.0,1,21.751247
0.0,1,21.752285
0.697368,3,21.755202
0.0,1,21.756224
0.697368,3,21.759218
0.697368,3,21.762253
0.276316,2,21.764288
0.0,1,21.76532
0.0,1,21.766369
0.0,1,21.767357
0.276316,2,21.769468
0.276316,2,21.771476
0.0,1,21.772464
0.0,1,21.773478
0.552632,3,21.776521
0.0,1,21.777461
0.144737,4,21.781328
0.276316,2,21.783398
0.0,1,21.784411
-0.131579,3,21.78738
0.552632,3,21.79048
0.697368,3,21.79342
-0.065789,2,21.79542
0.552632,3,21.79844
0.552632,3,21.801394
0.276316,2,21.803406
0.276316,2,21.805497
0.276316,2,21.807509
0.276316,2,21.809514
0.552632,3,21.812629
0.276316,2,21.814659
0.276316,2,21.816638
0.0,1,21.817688
0.552632,3,21.820713
0.276316,2,21.82273
0.276316,2,21.824732
-0.065789,2,21.826791
0.276316,2,21.828789
0.697368,3,21.831747
0.0,1,21.832782
0.552632,3,21.835622
0.0,1,21.836634
0.0,1,21.837604
0.0,1,21.838657
0.276316,2,21.840636
0.0,1,21.841662
0.697368,3,21.844656
0.0,1,21.845688
0.697368,3,21.848721
0.0,1,21.849729
0.276316,2,21.851715
-0.065789,2,21.853651
0.276316,2,21.855659
0.697368,3,21.858688
0.276316,2,21.860687
0.697368,3,21.863544
0.0,1,21.864509
0.276316,2,21.866441
0.276316,2,21.868389
0.0,1,21.86937
0.0,1,21.870349
0.0,1,21.87137
0.697368,3,21.874355
0.0,1,21.875342
0.552632,3,21.878411
0.552632,3,21.881472
0.0,1,21.882483
0.0,1,21.883464
0.276316,2,21.885509
0.276316,2,21.887448
0.552632,3,21.89047
0.0,1,21.891534
0.210526,3,21.894568
0.697368,3,21.897575
0.276316,2,21.89957
0.276316,2,21.901583
0.0,1,21.902595
0.276316,2,21.904676
-0.065789,2,21.906674
0.276316,2,21.908731
0.276316,2,21.910627
0.276316,2,21.912746
0.0,1,21.913753
0.0,1,21.914783
0.276316,2,21.916735
0.276316,2,21.918849
0.697368,3,21.921741
0.0,1,21.922786
0.0,1,21.923743
0.276316,2,21.925698
0.486842,4,21.92966
0.486842,4,21.933948
-0.065789,2,21.935849
0.276316,2,21.937822
0.276316,2,21.939823
-0.065789,2,21.941791
0.0,1,21.942765
0.276316,2,21.944771
0.210526,3,21.947743
0.0,1,21.948692
0.697368,3,21.951561
0.276316,2,21.953472
0.697368,3,21.956415
0.697368,3,21.95935
0.697368,3,21.962285
0.0,1,21.963274
0.697368,3,21.966229
0.276316,2,21.968206
0.276316,2,21.970189
0.697368,3,21.973107
-0.065789,2,21.975109
0.0,1,21.976093
0.0,1,21.977023
0.697368,3,21.980057
0.276316,2,21.982018
-0.065789,2,21.983984
0.0,1,21.984993
0.0,1,21.985924
-0.131579,3,21.98896
0.552632,3,21.991982
0.276316,2,21.993946
0.276316,2,21.995945
-0.065789,2,21.997943
0.552632,3,22.000914
-0.065789,2,22.002927
0.276316,2,22.004916
0.276316,2,22.006915
0.210526,3,22.009841
0.276316,2,22.011802
0.276316,2,22.013814
0.697368,3,22.016762
0.0,1,22.017749
0.0,1,22.018656
0.0,1,22.019678
0.697368,3,22.022615
0.0,1,22.023613
0.276316,2,22.025567
0.276316,2,22.02757
0.276316,2,22.029512
0.276316,2,22.032946
0.276316,2,22.036025
0.0,1,22.037302
0.276316,2,22.039982
0.276316,2,22.042791
0.276316,2,22.044878
0.276316,2,22.046904
0.210526,3,22.049799
0.0,1,22.050836
0.0,1,22.051805
0.0,1,22.052774
0.0,1,22.053848
0.276316,2,22.05583
0.552632,3,22.05881
0.276316,2,22.06082
-0.065789,2,22.062836
0.697368,3,22.065889
0.276316,2,22.067869
0.276316,2,22.069844
0.276316,2,22.071869
0.0,1,22.072838
0.0,1,22.073811
0.276316,2,22.075796
0.276316,2,22.077795
0.276316,2,22.079838
0.276316,2,22.081832
0.276316,2,22.083893
0.0,1,22.084868
0.0,1,22.08593
0.276316,2,22.087971
0.210526,3,22.090972
0.697368,3,22.094635
-0.065789,2,22.098039
0.552632,3,22.102515
0.0,1,22.103848
0.276316,2,22.106525
0.276316,2,22.109056
0.0,1,22.110044
0.552632,3,22.113102
0.0,1,22.114069
0.276316,2,22.116088
0.0,1,22.117072
0.0,1,22.118099
0.697368,3,22.120982
0.0,1,22.12196
0.0,1,22.122961
0.697368,3,22.125895
0.276316,2,22.127885
0.0,1,22.128864
0.276316,2,22.130885
0.552632,3,22.133771
0.276316,2,22.135793
0.0,1,22.13681
0.276316,2,22.138811
0.0,1,22.139843
0.697368,3,22.142826
0.0,1,22.143789
0.552632,3,22.146769
0.0,1,22.147764
0.276316,2,22.149735
0.276316,2,22.151777
0.0,1,22.152771
0.0,1,22.153792
0.0,1,22.154727
0.0,1,22.155711
0.0,1,22.156733
0.0,1,22.157729
0.276316,2,22.159745
0.276316,2,22.161715
0.276316,2,22.163731
0.276316,2,22.170849
0.552632,3,22.174028
0.276316,2,22.176882
0.697368,3,22.180593
0.276316,2,22.183635
0.0,1,22.184937
0.0,1,22.186285
0.697368,3,22.190158
0.276316,2,22.192091
0.276316,2,22.194046
0.276316,2,22.196005
0.276316,2,22.198177
0.0,1,22.199147
0.276316,2,22.201095
0.0,1,22.20206
0.697368,3,22.20492
0.697368,3,22.20788
0.276316,2,22.209827
0.276316,2,22.211803
0.276316,2,22.213735
0.552632,3,22.216675
0.0,1,22.217678
0.0,1,22.218669
0.697368,3,22.221595
0.276316,2,22.223519
0.0,1,22.224502
0.0,1,22.225496
0.697368,3,22.228439
0.0,1,22.229409
0.697368,3,22.232395
0.0,1,22.233373
0.276316,2,22.235392
0.697368,3,22.238344
0.0,1,22.239349
0.0,1,22.240369
0.210526,3,22.24336
0.0,1,22.244348
0.0,1,22.245279
0.276316,2,22.247261
0.276316,2,22.249148
0.552632,3,22.25208
0.210526,3,22.254957
0.276316,2,22.256892
0.0,1,22.257869
0.276316,2,22.259816
0.697368,3,22.262722
0.552632,3,22.265606
0.276316,2,22.267557
0.697368,3,22.270505
-0.065789,2,22.272481
0.0,1,22.273458
0.276316,2,22.275437
0.0,1,22.276437
0.552632,3,22.280667
0.552632,3,22.284645
0.0,1,22.285968
0.276316,2,22.288635
0.210526,3,22.291646
0.0,1,22.292625
0.276316,2,22.294568
-0.065789,2,22.296713
0.276316,2,22.298682
0.0,1,22.299684
-0.065789,2,22.301839
0.0,1,22.303018
0.276316,2,22.305084
0.0,1,22.30611
0.697368,3,22.309096
0.276316,2,22.311141
-0.065789,2,22.313128
0.276316,2,22.315205
-0.065789,2,22.317233
0.0,1,22.318297
0.0,1,22.319299
0.697368,3,22.32233
0.0,1,22.323319
0.697368,3,22.326331
0.0,1,22.327307
0.0,1,22.328341
0.0,1,22.329368
0.552632,3,22.332429
-0.065789,2,22.334402
0.276316,2,22.336401
0.697368,3,22.339417
-0.065789,2,22.341395
-0.065789,2,22.343396
0.276316,2,22.345421
0.0,1,22.34641
0.552632,3,22.349443
0.828947,4,22.353485
0.0,1,22.354511
0.0,1,22.355507
0.0,1,22.356513
0.210526,3,22.35955
0.276316,2,22.361554
0.276316,2,22.363639
0.276316,2,22.365607
0.697368,3,22.368611
0.276316,2,22.370628
0.276316,2,22.372651
0.0,1,22.37368
0.276316,2,22.375735
0.631579,4,22.379704
0.276316,2,22.381814
0.276316,2,22.383828
0.763158,5,22.388802
0.276316,2,22.390909
-0.065789,2,22.392986
0.552632,3,22.396111
0.552632,3,22.399203
0.552632,3,22.402241
0.0,1,22.403289
0.0,1,22.404273
0.0,1,22.405324
0.276316,2,22.407378
0.276316,2,22.409297
0.276316,2,22.411378
0.0,1,22.41237
0.0,1,22.41344
0.276316,2,22.415462
0.276316,2,22.417516
0.276316,2,22.419558
0.276316,2,22.421641
0.552632,3,22.424682
0.276316,2,22.426644
0.0,1,22.427661
0.0,1,22.428695
0.0,1,22.429703
0.276316,2,22.431843
0.0,1,22.432831
0.697368,3,22.435849
-0.065789,2,22.437955
0.276316,2,22.43997
0.0,1,22.441003
0.276316,2,22.443017
0.0,1,22.444067
0.276316,2,22.446108
0.0,1,22.447209
0.276316,2,22.44928
0.552632,3,22.452335
0.697368,3,22.455358
0.0,1,22.456365
0.552632,3,22.459399
0.276316,2,22.46144
0.276316,2,22.463579
0.0,1,22.464588
0.276316,2,22.466581
0.276316,2,22.468532
0.552632,3,22.471537
0.276316,2,22.473552
0.276316,2,22.475557
0.210526,3,22.478659
0.276316,2,22.480684
0.697368,3,22.483705
0.0,1,22.484671
0.552632,3,22.487664
0.697368,3,22.490659
0.486842,4,22.495275
0.697368,3,22.499909
0.697368,3,22.503856
0.697368,3,22.50792
0.697368,3,22.510973
0.552632,3,22.513928
0.552632,3,22.516844
0.552632,3,22.519768
0.0,1,22.520739
0.0,1,22.521702
0.276316,2,22.523615
0.276316,2,22.525512
0.0,1,22.526484
-0.065789,2,22.528437
0.210526,3,22.531373
0.0,1,22.532364
0.0,1,22.533337
0.276316,2,22.535286
0.0,1,22.536257
0.0,1,22.537264
0.0,1,22.538242
0.552632,3,22.541171
0.697368,3,22.544094
0.0,1,22.545052
0.0,1,22.546054
0.276316,2,22.548035
-0.065789,2,22.550008
0.0,1,22.550974
0.276316,2,22.552938
0.552632,3,22.555866
0.0,1,22.556849
0.276316,2,22.558849
0.276316,2,22.560786
0.0,1,22.561753
0.697368,3,22.564683
0.210526,3,22.567578
0.907895,5,22.572431
0.0,1,22.57342
0.0,1,22.574405
0.276316,2,22.576355
0.0,1,22.577341
0.276316,2,22.579334
0.552632,3,22.582282
0.0,1,22.583251
0.0,1,22.584227
0.276316,2,22.586159
0.276316,2,22.588118
0.276316,2,22.590091
0.276316,2,22.592029
-0.065789,2,22.593999
0.276316,2,22.595934
0.276316,2,22.597862
0.552632,3,22.600777
0.276316,2,22.602717
0.0,1,22.603742
0.276316,2,22.60573
0.276316,2,22.607697
0.0,1,22.608702
0.552632,3,22.611641
0.276316,2,22.613513
0.697368,3,22.616415
0.276316,2,22.618397
-0.065789,2,22.620368
0.552632,3,22.623343
0.0,1,22.624322
0.552632,3,22.627264
0.0,1,22.628268
0.0,1,22.629229
0.0,1,22.630204
0.276316,2,22.632189
0.552632,3,22.635107
0.276316,2,22.637085
0.276316,2,22.639049
0.697368,3,22.64197
0.0,1,22.642979
0.697368,3,22.645886
0.0,1,22.646891
0.276316,2,22.648825
0.0,1,22.649825
0.0,1,22.650771
0.0,1,22.651742
0.276316,2,22.653722
0.0,1,22.654687
-0.065789,2,22.656641
0.0,1,22.657628
0.973684,4,22.661555
0.276316,2,22.663507
-0.065789,2,22.665503
0.0,1,22.666535
0.276316,2,22.668555
0.486842,4,22.67244
0.276316,2,22.674322
0.276316,2,22.676325
0.0,1,22.677315
0.276316,2,22.679317
0.276316,2,22.681343
0.276316,2,22.68338
0.0,1,22.684314
0.0,1,22.685336
0.552632,3,22.688295
-0.065789,2,22.69029
0.276316,2,22.692289
0.276316,2,22.694286
0.0,1,22.695282
0.697368,3,22.698272
0.0,1,22.699253
0.276316,2,22.701256
0.0,1,22.702278
0.0,1,22.703256
0.697368,3,22.706349
0.697368,3,22.70935
0.0,1,22.710363
0.276316,2,22.712315
0.276316,2,22.714269
0.0,1,22.715274
0.0,1,22.716296
0.0,1,22.717321
0.276316,2,22.719341
0.631579,4,22.723199
0.0,1,22.724211
0.276316,2,22.726237
0.697368,3,22.729181
-0.065789,2,22.731184
0.276316,2,22.733179
0.0,1,22.734181
0.0,1,22.735163
0.276316,2,22.737139
0.276316,2,22.739205
0.276316,2,22.741311
0.552632,3,22.744382
0.697368,3,22.747364
0.276316,2,22.749397
0.697368,3,22.752419
0.697368,3,22.755396
0.0,1,22.756387
0.276316,2,22.758432
0.276316,2,22.760411
0.276316,2,22.762383
0.697368,3,22.765359
0.0,1,22.766359
-0.065789,2,22.768318
0.0,1,22.769414
0.697368,3,22.772448
0.0,1,22.773445
0.0,1,22.774464
0.552632,3,22.777485
0.0,1,22.778473
0.276316,2,22.780417
0.276316,2,22.782419
0.552632,3,22.785437
0.552632,3,22.788443
0.0,1,22.789426
0.276316,2,22.791432
0.276316,2,22.793482
0.276316,2,22.795448
0.0,1,22.796478
0.552632,3,22.799486
0.276316,2,22.801497
0.276316,2,22.803506
0.0,1,22.804516
0.0,1,22.805547
0.276316,2,22.807566
0.697368,3,22.810658
0.552632,3,22.813707
0.276316,2,22.815733
0.276316,2,22.817708
0.276316,2,22.819753
0.697368,3,22.822799
0.276316,2,22.824801
0.210526,3,22.827842
0.276316,2,22.829831
0.276316,2,22.831761
0.276316,2,22.833775
0.697368,3,22.836759
0.276316,2,22.838803
0.0,1,22.839785
0.276316,2,22.841806
0.0,1,22.842812
0.276316,2,22.844796
0.0,1,22.845793
0.276316,2,22.84782
0.0,1,22.848833
0.276316,2,22.850788
0.552632,3,22.853823
0.210526,3,22.856766
0.552632,3,22.859718
0.0,1,22.860723
0.210526,3,22.863765
0.697368,3,22.86684
-0.065789,2,22.868826
0.0,1,22.869808
0.276316,2,22.871862
0.697368,3,22.874833
0.276316,2,22.876882
0.276316,2,22.878831
0.0,1,22.879896
0.697368,3,22.88286
0.276316,2,22.884791
0.0,1,22.885798
0.0,1,22.886805
-0.065789,2,22.888754
-0.065789,2,22.890733
0.0,1,22.891747
-0.065789,2,22.893777
-0.065789,2,22.895792
0.552632,3,22.898847
0.276316,2,22.900856
0.276316,2,22.903091
0.697368,3,22.906157
0.276316,2,22.908153
0.276316,2,22.910189
0.0,1,22.911162
0.276316,2,22.913158
0.276316,2,22.915136
0.276316,2,22.917202
0.276316,2,22.919196
0.0,1,22.920248
0.276316,2,22.922224
0.0,1,22.923274
0.697368,3,22.9263
-0.131579,3,22.929321
0.276316,2,22.931333
0.276316,2,22.933256
0.276316,2,22.935425
0.0,1,22.936646
0.276316,2,22.938595
0.697368,3,22.941539
0.276316,2,22.94347
0.552632,3,22.946288
0.697368,3,22.949206
0.276316,2,22.951163
0.276316,2,22.953119
0.0,1,22.954116
0.210526,3,22.957037
0.276316,2,22.958996
0.276316,2,22.960988
0.552632,3,22.963931
0.0,1,22.964915
-0.065789,2,22.966793
0.0,1,22.96777
0.276316,2,22.969733
0.276316,2,22.971653
0.276316,2,22.973483
0.0,1,22.974467
0.276316,2,22.97636
0.0,1,22.977283
0.276316,2,22.979204
0.276316,2,22.981035
0.276316,2,22.982975
0.0,1,22.983942
0.486842,4,22.987726
0.276316,2,22.989651
0.276316,2,22.991566
-0.065789,2,22.993472
0.276316,2,22.995373
0.276316,2,22.997271
0.276316,2,22.999223
0.486842,4,23.003011
0.697368,3,23.005952
0.0,1,23.0069
0.0,1,23.007886
0.697368,3,23.01082
0.0,1,23.011797
0.0,1,23.012802
0.276316,2,23.014657
0.0,1,23.015668
0.697368,3,23.018534
0.210526,3,23.021508
-0.065789,2,23.023419
0.276316,2,23.025269
0.552632,3,23.028214
0.276316,2,23.030125
0.697368,3,23.033063
0.0,1,23.034038
0.0,1,23.035042
-0.065789,2,23.036983
0.0,1,23.037986
0.0,1,23.038972
-0.065789,2,23.040859
0.973684,4,23.044656
0.276316,2,23.046589
0.0,1,23.04754
0.276316,2,23.049496
0.697368,3,23.052416
0.697368,3,23.055325
0.828947,4,23.059178
0.0,1,23.060151
0.697368,3,23.063038
0.552632,3,23.065934
0.276316,2,23.067851
0.276316,2,23.069757
-0.065789,2,23.071759
0.276316,2,23.073641
0.0,1,23.074635
0.276316,2,23.076515
0.0,1,23.077493
0.276316,2,23.079434
0.0,1,23.080392
0.276316,2,23.082331
0.276316,2,23.084237
0.276316,2,23.086203
0.552632,3,23.089088
0.552632,3,23.092
0.0,1,23.092963
-0.065789,2,23.094891
0.276316,2,23.096864
0.276316,2,23.098807
0.0,1,23.099763
0.276316,2,23.101703
0.276316,2,23.103652
0.276316,2,23.105447
0.276316,2,23.107418
0.276316,2,23.109365
0.552632,3,23.112287
0.276316,2,23.114249
0.0,1,23.115187
0.276316,2,23.117128
0.276316,2,23.119078
0.276316,2,23.120981
0.276316,2,23.122916
0.276316,2,23.12485
0.0,1,23.125845
0.0,1,23.126835
0.552632,3,23.129749
0.552632,3,23.132637
0.276316,2,23.134557
0.276316,2,23.136491
0.276316,2,23.138433
0.552632,3,23.141348
0.631579,4,23.145146
0.276316,2,23.147216
0.276316,2,23.149087
0.276316,2,23.151072
0.276316,2,23.152989
0.0,1,23.153997
0.552632,3,23.156896
0.0,1,23.157898
0.276316,2,23.159821
0.552632,3,23.162763
0.697368,3,23.165685
0.276316,2,23.167631
0.0,1,23.168581
0.276316,2,23.17056
0.0,1,23.171517
0.276316,2,23.173439
-0.065789,2,23.175413
0.276316,2,23.177323
0.276316,2,23.179257
0.276316,2,23.181212
0.0,1,23.182189
0.0,1,23.183167
0.552632,3,23.186108
0.0,1,23.187084
-0.065789,2,23.189049
0.276316,2,23.191001
0.486842,4,23.194854
0.0,1,23.195829
0.276316,2,23.197745
0.552632,3,23.200606
0.210526,3,23.203506
0.276316,2,23.205439
0.276316,2,23.207407
0.697368,3,23.210264
0.0,1,23.211255
0.276316,2,23.213096
0.973684,4,23.217013
0.0,1,23.218024
-0.065789,2,23.219927
0.144737,4,23.223804
0.276316,2,23.225743
0.276316,2,23.227687
0.0,1,23.228648
0.552632,3,23.231601
0.0,1,23.232561
0.0,1,23.233512
0.0,1,23.234488
0.276316,2,23.236433
0.697368,3,23.239407
0.0,1,23.240376
0.276316,2,23.242376
0.486842,4,23.246353
0.276316,2,23.248325
0.0,1,23.24928
0.552632,3,23.252075
0.276316,2,23.25401
0.276316,2,23.255957
-0.131579,3,23.258844
0.552632,3,23.261683
0.276316,2,23.263632
0.0,1,23.264623
0.552632,3,23.26751
0.276316,2,23.269387
0.0,1,23.270371
0.276316,2,23.272286
0.276316,2,23.274197
0.276316,2,23.276156
0.276316,2,23.278104
0.276316,2,23.280063
0.276316,2,23.281977
0.276316,2,23.283953
0.697368,3,23.286839
-0.065789,2,23.288733
0.0,1,23.289698
0.552632,3,23.292653
0.0,1,23.293581
0.276316,2,23.295538
-0.131579,3,23.298454
0.276316,2,23.300415
0.276316,2,23.302336
0.697368,3,23.305261
0.0,1,23.306204
0.697368,3,23.309152
0.0,1,23.310155
0.276316,2,23.312095
0.276316,2,31.163889
0.276316,2,31.167646
0.973684,4,31.173588
0.276316,2,31.176695
0.552632,3,31.180483
0.276316,2,31.182926
0.0,1,31.18441
0.276316,2,31.187159
0.552632,3,31.191139
0.552632,3,31.194823
0.697368,3,31.198141
0.0,1,31.199284
-0.065789,2,31.20253
0.697368,3,31.206872
0.0,1,31.208239
0.697368,3,31.212822
0.0,1,31.214434
0.276316,2,31.217703
0.0,1,31.219803
0.276316,2,31.223393
0.276316,2,31.225472
-0.065789,2,31.227535
0.697368,3,31.231205
0.0,1,31.23225
0.697368,3,31.236834
0.631579,4,31.243219
0.276316,2,31.24608
0.552632,3,31.25111
-0.065789,2,31.254921
0.0,1,31.256319
0.0,1,31.257748
0.0,1,31.25958
0.552632,3,31.265195
0.828947,4,31.269504
0.552632,3,31.272607
0.0,1,31.274284
-0.065789,2,31.277859
0.552632,3,31.282235
0.276316,2,31.284955
0.697368,3,31.289195
0.0,1,31.290473
0.697368,3,31.293463
0.552632,3,31.296582
0.276316,2,31.299082
0.0,1,31.300458
0.552632,3,31.304466
0.276316,2,31.306753
0.552632,3,31.316948
0.552632,3,31.32071
0.276316,2,31.323365
0.697368,3,31.326305
0.0,1,31.327351
0.697368,3,31.330306
0.697368,3,31.333274
0.697368,3,31.336159
0.276316,2,31.338446
0.0,1,31.339621
0.552632,3,31.342755
0.276316,2,31.344812
0.276316,2,31.346925
0.276316,2,31.348886
0.276316,2,31.350921
0.697368,3,31.355842
0.0,1,31.357506
0.697368,3,31.361942
0.0,1,31.362912
0.276316,2,31.364856
0.276316,2,31.366735
0.828947,4,31.370628
0.697368,3,31.373529
0.631579,4,31.377415
0.552632,3,31.38033
0.697368,3,31.383319
0.276316,2,31.385262
0.697368,3,31.388225
-0.065789,2,31.390238
0.697368,3,31.393108
0.0,1,31.394134
0.552632,3,31.396982
0.552632,3,31.399996
0.552632,3,31.402904
-0.065789,2,31.404901
0.631579,4,31.408875
0.0,1,31.409857
0.697368,3,31.412794
-0.065789,2,31.414814
0.697368,3,31.417761
0.0,1,31.418674
0.0,1,31.419684
0.697368,3,31.422655
0.0,1,31.423573
0.0,1,31.424562
0.552632,3,31.427557
0.697368,3,31.430565
0.0,1,31.431574
0.276316,2,31.433513
0.697368,3,31.436503
0.552632,3,31.439456
0.0,1,31.440445
0.0,1,31.441419
0.552632,3,31.444408
0.697368,3,31.447444
0.0,1,31.448422
0.697368,3,31.451401
0.0,1,31.452435
0.276316,2,31.454427
0.276316,2,31.45642
0.0,1,31.457371
0.276316,2,31.45937
0.276316,2,31.461352
0.276316,2,31.463338
0.276316,2,31.465341
0.0,1,31.466342
0.552632,3,31.469321
0.552632,3,31.472265
0.697368,3,31.475245
0.0,1,31.476225
0.697368,3,31.479132
0.0,1,31.480121
0.0,1,31.481077
0.697368,3,31.484083
0.0,1,31.485068
0.276316,2,31.487041
0.697368,3,31.489994
0.0,1,31.490964
0.697368,3,31.493996
0.486842,4,31.497948
0.276316,2,31.499919
0.276316,2,31.501867
0.276316,2,31.503856
0.697368,3,31.506895
-0.065789,2,31.508856
0.276316,2,31.510787
0.697368,3,31.513731
0.276316,2,31.515617
0.552632,3,31.518476
0.631579,4,31.522491
0.0,1,31.523488
0.697368,3,31.526471
0.0,1,31.527448
0.276316,2,31.529425
0.697368,3,31.532334
0.697368,3,31.535291
-0.131579,3,31.538262
0.0,1,31.539225
0.697368,3,31.542183
0.0,1,31.543237
0.973684,4,31.547247
0.276316,2,31.549165
0.697368,3,31.552299
0.0,1,31.55328
0.276316,2,31.555275
0.0,1,31.556298
0.697368,3,31.559368
0.276316,2,31.561381
0.697368,3,31.564454
-0.065789,2,31.566467
0.552632,3,31.569399
0.276316,2,31.571417
0.0,1,31.572441
-0.065789,2,31.574527
0.0,1,31.575505
0.276316,2,31.577532
0.697368,3,31.580494
0.552632,3,31.583507
0.276316,2,31.585488
0.697368,3,31.58857
0.697368,3,31.591607
0.0,1,31.592648
0.276316,2,31.594648
0.552632,3,31.597646
0.552632,3,31.600563
0.631579,4,31.604501
0.276316,2,31.606527
0.0,1,31.607569
0.276316,2,31.609515
0.276316,2,31.611568
0.697368,3,31.614593
0.210526,3,31.617597
0.276316,2,31.619633
0.0,1,31.620595
0.0,1,31.621583
0.552632,3,31.624623
0.552632,3,31.627598
0.697368,3,31.630574
0.697368,3,31.633676
0.631579,4,31.637715
0.697368,3,31.640677
0.973684,4,31.644615
0.276316,2,31.646526
0.276316,2,31.648441
0.552632,3,31.651717
0.697368,3,31.655055
0.697368,3,31.658073
0.0,1,31.659092
0.0,1,31.66009
0.697368,3,31.663122
0.552632,3,31.666143
0.552632,3,31.669169
0.276316,2,31.671184
0.552632,3,31.674184
0.276316,2,31.676164
0.697368,3,31.679182
0.0,1,31.680265
0.276316,2,31.682449
0.276316,2,31.684577
0.697368,3,31.687585
0.0,1,31.6886
0.276316,2,31.690707
0.0,1,31.691651
0.276316,2,31.693744
0.973684,4,31.698422
0.276316,2,31.700742
0.276316,2,31.703157
0.0,1,31.704439
0.697368,3,31.707988
0.0,1,31.709121
0.0,1,31.710282
0.276316,2,31.716896
0.276316,2,31.719282
0.276316,2,31.721334
0.276316,2,31.723512
0.0,1,31.724519
0.276316,2,31.726578
0.210526,3,31.730889
0.631579,4,31.737527
0.276316,2,31.739723
0.697368,3,31.743025
0.276316,2,31.745225
0.0,1,31.746345
0.0,1,31.747422
0.697368,3,31.750663
0.0,1,31.751752
0.276316,2,31.754291
0.276316,2,31.757669
0.276316,2,31.761089
0.697368,3,31.76598
0.0,1,31.767349
0.697368,3,31.771394
0.0,1,31.772731
0.697368,3,31.77599
0.276316,2,31.777936
0.276316,2,31.779888
0.0,1,31.780866
0.697368,3,31.783756
0.276316,2,31.785741
0.552632,3,31.788788
0.697368,3,31.791763
0.0,1,31.792734
0.552632,3,31.795658
0.0,1,31.796609
0.276316,2,31.798582
0.697368,3,31.801496
0.552632,3,31.804504
0.697368,3,31.807452
0.276316,2,31.80942
0.552632,3,31.812412
0.697368,3,31.815346
0.0,1,31.816355
0.631579,4,31.820266
0.276316,2,31.822344
0.697368,3,31.825278
0.0,1,31.826309
0.552632,3,31.82923
0.0,1,31.830221
0.697368,3,31.833147
0.0,1,31.834116
0.276316,2,31.836034
0.697368,3,31.839097
0.697368,3,31.84198
0.0,1,31.842986
0.552632,3,31.845858
0.697368,3,31.848802
0.0,1,31.849746
0.697368,3,31.852697
0.276316,2,31.854736
0.697368,3,31.857721
0.0,1,31.858689
0.697368,3,31.861651
0.697368,3,31.864574
0.0,1,31.865542
0.697368,3,31.868437
0.276316,2,31.870435
0.276316,2,31.872433
0.552632,3,31.875327
0.552632,3,31.878393
0.552632,3,31.881384
0.276316,2,31.883345
0.697368,3,31.886243
0.697368,3,31.889144
0.210526,3,31.892079
0.0,1,31.893076
0.0,1,31.894089
0.0,1,31.895027
0.697368,3,31.897998
0.0,1,31.898972
0.697368,3,31.901871
0.0,1,31.902897
0.697368,3,31.906014
0.552632,3,31.90888
0.276316,2,31.910858
0.697368,3,31.913794
0.697368,3,31.916795
0.0,1,31.917808
0.552632,3,31.920722
0.697368,3,31.923659
0.0,1,31.924679
0.697368,3,31.927551
0.0,1,31.928554
0.697368,3,31.931453
0.0,1,31.932409
0.276316,2,31.934342
0.973684,4,31.93836
-0.065789,2,31.940307
0.276316,2,31.942314
0.0,1,31.943256
0.276316,2,31.945267
0.697368,3,31.948239
0.552632,3,31.951113
0.276316,2,31.953043
0.697368,3,31.955997
0.0,1,31.956996
0.0,1,31.958011
0.697368,3,31.960946
0.276316,2,31.962923
0.552632,3,31.965894
0.276316,2,31.967763
0.697368,3,31.970726
0.0,1,31.971805
0.697368,3,31.974738
0.0,1,31.975744
0.552632,3,31.97869
0.276316,2,31.980627
-0.065789,2,31.982562
0.276316,2,31.984488
0.276316,2,31.986486
0.276316,2,31.988446
0.552632,3,31.991357
0.697368,3,31.994262
0.697368,3,31.997148
0.276316,2,31.999139
-0.065789,2,32.001058
0.552632,3,32.00398
0.552632,3,32.006953
0.210526,3,32.009887
0.697368,3,32.012732
0.0,1,32.013746
0.552632,3,32.016732
0.552632,3,32.019635
0.552632,3,32.024423
0.0,1,32.026156
0.0,1,32.027266
0.276316,2,32.02915
0.697368,3,32.03202
0.0,1,32.033029
0.697368,3,32.035976
0.276316,2,32.037944
0.552632,3,32.040867
0.552632,3,32.043731
-0.065789,2,32.045654
0.0,1,32.046667
0.552632,3,32.049595
0.697368,3,32.052398
0.0,1,32.053346
0.828947,4,32.057174
0.697368,3,32.060133
0.697368,3,32.063056
0.276316,2,32.065029
0.697368,3,32.067925
0.0,1,32.06892
0.552632,3,32.071851
0.276316,2,32.073804
0.0,1,32.074781
0.631579,4,32.078635
0.0,1,32.079638
0.276316,2,32.081607
0.0,1,32.082561
0.552632,3,32.085374
0.828947,4,32.089198
0.0,1,32.090202
-0.065789,2,32.092122
0.0,1,32.093047
0.276316,2,32.095016
0.697368,3,32.097872
0.0,1,32.098842
0.552632,3,32.101766
0.697368,3,32.104702
-0.065789,2,32.10669
0.552632,3,32.109569
0.0,1,32.110544
0.552632,3,32.113413
0.0,1,32.114367
0.552632,3,32.117277
0.276316,2,32.119203
0.276316,2,32.121133
0.697368,3,32.124071
0.697368,3,32.127001
0.0,1,32.127954
0.276316,2,32.129973
0.276316,2,32.131863
-0.065789,2,32.133799
0.828947,4,32.137625
-0.065789,2,32.139598
0.0,1,32.140574
0.697368,3,32.143393
0.0,1,32.14433
0.276316,2,32.146308
-0.065789,2,32.148216
0.0,1,32.149217
0.697368,3,32.152019
0.763158,5,32.156633
0.552632,3,32.159564
0.697368,3,32.16246
0.276316,2,32.164364
0.828947,4,32.168337
0.276316,2,32.170426
0.276316,2,32.17297
0.0,1,32.174311
0.276316,2,32.176818
0.552632,3,32.180188
0.0,1,32.181199
0.697368,3,32.184117
0.0,1,32.18512
0.0,1,32.186138
0.697368,3,32.189632
0.0,1,32.190636
0.276316,2,32.192527
0.276316,2,32.1945
0.697368,3,32.197491
0.276316,2,32.199561
0.552632,3,32.202549
0.697368,3,32.205575
0.697368,3,32.20858
0.276316,2,32.210626
0.552632,3,32.213555
0.697368,3,32.216569
0.0,1,32.217542
0.697368,3,32.220482
0.0,1,32.22145
0.552632,3,32.224371
0.697368,3,32.227314
0.276316,2,32.22928
0.276316,2,32.231255
0.552632,3,32.234219
0.697368,3,32.23711
0.276316,2,32.239142
0.697368,3,32.242069
0.697368,3,32.244926
0.0,1,32.24595
0.697368,3,32.248845
0.0,1,32.24987
-0.065789,2,32.251909
-0.065789,2,32.253747
0.552632,3,32.256765
0.210526,3,32.25978
0.276316,2,32.261748
0.552632,3,32.264648
0.697368,3,32.267579
0.697368,3,32.270449
0.0,1,32.271466
0.697368,3,32.274415
0.276316,2,32.276415
0.552632,3,32.279254
0.276316,2,32.281229
0.697368,3,32.284183
0.697368,3,32.287119
-0.065789,2,32.28911
0.697368,3,32.292063
0.0,1,32.293057
0.697368,3,32.295882
0.842105,6,32.301796
0.0,1,32.302932
0.697368,3,32.305908
0.0,1,32.306904
0.697368,3,32.309841
0.0,1,32.310832
0.697368,3,32.313719
0.0,1,32.314695
0.276316,2,32.316682
0.276316,2,32.318643
0.697368,3,32.32163
-0.131579,3,32.324594
0.0,1,32.3256
0.276316,2,32.327553
0.552632,3,32.330507
0.276316,2,32.332484
0.552632,3,32.335424
0.552632,3,32.338303
0.0,1,32.339328
-0.065789,2,32.341235
0.552632,3,32.344197
0.0,1,32.345123
-0.131579,3,32.348122
0.276316,2,32.350109
-0.065789,2,32.352086
0.697368,3,32.355012
0.276316,2,32.357014
0.552632,3,32.359948
0.552632,3,32.362837
0.0,1,32.363879
-0.065789,2,32.365778
0.0,1,32.366816
0.0,1,32.36781
0.552632,3,32.370828
0.486842,4,32.374849
0.552632,3,32.377796
0.697368,3,32.380785
0.0,1,32.381761
0.697368,3,32.384639
0.0,1,32.385662
0.276316,2,32.387684
0.276316,2,32.389618
0.276316,2,32.391582
0.552632,3,32.394521
0.697368,3,32.397408
-0.065789,2,32.399301
0.0,1,32.400321
0.697368,3,32.403364
0.552632,3,32.406195
0.276316,2,32.408202
0.0,1,32.409207
0.276316,2,32.41117
0.697368,3,32.414085
0.276316,2,32.416084
0.0,1,32.417076
0.973684,4,32.420915
0.276316,2,32.422847
0.697368,3,32.425754
0.552632,3,32.428696
0.0,1,32.429674
0.276316,2,32.431713
-0.065789,2,32.433688
0.697368,3,32.436658
0.697368,3,32.439631
0.276316,2,32.441581
0.552632,3,32.444538
0.0,1,32.445485
0.697368,3,32.448285
0.0,1,32.449246
0.276316,2,32.451192
0.697368,3,32.454045
0.0,1,32.455035
0.0,1,32.45601
0.631579,4,32.459934
0.552632,3,32.462732
0.276316,2,32.464668
0.0,1,32.465652
0.697368,3,32.468564
0.0,1,32.469568
0.552632,3,32.472427
0.697368,3,32.475337
0.697368,3,32.478267
0.276316,2,32.480222
0.0,1,32.48116
0.0,1,32.482124
0.697368,3,32.48503
0.552632,3,32.488111
0.697368,3,32.49104
0.0,1,32.49199
0.0,1,32.493014
-0.065789,2,32.494853
0.276316,2,32.496792
0.697368,3,32.499707
0.276316,2,32.501653
0.552632,3,32.504527
0.697368,3,32.507517
0.697368,3,32.510485
0.0,1,32.511448
0.697368,3,32.51429
0.0,1,32.515251
0.697368,3,32.518171
0.697368,3,32.521067
0.697368,3,32.523919
0.0,1,32.524891
0.552632,3,32.527845
0.697368,3,32.530818
0.276316,2,32.532726
0.276316,2,32.534709
0.276316,2,32.53667
0.697368,3,32.539628
0.276316,2,32.541567
0.697368,3,32.544495
0.552632,3,32.547386
0.552632,3,32.550335
0.697368,3,32.553253
0.697368,3,32.556156
0.0,1,32.557159
0.763158,5,32.562061
0.0,1,32.563045
-0.065789,2,32.564995
0.697368,3,32.567903
0.0,1,32.568882
0.552632,3,32.571773
0.552632,3,32.574698
0.0,1,32.575658
0.907895,5,32.585658
0.552632,3,32.588882
-0.065789,2,32.590977
0.697368,3,32.593934
0.0,1,32.594918
0.0,1,32.595914
0.697368,3,32.598857
0.0,1,32.59984
0.552632,3,32.602765
0.697368,3,32.605617
-0.065789,2,32.607688
0.697368,3,32.610625
0.0,1,32.611591
0.552632,3,32.614524
0.697368,3,32.618026
0.697368,3,32.62445
0.0,1,32.626321
0.697368,3,32.630354
0.276316,2,32.632267
0.552632,3,32.635162
0.0,1,32.636111
0.0,1,32.637107
0.0,1,32.638023
0.697368,3,32.641135
0.276316,2,32.6431
0.276316,2,32.645049
0.697368,3,32.647985
0.552632,3,32.650937
0.697368,3,32.653785
0.0,1,32.654671
0.276316,2,32.656591
0.697368,3,32.659464
0.276316,2,32.661343
0.697368,3,32.664139
0.0,1,32.66512
0.697368,3,32.667947
0.0,1,32.668944
0.697368,3,32.671936
0.0,1,32.672848
0.697368,3,32.675799
0.0,1,32.676711
0.276316,2,32.678712
0.0,1,32.67968
0.552632,3,32.682583
0.0,1,32.683555
0.276316,2,32.685521
0.552632,3,32.688445
0.697368,3,32.691341
0.0,1,32.692398
0.697368,3,32.695288
0.697368,3,32.698228
0.697368,3,32.701284
0.631579,4,32.705169
0.276316,2,32.707151
0.697368,3,32.710166
0.552632,3,32.713083
0.552632,3,32.716005
0.697368,3,32.718968
0.486842,4,32.722939
0.0,1,32.72389
0.276316,2,32.725784
0.697368,3,32.728705
0.697368,3,32.731579
0.276316,2,32.733509
0.697368,3,32.736459
0.0,1,32.737417
0.0,1,32.738449
0.276316,2,32.740453
0.697368,3,32.743519
0.697368,3,32.746395
0.697368,3,32.749252
0.0,1,32.750276
0.276316,2,32.752202
0.276316,2,32.75425
0.697368,3,32.757215
0.276316,2,32.759224
0.0,1,32.760175
0.552632,3,32.76311
0.697368,3,32.766179
0.0,1,32.767314
0.0,1,32.768419
0.552632,3,32.771692
0.276316,2,32.773886
0.276316,2,32.776084
0.552632,3,32.779234
0.697368,3,32.782431
0.552632,3,32.785669
0.276316,2,32.787876
0.697368,3,32.791724
0.697368,3,32.795927
0.0,1,32.797233
0.0,1,32.798573
0.0,1,32.799888
0.552632,3,32.804521
0.697368,3,32.808512
0.631579,4,32.813487
0.697368,3,32.816545
0.0,1,32.817499
0.697368,3,32.820575
0.276316,2,32.822627
0.552632,3,32.82557
0.631579,4,32.829626
0.697368,3,32.832639
-0.065789,2,32.834651
0.486842,4,32.838756
0.0,1,32.839768
0.276316,2,32.841792
0.552632,3,32.844801
0.552632,3,32.847748
0.0,1,32.848747
0.0,1,32.849731
0.276316,2,32.851662
0.276316,2,32.853625
0.276316,2,32.855647
0.210526,3,32.858546
0.276316,2,32.860514
0.973684,4,32.864473
0.552632,3,32.867447
0.210526,3,32.870542
0.276316,2,32.872549
0.0,1,32.873579
0.276316,2,32.875607
0.697368,3,32.878691
0.276316,2,32.880593
0.552632,3,32.883539
0.552632,3,32.886451
0.276316,2,32.888513
0.697368,3,32.891566
0.0,1,32.892627
0.697368,3,32.895545
0.276316,2,32.897583
0.0,1,32.89861
0.697368,3,32.9017
0.697368,3,32.904699
0.0,1,32.905719
0.276316,2,32.907725
0.697368,3,32.910831
-0.065789,2,32.912751
0.0,1,32.9138
0.697368,3,32.917536
0.697368,3,32.922559
0.631579,4,32.928612
-0.065789,2,32.931876
0.276316,2,32.934355
0.276316,2,32.936285
0.276316,2,32.938169
0.210526,3,32.941042
0.276316,2,32.942983
0.697368,3,32.945858
0.0,1,32.946875
0.276316,2,32.948845
0.697368,3,32.951777
0.697368,3,32.954673
0.276316,2,32.956634
0.0,1,32.957628
0.697368,3,32.960481
0.552632,3,32.963435
0.697368,3,32.96638
0.0,1,32.967342
0.697368,3,32.970221
0.697368,3,32.973785
0.276316,2,32.976756
0.0,1,32.978115
0.552632,3,32.982138
0.697368,3,32.98521
0.552632,3,32.988183
-0.065789,2,32.990297
0.973684,4,32.994153
0.552632,3,32.997116
0.697368,3,33.000076
0.0,1,33.001117
0.276316,2,33.003123
0.552632,3,33.00615
0.276316,2,33.008113
0.0,1,33.009113
0.276316,2,33.011106
0.276316,2,33.013143
-0.065789,2,33.015117
0.0,1,33.016139
-0.065789,2,33.018167
0.697368,3,33.021103
0.697368,3,33.024136
0.0,1,33.025121
0.697368,3,33.028141
0.0,1,33.02913
0.0,1,33.030155
0.276316,2,33.032062
0.0,1,33.033066
0.697368,3,33.036041
0.0,1,33.037056
0.276316,2,33.039047
0.697368,3,33.04198
0.697368,3,33.044928
0.0,1,33.045858
0.697368,3,33.048767
0.552632,3,33.051679
-0.065789,2,33.053681
0.697368,3,33.05673
0.0,1,33.057731
0.697368,3,33.06075
0.0,1,33.0618
0.276316,2,33.063734
0.552632,3,33.066672
0.276316,2,33.068648
0.0,1,33.069681
0.276316,2,33.071652
-0.131579,3,33.074552
0.276316,2,33.076566
0.697368,3,33.079534
0.276316,2,33.081503
0.697368,3,33.084444
0.0,1,33.085418
0.697368,3,33.089744
0.434211,7,33.098343
0.276316,2,33.100309
0.0,1,33.101257
0.0,1,33.102212
0.276316,2,33.104243
0.552632,3,33.107117
0.276316,2,33.109069
0.697368,3,33.111914
0.697368,3,33.114816
0.0,1,33.115805
0.276316,2,33.117839
0.828947,4,33.121745
0.552632,3,33.124768
0.0,1,33.125829
0.276316,2,33.127763
0.276316,2,33.129714
0.0,1,33.13071
0.697368,3,33.133586
0.276316,2,33.135513
0.552632,3,33.138439
0.552632,3,33.141364
0.697368,3,33.144344
0.276316,2,33.146323
0.0,1,33.147318
0.276316,2,33.149184
0.276316,2,33.151189
0.552632,3,33.154021
0.0,1,33.154991
-0.065789,2,33.156958
0.552632,3,33.159829
0.697368,3,33.162764
0.0,1,33.163717
0.697368,3,33.166724
-0.065789,2,33.168597
0.552632,3,33.171602
0.697368,3,33.174543
0.973684,4,33.178409
-0.065789,2,33.180394
0.631579,4,33.184281
0.631579,4,33.188181
0.697368,3,33.191217
0.697368,3,33.194114
0.0,1,33.195119
0.697368,3,33.19801
0.276316,2,33.200006
0.552632,3,33.202881
0.0,1,33.2039
0.697368,3,33.206827
0.697368,3,33.209786
0.276316,2,33.212977
0.552632,3,33.218083
0.0,1,33.219381
0.552632,3,33.222236
0.276316,2,33.224036
0.697368,3,33.226919
0.276316,2,33.228855
0.276316,2,33.230725
0.0,1,33.231719
0.276316,2,33.233619
0.276316,2,33.235548
0.697368,3,33.238483
0.276316,2,33.240395
0.697368,3,33.243182
0.0,1,33.244184
0.697368,3,33.247053
0.0,1,33.248001
0.697368,3,33.250856
0.276316,2,33.252769
0.552632,3,33.255657
0.697368,3,33.258564
0.0,1,33.259539
0.697368,3,33.262347
0.0,1,33.263328
0.0,1,33.264317
0.697368,3,33.267178
0.276316,2,33.269123
0.552632,3,33.272
0.697368,3,33.274883
0.0,1,33.275845
0.276316,2,33.277788
0.697368,3,33.280696
0.697368,3,33.283574
0.552632,3,33.286489
0.276316,2,33.288417
0.0,1,33.289416
-0.065789,2,33.291334
0.552632,3,33.294477
