#{"t_start": 1630937068.0093503, "env_id": "imitationNM/SortingOnions-v0"}
r,l,t
0.0,1,1.810432
0.259259,2,1.814805
-0.061728,2,1.818601
0.0,1,1.820397
0.0,1,1.822185
0.0,1,1.82395
0.259259,2,1.827168
0.0,1,1.828801
0.0,1,1.830806
0.0,1,1.83213
0.259259,2,1.834371
0.518519,3,1.837611
-0.061728,2,1.839921
0.259259,2,1.84225
0.259259,2,1.844533
0.0,1,1.845639
0.0,1,1.846645
0.259259,2,1.849405
0.0,1,1.850696
0.518519,3,1.854728
-0.061728,2,1.856884
0.259259,2,1.859043
0.0,1,1.860223
-0.061728,2,1.862495
0.0,1,1.863562
-0.061728,2,1.865743
0.0,1,1.866835
0.259259,2,1.86904
0.259259,2,1.871509
0.0,1,1.872687
0.259259,2,1.875961
0.0,1,1.877546
0.259259,2,1.880295
0.259259,2,1.883625
-0.061728,2,1.887211
0.0,1,1.888329
0.0,1,1.889386
0.0,1,1.890841
0.0,1,1.892658
-0.061728,2,1.895043
0.0,1,1.89607
0.259259,2,1.898094
0.0,1,1.899156
0.518519,3,1.902224
-0.061728,2,1.90419
0.0,1,1.905261
0.0,1,1.906353
0.0,1,1.908068
0.197531,3,1.912445
-0.061728,2,1.914706
0.0,1,1.915691
0.0,1,1.91667
0.518519,3,1.919648
-0.061728,2,1.921686
0.0,1,1.922668
0.0,1,1.923979
0.0,1,1.925403
0.0,1,1.926467
0.0,1,1.927514
0.0,1,1.928611
0.0,1,1.929632
0.0,1,1.930654
0.0,1,1.931667
0.0,1,1.93269
0.259259,2,1.934749
-0.061728,2,1.936784
0.0,1,1.937776
0.259259,2,1.939877
0.0,1,1.941574
0.0,1,1.943095
0.259259,2,1.945922
0.0,1,1.947277
-0.061728,2,1.949953
0.0,1,1.951292
0.0,1,1.952391
0.0,1,1.953378
0.0,1,1.954421
0.0,1,1.955421
-0.123457,3,1.958614
0.0,1,1.959806
0.259259,2,1.961831
0.0,1,1.962859
0.259259,2,1.964791
0.0,1,1.965806
-0.061728,2,1.967762
0.0,1,1.968746
0.0,1,1.969791
0.0,1,1.970822
0.259259,2,1.972968
0.0,1,1.974043
0.0,1,1.975339
0.259259,2,1.977601
0.0,1,1.978672
0.0,1,1.979693
0.0,1,1.980743
-0.061728,2,1.982764
0.0,1,1.983767
0.259259,2,1.985693
0.0,1,1.986651
0.0,1,1.987619
0.0,1,1.988562
0.259259,2,1.990674
0.0,1,1.991796
0.0,1,1.992827
0.0,1,1.993892
0.0,1,1.995142
0.0,1,1.996132
0.0,1,1.997145
0.0,1,1.998162
0.0,1,1.999215
0.0,1,2.000238
-0.061728,2,2.002245
0.0,1,2.003249
0.0,1,2.004241
0.0,1,2.005218
0.0,1,2.006225
0.0,1,2.007271
0.0,1,2.008473
-0.061728,2,2.010559
0.0,1,2.011548
-0.061728,2,2.0136
0.135802,4,2.019079
0.259259,2,2.02127
0.0,1,2.022318
0.0,1,2.023384
0.259259,2,2.025355
0.0,1,2.026401
0.0,1,2.027367
0.0,1,2.028324
0.518519,3,2.031324
0.0,1,2.032338
0.45679,4,2.036352
0.0,1,2.037346
0.0,1,2.038375
-0.123457,3,2.041356
0.0,1,2.042393
0.0,1,2.043384
0.0,1,2.044397
0.0,1,2.045408
0.259259,2,2.047362
0.0,1,2.048367
0.0,1,2.049361
0.0,1,2.050353
0.0,1,2.051372
0.0,1,2.052373
0.0,1,2.053399
0.259259,2,2.055428
-0.061728,2,2.057449
0.0,1,2.05844
0.259259,2,2.060516
0.0,1,2.061507
0.0,1,2.062516
-0.061728,2,2.064561
-0.061728,2,2.066648
0.0,1,2.067661
-0.061728,2,2.06961
0.0,1,2.070635
0.0,1,2.071636
-0.061728,2,2.073634
0.0,1,2.074648
0.0,1,2.075694
-0.061728,2,2.077661
0.0,1,2.078677
0.0,1,2.079707
0.0,1,2.080689
0.0,1,2.081763
0.0,1,2.082775
0.0,1,2.083723
0.259259,2,2.085701
-0.061728,2,2.087714
-0.061728,2,2.089863
0.0,1,2.090957
0.0,1,2.091991
-0.061728,2,2.093927
0.0,1,2.094933
0.0,1,2.095944
0.0,1,2.096957
0.0,1,2.098039
0.0,1,2.099005
-0.123457,3,2.101928
0.0,1,2.102906
0.259259,2,2.104917
0.0,1,2.10598
-0.061728,2,2.108039
0.0,1,2.108995
0.259259,2,2.111054
0.0,1,2.112086
0.0,1,2.11314
0.259259,2,2.115252
0.0,1,2.116282
0.0,1,2.117278
0.0,1,2.118317
0.259259,2,2.120323
0.259259,2,2.122355
0.0,1,2.123387
0.0,1,2.124488
0.0,1,2.125555
0.259259,2,2.127623
0.0,1,2.128679
-0.123457,3,2.13184
0.0,1,2.132907
0.0,1,2.133907
0.0,1,2.134988
0.0,1,2.136055
0.0,1,2.137064
0.259259,2,2.13921
0.0,1,2.140208
0.0,1,2.142305
0.0,1,2.143647
0.0,1,2.144949
0.0,1,2.146385
-0.123457,3,2.150416
0.654321,3,2.153825
0.0,1,2.154876
0.0,1,2.155867
-0.061728,2,2.157848
0.259259,2,2.16179
0.0,1,2.163677
0.0,1,2.165537
-0.061728,2,2.168764
0.0,1,2.169831
0.0,1,2.170882
-0.061728,2,2.172924
0.0,1,2.174071
0.135802,4,2.178736
0.0,1,2.179771
0.0,1,2.180777
0.0,1,2.181817
-0.061728,2,2.183845
-0.061728,2,2.185938
0.0,1,2.186946
0.197531,3,2.190061
0.0,1,2.191347
0.0,1,2.192396
0.197531,3,2.195449
0.0,1,2.1965
-0.061728,2,2.198557
0.0,1,2.199585
0.0,1,2.20063
0.518519,3,2.203779
0.0,1,2.204761
0.0,1,2.205789
-0.061728,2,2.207971
0.0,1,2.208974
0.0,1,2.20998
0.0,1,2.211029
0.0,1,2.211994
0.259259,2,2.214033
0.259259,2,2.216065
0.0,1,2.217112
0.259259,2,2.219134
0.0,1,2.220147
0.0,1,2.221158
-0.061728,2,2.223236
0.0,1,2.224278
0.0,1,2.225371
0.259259,2,2.227412
0.0,1,2.228414
0.259259,2,2.230423
0.0,1,2.231443
0.0,1,2.232475
0.0,1,2.233468
0.0,1,2.234507
0.0,1,2.235569
-0.123457,3,2.238595
0.0,1,2.239617
0.0,1,2.240614
0.0,1,2.241661
0.0,1,2.242689
0.0,1,2.243758
0.0,1,2.244787
0.0,1,2.245815
0.0,1,2.24683
-0.061728,2,2.248873
0.0,1,2.249855
0.0,1,2.250818
0.0,1,2.251857
0.0,1,2.252871
0.0,1,2.253846
0.0,1,2.254902
0.197531,3,2.257961
0.0,1,2.259024
-0.061728,2,2.261131
0.0,1,2.262174
0.259259,2,2.264202
0.0,1,2.265255
0.0,1,2.266311
0.0,1,2.267294
0.0,1,2.268339
0.0,1,2.269386
0.0,1,2.270441
0.0,1,2.271471
0.0,1,2.272489
0.0,1,2.273521
0.0,1,2.274558
-0.061728,2,2.276623
0.0,1,2.27763
0.0,1,2.278702
0.0,1,2.279706
-0.061728,2,2.281833
0.0,1,2.282885
0.0,1,2.283896
0.0,1,2.284978
0.0,1,2.28606
0.0,1,2.287127
0.259259,2,2.28912
-0.061728,2,2.291166
0.0,1,2.292209
0.0,1,2.293284
0.0,1,2.294348
0.259259,2,2.296407
0.0,1,2.297428
0.259259,2,2.299476
-0.061728,2,2.301576
-0.061728,2,2.303628
-0.061728,2,2.30567
0.0,1,2.306705
0.0,1,2.307703
0.0,1,2.308703
0.0,1,2.309748
-0.061728,2,2.3118
0.0,1,2.31282
0.259259,2,2.314867
0.0,1,2.315872
0.0,1,2.316905
0.0,1,2.317881
0.518519,3,2.32098
0.0,1,2.321976
0.0,1,2.32299
0.0,1,2.324001
0.0,1,2.325016
0.0,1,2.32607
0.0,1,2.327105
0.0,1,2.328168
0.197531,3,2.331305
0.0,1,2.332322
0.259259,2,2.334364
0.0,1,2.33539
0.0,1,2.336408
0.518519,3,2.339442
0.0,1,2.340465
0.0,1,2.341511
0.0,1,2.342551
0.0,1,2.343569
0.0,1,2.344584
0.259259,2,2.346618
0.0,1,2.347607
0.0,1,2.348589
0.0,1,2.34961
0.197531,3,2.352661
0.0,1,2.353669
0.0,1,2.354694
0.0,1,2.355708
0.0,1,2.356727
0.0,1,2.357713
-0.061728,2,2.359756
0.0,1,2.360763
0.259259,2,2.362764
0.0,1,2.363815
0.0,1,2.364836
0.0,1,2.365878
0.0,1,2.366934
0.0,1,2.367928
0.0,1,2.369013
-0.061728,2,2.371099
0.259259,2,2.373087
0.0,1,2.374098
0.0,1,2.375125
0.0,1,2.376155
-0.061728,2,2.378269
0.0,1,2.379305
0.0,1,2.380288
-0.061728,2,2.382333
0.0,1,2.383357
0.0,1,2.384382
0.0,1,2.385393
0.0,1,2.386426
0.259259,2,2.388438
0.0,1,2.389472
0.0,1,2.390507
0.0,1,2.391583
0.0,1,2.392569
0.0,1,2.393512
0.0,1,2.394521
-0.061728,2,2.396486
0.0,1,2.397486
-0.061728,2,2.399455
0.654321,3,2.402327
0.0,1,2.403271
0.0,1,2.404224
0.0,1,2.405165
0.0,1,2.406557
0.0,1,2.408905
0.0,1,2.410903
0.518519,3,2.415131
-0.061728,2,2.41714
0.0,1,2.418136
0.197531,3,2.421182
0.0,1,2.422182
0.259259,2,2.424205
0.0,1,2.425295
0.0,1,2.426308
0.0,1,2.427325
0.0,1,2.42832
0.0,1,2.429334
-0.123457,3,2.432334
0.0,1,2.433353
-0.061728,2,2.435345
-0.061728,2,2.437366
0.654321,3,2.4403
0.0,1,2.441347
0.0,1,2.442354
0.0,1,2.443359
0.259259,2,2.445328
0.0,1,2.446304
0.259259,2,2.448273
0.0,1,2.449279
0.0,1,2.450297
-0.061728,2,2.452331
0.0,1,2.453307
0.0,1,2.45432
0.135802,4,2.458357
0.259259,2,2.460277
0.0,1,2.46127
0.0,1,2.462349
0.0,1,2.463344
0.0,1,2.464355
0.0,1,2.465363
0.0,1,2.466324
0.0,1,2.467278
0.0,1,2.468268
0.0,1,2.46929
0.0,1,2.470293
0.0,1,2.471293
0.197531,3,2.47415
0.0,1,2.475245
0.0,1,2.476265
0.0,1,2.477277
0.259259,2,2.47926
0.0,1,2.480272
0.0,1,2.48127
0.518519,3,2.484239
-0.123457,3,2.487239
0.0,1,2.488234
0.0,1,2.489229
0.0,1,2.490213
0.0,1,2.491189
0.0,1,2.492245
0.0,1,2.493253
0.0,1,2.494266
-0.061728,2,2.496274
0.0,1,2.497281
0.0,1,2.498602
0.0,1,2.500377
0.0,1,2.50215
0.0,1,2.50359
0.0,1,2.505064
0.0,1,2.506442
0.0,1,2.507833
0.0,1,2.509241
0.0,1,2.510698
0.0,1,2.512144
0.0,1,2.513294
0.259259,2,2.515371
0.0,1,2.516388
0.135802,4,2.520512
0.0,1,2.521544
0.45679,4,2.525572
-0.185185,4,2.52954
0.0,1,2.530551
0.0,1,2.531505
0.0,1,2.532502
0.0,1,2.533507
0.0,1,2.534514
0.0,1,2.535513
0.259259,2,2.537949
0.0,1,2.538999
0.0,1,2.540041
0.0,1,2.541049
0.0,1,2.542162
0.0,1,2.543188
0.259259,2,2.54521
-0.061728,2,2.547312
0.0,1,2.54833
0.0,1,2.549297
0.0,1,2.550309
0.0,1,2.551336
0.0,1,2.552342
0.0,1,2.553364
0.0,1,2.554386
0.0,1,2.555407
0.0,1,2.556429
0.0,1,2.557438
-0.061728,2,2.559491
0.0,1,2.560497
0.0,1,2.561528
0.0,1,2.562542
0.0,1,2.563566
0.518519,3,2.566628
0.0,1,2.567641
0.259259,2,2.569652
-0.061728,2,2.571675
0.0,1,2.57266
0.259259,2,2.574639
-0.123457,3,2.577743
0.0,1,2.578657
0.197531,3,2.581727
0.0,1,2.58275
0.0,1,2.583791
0.0,1,2.584798
-0.123457,3,2.58788
-0.061728,2,2.589916
-0.061728,2,2.591964
0.259259,2,2.594025
-0.061728,2,2.59611
0.0,1,2.597139
0.0,1,2.598164
-0.123457,3,2.60119
0.0,1,2.602232
0.0,1,2.603271
0.259259,2,2.605302
0.0,1,2.606344
0.259259,2,2.60838
0.0,1,2.609412
0.0,1,2.6104
-0.061728,2,2.612426
0.0,1,2.613462
0.0,1,2.614489
0.0,1,2.615501
0.0,1,2.616535
0.0,1,2.617557
0.0,1,2.618566
0.0,1,2.619602
-0.061728,2,2.621661
0.0,1,2.62269
0.0,1,2.623727
0.0,1,2.624754
0.0,1,2.625801
0.0,1,2.626844
0.0,1,2.627874
0.0,1,2.628912
0.0,1,2.629932
-0.061728,2,2.632011
-0.061728,2,2.634074
0.0,1,2.635102
0.0,1,2.636137
0.0,1,2.637177
0.0,1,2.63819
0.259259,2,2.640217
0.259259,2,2.642347
0.0,1,2.643352
0.0,1,2.644389
0.0,1,2.645431
0.0,1,2.646477
0.0,1,2.647504
0.0,1,2.648529
0.259259,2,2.65055
0.0,1,2.651575
0.259259,2,2.653618
0.0,1,2.654661
0.0,1,2.655684
0.0,1,2.656712
0.0,1,2.657737
0.0,1,2.658781
0.259259,2,2.660822
0.259259,2,2.662878
0.0,1,2.663918
0.0,1,2.664947
0.0,1,2.665889
-0.061728,2,2.667883
0.0,1,2.668888
0.0,1,2.669863
0.0,1,2.670882
0.0,1,2.671891
-0.061728,2,2.673893
0.0,1,2.674915
0.259259,2,2.676897
0.0,1,2.677903
0.0,1,2.678925
0.0,1,2.67993
0.0,1,2.680937
0.518519,3,2.683924
0.0,1,2.684924
0.0,1,2.685935
0.0,1,2.686906
0.0,1,2.687915
0.0,1,2.688881
0.0,1,2.689889
0.0,1,2.690894
0.518519,3,2.694154
0.0,1,2.695205
0.0,1,2.696192
0.0,1,2.697203
0.0,1,2.69834
0.0,1,2.699616
0.259259,2,2.701655
0.259259,2,2.703734
0.259259,2,2.705687
-0.061728,2,2.707723
0.0,1,2.709308
0.0,1,2.710823
0.0,1,2.711855
0.0,1,2.71288
-0.061728,2,2.714913
0.259259,2,2.716836
-0.061728,2,2.718786
0.0,1,2.719773
0.518519,3,2.722644
0.0,1,2.72365
0.0,1,2.724641
0.0,1,2.725802
0.0,1,2.726935
0.0,1,2.728326
0.0,1,2.729498
0.0,1,2.73056
0.0,1,2.731618
-0.061728,2,2.733577
0.0,1,2.7345
0.0,1,2.735492
0.0,1,2.736451
0.0,1,2.737443
0.0,1,2.738431
0.0,1,2.739418
0.0,1,2.740422
0.0,1,2.741489
0.0,1,2.742808
0.259259,2,2.74531
-0.061728,2,2.747375
0.259259,2,2.749435
0.0,1,2.750439
0.0,1,2.751479
0.0,1,2.752528
0.0,1,2.753592
0.197531,3,2.756719
0.0,1,2.757798
0.0,1,2.759287
0.0,1,2.760298
0.0,1,2.761395
0.0,1,2.762512
0.197531,3,2.765508
0.0,1,2.766536
0.0,1,2.767538
0.0,1,2.76853
0.0,1,2.769535
0.0,1,2.770563
0.0,1,2.771638
0.0,1,2.772668
0.0,1,2.773724
0.0,1,2.774726
0.0,1,2.776083
0.0,1,2.777094
0.0,1,2.779104
0.0,1,2.780769
0.0,1,2.782186
0.0,1,2.783513
0.197531,3,2.787602
0.0,1,2.788861
0.518519,3,2.792309
0.259259,2,2.794843
-0.061728,2,2.797686
0.0,1,2.79944
0.0,1,2.801382
0.0,1,2.802819
0.259259,2,2.804879
0.0,1,2.805892
0.0,1,2.806968
0.0,1,2.807949
0.0,1,2.80919
0.259259,2,2.811458
0.0,1,2.81262
0.0,1,2.81364
0.0,1,2.814689
0.0,1,2.815692
-0.061728,2,2.817777
0.0,1,2.818838
0.259259,2,2.820871
0.259259,2,2.822941
0.0,1,2.824002
-0.061728,2,2.826201
0.0,1,2.827253
0.0,1,2.828291
0.0,1,2.829315
0.0,1,2.830406
0.0,1,2.831455
0.259259,2,2.833501
0.518519,3,2.836652
0.0,1,2.837671
-0.061728,2,2.839648
0.0,1,2.840617
0.0,1,2.841594
0.0,1,2.84257
0.0,1,2.843595
0.0,1,2.844607
0.0,1,2.845594
0.0,1,2.846615
-0.061728,2,2.848719
0.0,1,2.849732
0.654321,3,2.852795
0.0,1,2.853794
0.0,1,2.85481
-0.123457,3,2.857817
0.0,1,2.858851
0.0,1,2.859839
0.0,1,2.860819
0.0,1,2.861788
0.0,1,2.86277
0.0,1,2.863752
0.0,1,2.864727
0.259259,2,2.866691
-0.061728,2,2.868667
-0.061728,2,2.870652
0.0,1,2.871644
0.0,1,2.872633
0.0,1,2.873616
0.0,1,2.874648
0.259259,2,2.876797
0.0,1,2.877823
0.0,1,2.87885
0.0,1,2.879862
0.0,1,2.880866
0.0,1,2.881851
0.0,1,2.882854
0.0,1,2.883868
0.0,1,2.884864
0.0,1,2.885881
0.0,1,2.886896
0.0,1,2.887854
0.0,1,2.888866
0.0,1,2.88987
0.259259,2,2.891901
-0.061728,2,2.893879
0.0,1,2.894913
0.0,1,2.895892
0.0,1,2.896877
0.259259,2,2.898861
0.0,1,2.899858
0.0,1,2.90088
-0.061728,2,2.902886
0.0,1,2.903901
0.0,1,2.904867
0.0,1,2.905875
0.0,1,2.90689
0.0,1,2.907909
0.0,1,2.908912
0.0,1,2.909935
0.0,1,2.910946
0.0,1,2.911942
0.0,1,2.912946
0.0,1,2.913932
0.0,1,2.914944
0.0,1,2.915947
0.0,1,2.916953
0.259259,2,2.919028
-0.123457,3,2.922088
0.0,1,2.923117
0.0,1,2.924145
0.0,1,2.925163
0.0,1,2.926204
0.0,1,2.927233
0.0,1,2.928275
0.0,1,2.929302
0.0,1,2.930294
0.0,1,2.931332
0.0,1,2.93237
0.0,1,2.933405
0.259259,2,2.935451
0.0,1,2.936481
0.197531,3,2.939533
0.0,1,2.940562
0.0,1,2.941597
0.0,1,2.942617
0.0,1,2.943658
0.0,1,2.944701
0.0,1,2.945741
-0.061728,2,2.947806
0.0,1,2.948836
0.259259,2,2.950918
-0.123457,3,2.953977
0.0,1,2.955026
0.0,1,2.956058
0.0,1,2.957092
0.0,1,2.958105
0.0,1,2.959224
0.0,1,2.960244
0.259259,2,2.962265
0.0,1,2.963281
0.0,1,2.964288
0.0,1,2.965317
0.259259,2,2.967375
0.197531,3,2.970436
0.0,1,2.971405
0.0,1,2.97248
-0.061728,2,2.974661
-0.061728,2,2.977606
-0.061728,2,2.980767
0.0,1,2.982109
0.0,1,2.983489
0.0,1,2.98481
0.0,1,2.986174
0.0,1,2.987442
-0.061728,2,2.989696
0.0,1,2.990698
0.0,1,2.991755
0.0,1,2.992805
0.0,1,2.993823
0.0,1,2.994825
0.0,1,2.995802
0.0,1,2.996806
0.197531,3,2.99981
0.0,1,3.000804
0.0,1,3.001804
0.0,1,3.00282
0.0,1,3.003794
-0.061728,2,3.00571
0.0,1,3.006733
0.259259,2,3.008737
0.0,1,3.009766
0.0,1,3.010788
0.0,1,3.011804
0.0,1,3.012818
0.0,1,3.013811
0.259259,2,3.015842
0.0,1,3.016857
0.0,1,3.017885
0.0,1,3.018875
0.0,1,3.019878
0.0,1,3.020904
0.0,1,3.021912
0.0,1,3.022948
0.0,1,3.023963
0.654321,3,3.027012
0.0,1,3.027983
0.0,1,3.028975
0.0,1,3.029995
0.0,1,3.030996
0.259259,2,3.032973
0.259259,2,3.034948
0.0,1,3.035911
0.197531,3,3.038894
0.0,1,3.039905
0.259259,2,3.041921
0.259259,2,3.043946
0.0,1,3.044939
0.0,1,3.045956
0.0,1,3.046928
0.259259,2,3.048842
0.259259,2,3.050832
0.0,1,3.051839
0.259259,2,3.053841
0.0,1,3.054813
0.0,1,3.05583
0.518519,3,3.058829
-0.061728,2,3.060843
0.0,1,3.06184
0.0,1,3.062869
0.0,1,3.063894
0.0,1,3.0649
0.259259,2,3.066885
0.0,1,3.067886
0.0,1,3.068854
0.259259,2,3.070838
0.0,1,3.071842
0.0,1,3.072846
0.0,1,3.073803
0.0,1,3.074843
0.0,1,3.075855
0.259259,2,3.077873
-0.061728,2,3.079928
0.0,1,3.080899
0.0,1,3.081875
0.0,1,3.082996
0.0,1,3.084133
0.0,1,3.085295
0.0,1,3.086331
0.0,1,3.087373
0.0,1,3.088384
0.0,1,3.089374
0.259259,2,3.091371
0.0,1,3.092374
0.0,1,3.093365
0.0,1,3.094385
0.0,1,3.095371
0.0,1,3.096383
0.259259,2,3.098365
0.259259,2,3.100365
0.0,1,3.101388
0.851852,5,3.106462
0.518519,3,3.109529
0.0,1,3.110564
-0.061728,2,3.1126
0.0,1,3.113623
0.0,1,3.114649
0.0,1,3.115655
0.654321,3,3.118687
0.0,1,3.119682
0.0,1,3.120665
0.0,1,3.121636
0.0,1,3.122664
0.0,1,3.123672
-0.123457,3,3.126691
0.197531,3,3.129691
0.0,1,3.130717
0.0,1,3.131704
0.0,1,3.132697
0.518519,3,3.135732
0.0,1,3.136763
0.0,1,3.137774
0.0,1,3.138798
0.0,1,3.139809
0.0,1,3.140819
0.0,1,3.14186
0.0,1,3.142864
0.0,1,3.143879
0.0,1,3.144882
0.0,1,3.150084
0.0,1,3.151098
0.0,1,3.152042
0.259259,2,3.154301
0.0,1,3.15537
0.0,1,3.156487
-0.061728,2,3.15929
0.0,1,3.160365
-0.061728,2,3.162472
0.197531,3,3.165485
0.259259,2,3.167557
0.259259,2,3.169665
0.0,1,3.170833
0.0,1,3.171963
0.0,1,3.172976
0.259259,2,3.175431
0.0,1,3.176506
0.0,1,3.177618
0.0,1,3.178632
0.0,1,3.179648
0.0,1,3.180777
0.0,1,3.18181
-0.061728,2,3.183789
0.0,1,3.184752
-0.061728,2,3.186827
0.518519,3,3.190122
0.0,1,3.191136
0.0,1,3.19229
0.0,1,3.193258
-0.061728,2,3.195273
0.0,1,3.196239
0.0,1,3.19725
0.0,1,3.198239
0.0,1,3.199226
-0.123457,3,3.202225
0.0,1,3.203241
0.259259,2,3.20525
0.0,1,3.20627
0.0,1,3.207263
0.0,1,3.208275
-0.061728,2,3.210371
-0.061728,2,3.212387
0.0,1,3.213399
0.0,1,3.214421
0.259259,2,3.216398
-0.061728,2,3.218408
0.395062,5,3.223258
0.518519,3,3.226239
-0.061728,2,3.228198
0.0,1,3.229187
0.0,1,3.23019
0.0,1,3.231205
0.0,1,3.232206
-0.061728,2,3.234226
0.0,1,3.235225
-0.061728,2,3.237181
0.0,1,3.238168
0.0,1,3.23918
-0.061728,2,3.241213
0.0,1,3.242302
0.0,1,3.243318
0.259259,2,3.245294
0.0,1,3.246314
0.197531,3,3.249327
0.197531,3,3.252279
0.0,1,3.253294
-0.061728,2,3.255321
0.0,1,3.256298
0.0,1,3.257321
0.0,1,3.258297
0.259259,2,3.260377
0.0,1,3.261387
0.0,1,3.262421
-0.061728,2,3.264441
0.0,1,3.265422
-0.061728,2,3.267449
0.0,1,3.268461
0.0,1,3.269471
0.197531,3,3.272482
0.0,1,3.27346
0.0,1,3.274469
-0.061728,2,3.276586
0.0,1,3.277616
0.0,1,3.278642
0.0,1,3.279636
-0.061728,2,3.281671
0.0,1,3.282681
0.0,1,3.283674
0.0,1,3.284639
0.0,1,3.285667
0.0,1,3.286678
0.259259,2,3.288695
0.518519,3,3.291686
0.0,1,3.292763
0.0,1,3.293773
0.0,1,3.294791
0.0,1,3.295789
-0.061728,2,3.297815
0.0,1,3.298808
0.259259,2,3.300797
0.0,1,3.301786
0.0,1,3.302813
0.0,1,3.303827
0.0,1,3.304843
0.0,1,3.305852
-0.061728,2,3.307879
0.0,1,3.308941
0.259259,2,3.31095
0.259259,2,3.31296
0.0,1,3.313987
0.0,1,3.315027
0.0,1,3.315984
0.259259,2,3.318027
0.0,1,3.319034
0.197531,3,3.322063
0.0,1,3.323089
0.0,1,3.324123
0.0,1,3.325153
0.0,1,3.326277
0.0,1,3.327266
0.0,1,3.328293
0.0,1,3.329323
0.259259,2,3.331366
0.0,1,3.332398
0.0,1,3.333418
0.259259,2,3.335412
0.0,1,3.336428
0.0,1,3.337439
0.0,1,3.338441
0.0,1,3.339446
0.0,1,3.340448
-0.061728,2,3.342534
0.0,1,3.34354
0.0,1,3.344549
0.0,1,3.345553
0.0,1,3.346566
0.0,1,3.347559
0.0,1,3.348559
0.518519,3,3.351523
0.0,1,3.352531
0.0,1,3.353543
0.0,1,3.354559
0.0,1,3.355544
0.654321,3,3.358539
0.0,1,3.359626
-0.061728,2,3.36164
0.0,1,3.362644
0.0,1,3.363594
0.518519,3,3.366592
0.518519,3,3.369599
0.0,1,3.370594
-0.123457,3,3.373502
-0.061728,2,3.375597
0.0,1,3.37728
0.0,1,3.378965
0.0,1,3.380294
0.0,1,3.3817
0.0,1,3.38308
0.259259,2,3.38579
0.0,1,3.387192
0.0,1,3.388562
0.0,1,3.389549
0.0,1,3.390568
0.197531,3,3.393566
0.0,1,3.394579
0.0,1,3.39558
0.0,1,3.396585
0.197531,3,3.399595
0.259259,2,3.401521
0.259259,2,3.403469
0.259259,2,3.405393
0.0,1,3.406366
0.0,1,3.407386
0.0,1,3.408378
0.197531,3,3.411348
-0.061728,2,3.413314
0.0,1,3.414308
0.0,1,3.415318
0.0,1,3.416301
0.0,1,3.417281
0.0,1,3.418224
0.0,1,3.419232
0.0,1,3.420221
0.0,1,3.421211
0.0,1,3.422223
0.259259,2,3.424192
0.0,1,3.425187
0.0,1,3.426276
0.259259,2,3.428283
0.0,1,3.429342
0.518519,3,3.432212
0.0,1,3.433183
0.0,1,3.434155
0.0,1,3.435111
-0.061728,2,3.437028
0.259259,2,3.438993
0.0,1,3.440002
0.0,1,3.441009
0.0,1,3.441998
0.0,1,3.443094
0.0,1,3.444081
0.0,1,3.44509
-0.061728,2,3.447125
0.0,1,3.448115
0.0,1,3.449129
0.0,1,3.450139
0.259259,2,3.452097
0.0,1,3.453094
0.0,1,3.45411
-0.061728,2,3.456072
0.0,1,3.45703
0.259259,2,3.459034
-0.061728,2,3.461032
0.0,1,3.462037
0.259259,2,3.464056
0.0,1,3.465074
0.0,1,3.466089
0.0,1,3.467067
0.0,1,3.468028
0.0,1,3.46899
0.0,1,3.469955
0.259259,2,3.471894
0.0,1,3.472839
0.0,1,3.473798
0.0,1,3.47475
0.0,1,3.475757
0.0,1,3.476736
0.0,1,3.477738
-0.061728,2,3.479727
-0.061728,2,3.481631
0.0,1,3.48264
-0.123457,3,3.485595
0.0,1,3.486551
0.0,1,3.487528
0.259259,2,3.489491
-0.123457,3,3.492506
0.0,1,3.493462
0.259259,2,3.495441
0.518519,3,3.498372
0.0,1,3.499378
0.0,1,3.500385
0.0,1,3.501379
0.259259,2,3.503298
0.0,1,3.504281
0.0,1,3.505226
0.0,1,3.506241
0.0,1,3.507239
0.0,1,3.508312
0.259259,2,3.510343
0.0,1,3.511347
0.0,1,3.512347
0.0,1,3.51335
0.259259,2,3.515292
0.0,1,3.516287
0.0,1,3.517302
0.0,1,3.518303
0.0,1,3.519258
0.259259,2,3.521209
0.0,1,3.522213
0.135802,4,3.526115
0.197531,3,3.529135
0.0,1,3.530157
0.259259,2,3.532146
0.0,1,3.533133
0.0,1,3.534151
0.0,1,3.535166
0.0,1,3.536148
0.0,1,3.537148
0.0,1,3.538159
0.197531,3,3.54115
-0.061728,2,3.54315
0.0,1,3.54415
0.259259,2,3.546129
-0.061728,2,3.548095
0.0,1,3.549061
0.0,1,3.550086
0.0,1,3.551123
0.0,1,3.552139
-0.061728,2,3.554191
0.0,1,3.555189
0.0,1,3.556211
0.0,1,3.557225
0.0,1,3.558224
-0.061728,2,3.560227
0.0,1,3.561218
-0.061728,2,3.563153
-0.061728,2,3.565056
0.0,1,3.566037
0.0,1,3.567015
0.0,1,3.567952
0.0,1,3.568902
0.0,1,3.569936
0.0,1,3.570969
0.0,1,3.571979
0.0,1,3.572985
-0.061728,2,3.575021
0.0,1,3.576037
0.0,1,3.577017
-0.123457,3,3.580033
0.0,1,3.581031
-0.061728,2,3.583187
0.0,1,3.584205
0.259259,2,3.586281
0.0,1,3.587296
0.0,1,3.588298
0.0,1,3.589306
0.0,1,3.590311
0.0,1,3.591304
0.259259,2,3.5932
0.0,1,3.594207
0.0,1,3.59521
0.0,1,3.596204
0.0,1,3.597183
0.0,1,3.598196
0.0,1,3.59919
0.0,1,3.60019
0.0,1,3.601153
0.0,1,3.602155
0.259259,2,3.60414
0.0,1,3.605082
0.0,1,3.606089
0.0,1,3.607077
0.0,1,3.608144
0.0,1,3.609109
0.0,1,3.610111
-0.061728,2,3.612054
0.0,1,3.613047
0.259259,2,3.61506
0.0,1,3.616065
-0.123457,3,3.619023
-0.061728,2,3.620939
0.0,1,3.621938
0.0,1,3.622919
-0.061728,2,3.624875
0.518519,3,3.627811
0.0,1,3.628834
0.0,1,3.629795
0.0,1,3.63081
0.518519,3,3.633778
0.259259,2,3.63579
0.0,1,3.636744
0.0,1,3.637698
0.259259,2,3.639646
0.0,1,3.640605
-0.123457,3,3.643547
0.0,1,3.644547
0.0,1,3.645499
0.0,1,3.646518
0.0,1,3.647504
0.0,1,3.6485
0.0,1,3.649485
0.259259,2,3.651481
0.0,1,3.652489
0.0,1,3.653457
0.0,1,3.654463
-0.246914,5,3.659455
-0.061728,2,3.661656
0.0,1,3.663007
-0.061728,2,3.665139
0.0,1,3.666146
0.0,1,3.66714
0.0,1,3.668104
0.0,1,3.669109
0.0,1,3.67012
0.0,1,3.67105
0.259259,2,3.672882
0.0,1,3.673857
-0.061728,2,3.675757
-0.061728,2,3.677707
0.0,1,3.67872
0.0,1,3.679663
0.0,1,3.680617
0.0,1,3.68159
0.0,1,3.682554
0.0,1,3.683534
0.197531,3,3.68638
0.0,1,3.687356
0.0,1,3.688312
-0.061728,2,3.690223
0.0,1,3.691165
0.0,1,3.692154
0.0,1,3.693189
-0.123457,3,3.696121
0.0,1,3.697135
0.0,1,3.698102
0.259259,2,3.700068
-0.061728,2,3.702022
0.0,1,3.702979
0.0,1,3.703987
0.0,1,3.70494
0.259259,2,3.706969
0.0,1,3.707945
0.0,1,3.70897
0.0,1,3.709953
0.0,1,3.710991
0.197531,3,3.713935
0.259259,2,3.715883
0.0,1,3.716844
0.0,1,3.717846
0.0,1,3.718809
0.0,1,3.719752
0.0,1,3.720711
0.0,1,3.721661
0.0,1,3.72268
0.259259,2,3.724724
0.0,1,3.725739
0.0,1,3.726775
0.0,1,3.72777
0.0,1,3.728729
0.0,1,3.729715
0.0,1,3.730726
0.0,1,3.731692
0.0,1,3.732664
0.0,1,3.733627
0.0,1,3.734598
0.0,1,3.735554
0.0,1,3.736531
-0.061728,2,3.738456
0.0,1,3.739427
0.45679,4,3.743279
0.259259,2,3.745165
-0.061728,2,3.747121
0.0,1,3.748083
-0.061728,2,3.749969
0.0,1,3.750951
0.197531,3,3.753851
0.259259,2,3.755806
0.0,1,3.756783
0.0,1,3.757757
0.0,1,3.758729
0.0,1,3.759782
0.0,1,3.760784
-0.061728,2,3.762683
-0.061728,2,3.764572
0.0,1,3.765539
0.0,1,3.766516
-0.061728,2,3.768417
0.0,1,3.769391
0.0,1,3.770382
0.259259,2,3.772333
0.0,1,3.773248
0.0,1,3.774221
0.0,1,3.775202
0.0,1,3.776165
0.0,1,3.777131
0.0,1,3.778137
0.0,1,3.779099
0.0,1,3.780053
0.0,1,3.78103
0.259259,2,3.782991
-0.123457,3,3.785916
0.0,1,3.786922
0.777778,4,3.790761
0.0,1,3.791749
0.0,1,3.792728
0.518519,3,3.795618
0.0,1,3.796544
0.0,1,3.797482
0.259259,2,3.799435
0.0,1,3.800389
-0.061728,2,3.802383
0.0,1,3.803351
0.0,1,3.804317
0.0,1,3.805282
0.0,1,3.806252
0.592593,4,3.810024
0.0,1,3.810992
0.0,1,3.811944
0.0,1,3.812873
0.0,1,3.813792
0.0,1,3.814754
0.0,1,3.815687
0.0,1,3.816677
0.0,1,3.817629
0.0,1,3.81856
0.0,1,3.819528
0.0,1,3.820487
0.0,1,3.821496
0.0,1,3.822483
0.0,1,3.823483
0.0,1,3.824471
0.0,1,3.825515
0.0,1,3.826562
0.259259,2,3.828745
0.259259,2,3.830589
0.259259,2,3.832777
0.0,1,3.833678
0.0,1,3.834648
0.259259,2,3.836634
0.0,1,3.837631
0.0,1,3.838635
0.0,1,3.839613
-0.061728,2,3.841602
0.0,1,3.842629
0.0,1,3.843628
0.0,1,3.844604
0.0,1,3.845596
0.0,1,3.846603
0.0,1,3.847537
0.0,1,3.848531
0.197531,3,3.85143
0.259259,2,3.853408
0.0,1,3.854434
0.0,1,3.855429
0.0,1,3.856431
0.0,1,3.857429
0.0,1,3.858442
0.0,1,3.859453
0.259259,2,3.86146
0.0,1,3.862454
0.0,1,3.863483
0.0,1,3.864487
0.0,1,3.865445
0.0,1,3.866439
-0.061728,2,3.868348
0.518519,3,3.871245
0.0,1,3.872238
0.0,1,3.873197
0.0,1,3.874202
0.0,1,3.875181
0.0,1,3.87618
0.0,1,3.87719
0.0,1,3.878265
0.197531,3,3.881421
0.0,1,3.8824
-0.061728,2,3.884382
0.0,1,3.885375
0.259259,2,3.887367
0.0,1,3.888349
-0.061728,2,3.890302
0.0,1,3.891284
0.0,1,3.892286
0.0,1,3.893342
-0.061728,2,3.895342
0.0,1,3.896302
0.0,1,3.897288
0.0,1,3.898253
0.0,1,3.899246
0.0,1,3.900211
0.0,1,3.90117
0.259259,2,3.903156
0.0,1,3.904135
0.259259,2,3.906135
0.0,1,3.907082
0.0,1,3.908152
0.259259,2,3.910102
0.0,1,3.911119
0.0,1,3.912127
0.0,1,3.9138
0.0,1,3.915713
0.0,1,3.917526
-0.061728,2,3.921295
0.0,1,3.922817
-0.185185,4,3.926777
0.0,1,3.927781
0.0,1,3.928763
0.197531,3,3.931734
0.0,1,3.932731
0.0,1,3.933702
0.0,1,3.934686
0.259259,2,3.936667
-0.061728,2,3.938679
0.0,1,3.939666
0.259259,2,3.941621
0.0,1,3.942656
0.518519,3,3.945686
0.135802,4,3.949719
0.0,1,3.950739
0.0,1,3.951747
0.0,1,3.952751
0.0,1,3.953754
