#{"t_start": 1630878155.7728176, "env_id": "imitationNM/SortingOnions-v0"}
r,l,t
0.0,1,1.652429
0.0,1,1.65522
0.0,1,1.656901
0.0,1,1.659074
0.0,1,1.660779
0.0,1,1.662274
0.0,1,1.663784
0.0,1,1.665265
0.0,1,1.666815
-0.065789,2,1.670721
-0.065789,2,1.67323
0.0,1,1.674316
0.0,1,1.675385
0.0,1,1.676405
0.0,1,1.677431
0.0,1,1.678417
0.0,1,1.679403
0.0,1,1.680496
0.0,1,1.68152
0.0,1,1.682574
0.0,1,1.684323
0.0,1,1.685898
0.0,1,1.68693
0.0,1,1.68799
0.0,1,1.689048
-0.065789,2,1.691107
-0.065789,2,1.693186
0.0,1,1.694229
0.0,1,1.69526
0.0,1,1.69625
0.0,1,1.697251
-0.065789,2,1.699313
-0.065789,2,1.702472
0.0,1,1.703557
0.0,1,1.704542
0.0,1,1.705588
0.552632,3,1.708717
0.0,1,1.709759
0.0,1,1.710849
0.276316,2,1.712986
-0.065789,2,1.714999
0.0,1,1.716026
0.0,1,1.717663
0.0,1,1.719171
0.0,1,1.72022
0.0,1,1.721234
0.0,1,1.722222
-0.065789,2,1.724217
0.0,1,1.725235
0.0,1,1.726207
0.0,1,1.727261
0.0,1,1.728254
0.0,1,1.729226
0.144737,4,1.7334
0.0,1,1.735136
-0.065789,2,1.737274
0.0,1,1.738333
0.0,1,1.73941
0.0,1,1.740479
-0.065789,2,1.742559
0.276316,2,1.744646
0.0,1,1.745685
0.0,1,1.746778
0.0,1,1.747824
0.0,1,1.748921
0.0,1,1.749934
0.0,1,1.751515
0.0,1,1.754042
0.0,1,1.755691
0.0,1,1.757103
0.0,1,1.758451
0.0,1,1.759844
0.0,1,1.761288
0.0,1,1.76271
-0.131579,3,1.766611
0.276316,2,1.770182
0.0,1,1.771564
0.276316,2,1.774347
0.0,1,1.775773
0.0,1,1.77706
0.697368,3,1.780046
0.0,1,1.781114
0.0,1,1.782172
0.0,1,1.783149
0.276316,2,1.786286
0.0,1,1.787779
0.0,1,1.78879
0.0,1,1.789775
0.0,1,1.790739
0.0,1,1.791739
-0.065789,2,1.79362
0.0,1,1.794622
0.0,1,1.795632
-0.131579,3,1.798578
0.552632,3,1.802207
0.0,1,1.803238
0.0,1,1.80421
-0.131579,3,1.807106
0.0,1,1.808106
0.210526,3,1.81106
0.0,1,1.812022
0.0,1,1.813055
0.0,1,1.814021
0.276316,2,1.816335
0.0,1,1.817858
0.0,1,1.8194
0.0,1,1.820369
0.0,1,1.821422
0.276316,2,1.823393
0.276316,2,1.825305
0.0,1,1.826246
0.0,1,1.827205
0.210526,3,1.830152
0.276316,2,1.832185
0.0,1,1.833201
0.0,1,1.834608
0.0,1,1.835884
0.0,1,1.83694
-0.065789,2,1.838986
0.0,1,1.839988
0.0,1,1.840982
0.0,1,1.841932
0.0,1,1.842934
-0.065789,2,1.845716
0.0,1,1.846766
0.0,1,1.847764
0.0,1,1.848798
0.0,1,1.84983
-0.065789,2,1.85202
0.0,1,1.853016
0.0,1,1.854078
0.276316,2,1.856655
0.0,1,1.857962
0.0,1,1.859259
0.0,1,1.860288
0.0,1,1.861258
0.144737,4,1.865141
0.0,1,1.8661
0.0,1,1.867075
0.0,1,1.868055
0.0,1,1.869072
0.0,1,1.870078
-0.065789,2,1.872005
0.552632,3,1.874815
0.0,1,1.875798
0.0,1,1.876754
0.552632,3,1.879713
0.0,1,1.880616
0.276316,2,1.882553
0.0,1,1.88352
0.0,1,1.884573
-0.065789,2,1.886565
0.0,1,1.887536
0.276316,2,1.889462
0.0,1,1.890432
0.0,1,1.891413
0.0,1,1.89238
0.0,1,1.893373
0.0,1,1.894344
0.0,1,1.895342
0.0,1,1.896596
0.0,1,1.897636
0.0,1,1.898648
0.0,1,1.899649
0.0,1,1.90065
0.0,1,1.901654
0.0,1,1.902615
0.0,1,1.903815
0.0,1,1.905115
-0.065789,2,1.907717
0.0,1,1.909038
0.0,1,1.910323
0.276316,2,1.912295
0.0,1,1.913254
0.0,1,1.914214
-0.065789,2,1.916162
0.0,1,1.917099
0.0,1,1.918106
0.0,1,1.919094
-0.065789,2,1.921067
0.0,1,1.921988
0.0,1,1.92298
0.0,1,1.923942
0.276316,2,1.925841
0.210526,3,1.929622
0.0,1,1.930947
0.0,1,1.932283
0.210526,3,1.935537
0.0,1,1.936514
-0.065789,2,1.938468
0.0,1,1.939444
0.0,1,1.940371
0.276316,2,1.942334
0.0,1,1.943284
0.0,1,1.94424
0.276316,2,1.946122
0.144737,4,1.949955
0.0,1,1.950893
0.0,1,1.951821
0.0,1,1.952836
0.0,1,1.95384
0.0,1,1.954957
0.0,1,1.955942
0.0,1,1.956913
0.0,1,1.957943
0.276316,2,1.959909
0.0,1,1.960925
0.0,1,1.962048
0.0,1,1.963168
0.0,1,1.964201
0.0,1,1.965973
0.0,1,1.968129
0.276316,2,1.971457
0.0,1,1.972491
0.276316,2,1.974553
0.276316,2,1.977483
0.0,1,1.979118
0.0,1,1.980752
0.0,1,1.98245
0.0,1,1.984691
0.276316,2,1.987886
0.276316,2,1.989866
0.276316,2,1.991869
0.0,1,1.992911
0.0,1,1.993892
0.276316,2,1.995879
0.0,1,1.996919
0.0,1,1.997943
0.276316,2,1.999927
0.0,1,2.001165
0.0,1,2.00219
0.0,1,2.003188
0.0,1,2.004214
-0.065789,2,2.006195
0.276316,2,2.00814
0.0,1,2.009133
0.0,1,2.010145
0.0,1,2.01114
0.0,1,2.012169
0.0,1,2.013113
-0.065789,2,2.015097
-0.065789,2,2.017215
0.0,1,2.018187
-0.131579,3,2.02111
0.0,1,2.022102
-0.065789,2,2.024107
0.0,1,2.025104
0.0,1,2.026071
0.0,1,2.027108
0.0,1,2.028118
0.0,1,2.029117
0.0,1,2.030115
0.276316,2,2.032108
0.0,1,2.033099
0.0,1,2.034175
0.0,1,2.035184
0.0,1,2.036205
0.0,1,2.0372
0.276316,2,2.039167
0.210526,3,2.04211
0.0,1,2.043125
0.0,1,2.04414
0.0,1,2.045119
0.0,1,2.046129
-0.065789,2,2.048167
0.0,1,2.049175
0.0,1,2.050164
0.0,1,2.051221
0.0,1,2.05222
0.0,1,2.053219
0.0,1,2.054223
0.0,1,2.055203
0.552632,3,2.058151
0.0,1,2.059139
0.0,1,2.060108
0.0,1,2.061122
0.0,1,2.062089
0.0,1,2.063105
0.0,1,2.064109
0.0,1,2.065114
0.0,1,2.066118
0.0,1,2.06721
0.0,1,2.068208
0.0,1,2.069214
0.144737,4,2.073164
0.0,1,2.074468
0.0,1,2.075472
0.0,1,2.076462
0.0,1,2.077466
0.0,1,2.07847
0.276316,2,2.080542
0.0,1,2.081585
0.0,1,2.082592
0.0,1,2.08368
-0.065789,2,2.085873
0.0,1,2.087126
0.276316,2,2.089462
0.0,1,2.090506
0.0,1,2.091492
0.0,1,2.092444
0.0,1,2.09343
0.0,1,2.094382
0.0,1,2.095367
0.0,1,2.096357
0.0,1,2.097419
0.0,1,2.098418
0.0,1,2.099405
0.0,1,2.100636
0.0,1,2.101728
-0.065789,2,2.103767
0.276316,2,2.105806
0.0,1,2.106836
0.0,1,2.107865
0.0,1,2.108893
0.0,1,2.109913
0.0,1,2.110958
0.210526,3,2.113979
0.210526,3,2.117023
-0.065789,2,2.119034
0.0,1,2.120035
-0.065789,2,2.122055
0.0,1,2.123084
0.276316,2,2.125748
0.0,1,2.126973
0.276316,2,2.128954
0.276316,2,2.130958
0.0,1,2.131979
0.276316,2,2.13395
0.0,1,2.135416
0.552632,3,2.139974
0.0,1,2.14132
0.0,1,2.142662
0.0,1,2.14401
-0.197368,4,2.148732
0.0,1,2.149732
0.0,1,2.150771
0.276316,2,2.152809
0.552632,3,2.155829
0.0,1,2.156858
-0.065789,2,2.158908
0.276316,2,2.160952
0.0,1,2.161965
0.0,1,2.162983
0.0,1,2.16402
0.0,1,2.165029
0.0,1,2.166059
-0.131579,3,2.169209
0.0,1,2.170269
0.0,1,2.171335
0.276316,2,2.173393
0.0,1,2.174427
0.0,1,2.175472
0.0,1,2.176487
0.0,1,2.177537
0.0,1,2.178584
0.0,1,2.17961
-0.065789,2,2.181711
0.0,1,2.182722
0.0,1,2.183772
0.0,1,2.184903
-0.065789,2,2.186999
0.0,1,2.188048
0.0,1,2.189095
0.0,1,2.190106
0.0,1,2.191175
0.0,1,2.192213
0.0,1,2.193226
0.0,1,2.194208
0.697368,3,2.197342
0.0,1,2.198399
0.0,1,2.199439
0.697368,3,2.202477
0.276316,2,2.204577
0.0,1,2.205631
0.0,1,2.206682
0.0,1,2.207767
0.0,1,2.208785
0.0,1,2.20977
0.0,1,2.210846
0.0,1,2.21189
0.276316,2,2.21396
0.210526,3,2.217018
0.276316,2,2.219145
0.276316,2,2.221217
0.0,1,2.22224
0.0,1,2.223287
0.0,1,2.22428
-0.065789,2,2.2263
-0.065789,2,2.228338
0.0,1,2.229326
0.0,1,2.230338
0.0,1,2.231358
0.0,1,2.232372
0.0,1,2.233371
-0.065789,2,2.235375
0.0,1,2.236383
0.0,1,2.237409
-0.065789,2,2.239513
-0.065789,2,2.24157
0.0,1,2.242619
0.0,1,2.243632
-0.065789,2,2.245689
0.0,1,2.246721
0.0,1,2.247804
0.276316,2,2.249835
0.0,1,2.250812
0.0,1,2.251882
0.0,1,2.252914
0.0,1,2.253983
0.0,1,2.255044
0.0,1,2.256077
0.0,1,2.257126
0.0,1,2.258151
0.0,1,2.259165
0.0,1,2.260225
0.0,1,2.261231
0.0,1,2.262279
0.0,1,2.263311
0.0,1,2.264355
0.0,1,2.265405
0.0,1,2.266366
0.0,1,2.267341
0.0,1,2.268383
-0.065789,2,2.270411
0.0,1,2.271498
-0.065789,2,2.273584
0.0,1,2.274606
0.0,1,2.275631
0.0,1,2.276648
0.0,1,2.277719
0.0,1,2.278736
0.210526,3,2.281691
0.0,1,2.282712
0.0,1,2.283699
0.0,1,2.284815
0.0,1,2.285851
0.276316,2,2.287879
0.0,1,2.288888
0.0,1,2.289936
0.0,1,2.29098
0.0,1,2.292007
0.276316,2,2.29406
0.0,1,2.295086
0.276316,2,2.297132
0.0,1,2.298166
0.0,1,2.299211
0.0,1,2.30023
0.0,1,2.301274
-0.131579,3,2.304316
0.0,1,2.305336
0.0,1,2.306388
0.276316,2,2.308512
0.0,1,2.309549
0.0,1,2.310562
0.0,1,2.311575
-0.131579,3,2.314639
0.0,1,2.315718
0.0,1,2.316757
-0.065789,2,2.318836
0.0,1,2.319904
0.0,1,2.320925
0.0,1,2.322638
0.0,1,2.324213
0.0,1,2.325564
0.0,1,2.326879
0.0,1,2.328223
-0.131579,3,2.332237
0.0,1,2.333409
0.0,1,2.334495
0.0,1,2.335483
0.0,1,2.336457
0.276316,2,2.338436
0.276316,2,2.340405
0.276316,2,2.342419
0.0,1,2.343443
0.0,1,2.344456
0.0,1,2.34546
0.0,1,2.346422
0.552632,3,2.349383
-0.065789,2,2.351431
0.0,1,2.352448
0.0,1,2.353468
0.0,1,2.354488
-0.065789,2,2.356499
0.0,1,2.357478
0.0,1,2.358482
-0.065789,2,2.360502
0.0,1,2.361467
0.0,1,2.362479
0.0,1,2.363499
0.0,1,2.364514
0.0,1,2.365482
0.276316,2,2.36754
0.0,1,2.368548
0.0,1,2.369555
0.0,1,2.370574
0.0,1,2.371578
0.0,1,2.37259
0.0,1,2.373599
0.210526,3,2.376575
0.0,1,2.377586
0.0,1,2.378595
0.0,1,2.379565
0.0,1,2.380558
0.0,1,2.381526
0.0,1,2.382511
0.0,1,2.38347
0.0,1,2.384571
0.0,1,2.385613
0.210526,3,2.388599
0.0,1,2.389592
-0.065789,2,2.391719
-0.065789,2,2.393776
0.0,1,2.394823
0.0,1,2.395809
0.0,1,2.39687
0.0,1,2.397906
0.0,1,2.398957
0.0,1,2.399988
0.0,1,2.401106
0.0,1,2.402149
0.0,1,2.403205
0.0,1,2.404209
0.0,1,2.405243
0.276316,2,2.407147
0.276316,2,2.409145
0.0,1,2.410135
-0.065789,2,2.412084
0.0,1,2.413094
0.0,1,2.414103
0.276316,2,2.41609
0.0,1,2.41713
0.0,1,2.418217
0.0,1,2.41923
0.276316,2,2.421283
0.276316,2,2.423317
0.0,1,2.424314
0.276316,2,2.426363
0.0,1,2.427402
0.0,1,2.428436
0.0,1,2.429499
-0.065789,2,2.431747
0.276316,2,2.433734
0.0,1,2.434949
0.0,1,2.435936
0.0,1,2.43694
0.0,1,2.437931
0.0,1,2.438937
0.0,1,2.439977
-0.065789,2,2.441942
0.276316,2,2.443901
0.0,1,2.444906
0.0,1,2.445884
-0.065789,2,2.447828
0.0,1,2.448793
0.0,1,2.449791
0.0,1,2.450872
0.0,1,2.451874
0.0,1,2.452878
0.0,1,2.453877
0.0,1,2.454894
0.0,1,2.455866
0.0,1,2.456919
0.276316,2,2.459066
-0.065789,2,2.461045
0.0,1,2.462026
0.0,1,2.463034
0.0,1,2.464085
0.276316,2,2.46614
0.276316,2,2.468504
0.0,1,2.469551
-0.065789,2,2.472359
0.0,1,2.474105
0.0,1,2.475871
0.0,1,2.476849
0.0,1,2.477859
0.0,1,2.478871
0.276316,2,2.480968
0.276316,2,2.482947
0.0,1,2.483968
0.0,1,2.48505
0.0,1,2.486061
0.276316,2,2.48856
0.0,1,2.489579
0.0,1,2.490555
0.0,1,2.491565
0.0,1,2.492593
0.0,1,2.493616
0.0,1,2.494638
0.0,1,2.495639
0.276316,2,2.497774
0.0,1,2.498779
0.0,1,2.499822
0.0,1,2.500918
0.0,1,2.501967
0.0,1,2.502973
0.276316,2,2.50498
0.276316,2,2.50696
0.0,1,2.507962
0.0,1,2.508993
0.0,1,2.509979
-0.065789,2,2.511984
0.0,1,2.513002
0.0,1,2.514002
0.0,1,2.515017
0.0,1,2.516068
0.0,1,2.517045
0.0,1,2.518084
0.0,1,2.51907
-0.065789,2,2.521073
-0.065789,2,2.523064
0.276316,2,2.525056
-0.065789,2,2.527094
0.0,1,2.528121
0.276316,2,2.530084
0.0,1,2.531067
0.0,1,2.532073
0.0,1,2.533039
0.276316,2,2.535053
0.0,1,2.536065
0.0,1,2.537049
0.276316,2,2.539072
0.210526,3,2.542104
0.0,1,2.543094
0.0,1,2.544101
-0.065789,2,2.546073
0.0,1,2.547057
0.0,1,2.548107
0.0,1,2.549097
0.0,1,2.550129
0.0,1,2.551152
-0.065789,2,2.553199
-0.065789,2,2.555247
0.210526,3,2.558186
0.0,1,2.559191
0.0,1,2.560234
0.0,1,2.561248
0.276316,2,2.563303
0.0,1,2.564375
0.0,1,2.565389
0.0,1,2.566395
0.0,1,2.567372
-0.065789,2,2.569335
0.0,1,2.570574
0.0,1,2.571958
0.276316,2,2.573901
0.0,1,2.574918
0.0,1,2.57594
0.276316,2,2.577958
0.0,1,2.578999
0.0,1,2.580025
0.0,1,2.581074
-0.065789,2,2.583033
0.276316,2,2.585046
0.0,1,2.585997
-0.065789,2,2.587954
0.0,1,2.588919
0.0,1,2.58989
0.276316,2,2.591822
0.631579,4,2.595727
0.0,1,2.596691
0.276316,2,2.598678
0.0,1,2.599724
-0.065789,2,2.601655
0.0,1,2.602632
0.552632,3,2.605556
0.210526,3,2.608405
0.0,1,2.609356
0.0,1,2.610337
0.0,1,2.611331
0.0,1,2.612318
0.0,1,2.613323
0.0,1,2.614312
0.0,1,2.615272
0.276316,2,2.617189
-0.131579,3,2.620146
0.0,1,2.621132
-0.131579,3,2.624069
0.0,1,2.625043
0.276316,2,2.62699
0.0,1,2.627975
0.0,1,2.628947
0.0,1,2.629937
0.0,1,2.630947
-0.065789,2,2.632947
0.276316,2,2.634931
-0.065789,2,2.636886
0.0,1,2.637844
0.0,1,2.638851
0.552632,3,2.64174
0.0,1,2.642733
-0.065789,2,2.64474
0.0,1,2.645724
0.0,1,2.646737
0.0,1,2.647748
0.0,1,2.648743
0.276316,2,2.650733
0.0,1,2.651711
0.0,1,2.65269
0.0,1,2.653662
-0.065789,2,2.655665
0.0,1,2.656607
0.0,1,2.65759
0.0,1,2.658597
0.697368,3,2.661407
-0.065789,2,2.663348
0.0,1,2.66434
0.276316,2,2.666195
0.0,1,2.667207
0.0,1,2.668196
0.0,1,2.669198
-0.131579,3,2.672132
-0.065789,2,2.67413
0.0,1,2.675133
0.0,1,2.676121
0.0,1,2.67711
0.0,1,2.678101
0.0,1,2.679097
0.0,1,2.680092
0.0,1,2.681063
0.0,1,2.682063
0.0,1,2.683068
0.0,1,2.684054
0.0,1,2.685015
-0.065789,2,2.687006
0.0,1,2.687989
0.0,1,2.688988
0.0,1,2.689945
0.0,1,2.690951
-0.065789,2,2.6929
0.276316,2,2.694872
0.0,1,2.695896
0.0,1,2.696864
0.0,1,2.697854
0.0,1,2.698863
0.0,1,2.699855
0.552632,3,2.702801
0.0,1,2.703791
0.0,1,2.704767
-0.065789,2,2.706734
0.0,1,2.707757
0.0,1,2.708757
0.0,1,2.709764
0.0,1,2.710778
0.0,1,2.711802
0.0,1,2.712809
0.0,1,2.71383
0.0,1,2.714837
0.0,1,2.71586
0.0,1,2.716897
0.0,1,2.717944
0.0,1,2.718986
0.276316,2,2.720984
0.0,1,2.721993
0.0,1,2.722956
0.0,1,2.723971
0.0,1,2.724913
0.0,1,2.725851
0.0,1,2.726807
0.276316,2,2.728779
0.0,1,2.72972
0.0,1,2.730696
0.0,1,2.731708
-0.065789,2,2.733715
0.0,1,2.734722
0.0,1,2.735748
0.0,1,2.73674
0.0,1,2.737749
0.0,1,2.738765
0.276316,2,2.740726
0.0,1,2.741735
0.210526,3,2.744698
0.0,1,2.745709
0.0,1,2.746704
0.0,1,2.747717
0.0,1,2.748678
-0.065789,2,2.750637
0.0,1,2.75168
0.0,1,2.75263
0.0,1,2.753639
0.0,1,2.754589
-0.131579,3,2.757561
0.0,1,2.758572
-0.065789,2,2.760535
0.0,1,2.761533
0.0,1,2.762552
0.0,1,2.763591
0.0,1,2.764617
0.0,1,2.765634
0.0,1,2.766659
0.276316,2,2.768668
-0.065789,2,2.770671
0.276316,2,2.772638
0.0,1,2.77363
0.0,1,2.774599
-0.131579,3,2.77752
0.210526,3,2.780469
0.697368,3,2.783473
-0.065789,2,2.785417
0.0,1,2.786349
0.0,1,2.787345
0.0,1,2.78832
0.0,1,2.789289
0.0,1,2.790271
-0.065789,2,2.792229
0.276316,2,2.794126
0.210526,3,2.796942
0.276316,2,2.798835
0.0,1,2.79981
0.0,1,2.800745
-0.065789,2,2.802642
0.0,1,2.803577
0.0,1,2.804557
0.0,1,2.805486
0.0,1,2.806473
0.276316,2,2.80848
-0.065789,2,2.810383
0.276316,2,2.812299
0.0,1,2.813274
0.0,1,2.814247
0.0,1,2.815235
0.0,1,2.816164
0.0,1,2.817033
0.276316,2,2.818907
0.0,1,2.819833
0.0,1,2.820753
0.0,1,2.821745
0.276316,2,2.823691
0.0,1,2.824689
0.0,1,2.825669
0.0,1,2.826681
-0.065789,2,2.828663
0.210526,3,2.831606
0.0,1,2.832623
0.276316,2,2.834605
0.0,1,2.835613
0.0,1,2.836623
0.276316,2,2.83857
0.0,1,2.839544
0.0,1,2.840604
0.0,1,2.841625
-0.065789,2,2.843632
0.0,1,2.844628
0.0,1,2.845632
0.0,1,2.846644
0.0,1,2.847615
0.0,1,2.84862
0.0,1,2.849618
0.0,1,2.85057
0.0,1,2.851597
0.0,1,2.85255
0.0,1,2.853536
0.0,1,2.854542
0.0,1,2.85549
0.276316,2,2.857475
0.0,1,2.858466
0.0,1,2.859452
0.0,1,2.860452
0.0,1,2.861437
-0.065789,2,2.863449
0.0,1,2.864472
0.0,1,2.865459
0.0,1,2.866448
0.0,1,2.867468
0.0,1,2.868504
0.0,1,2.869499
0.0,1,2.870502
0.552632,3,2.873513
0.0,1,2.874528
0.0,1,2.875529
0.631579,4,2.879568
0.276316,2,2.881579
0.0,1,2.882605
0.0,1,2.883614
-0.065789,2,2.885622
0.0,1,2.88667
0.0,1,2.887726
0.0,1,2.888787
0.0,1,2.889819
-0.065789,2,2.892096
0.0,1,2.893133
0.0,1,2.894102
0.0,1,2.895129
0.0,1,2.896113
0.0,1,2.897098
0.552632,3,2.89999
0.0,1,2.900939
-0.065789,2,2.9029
0.0,1,2.903913
0.0,1,2.904906
0.0,1,2.905863
0.0,1,2.906859
0.0,1,2.907839
0.0,1,2.908832
0.0,1,2.909803
0.0,1,2.910795
0.276316,2,2.912749
0.276316,2,2.914747
0.0,1,2.915725
0.0,1,2.91679
0.0,1,2.917866
0.276316,2,2.919882
0.276316,2,2.921843
-0.065789,2,2.923871
0.552632,3,2.926758
0.276316,2,2.928767
0.552632,3,2.931808
0.0,1,2.932857
0.210526,3,2.93588
0.0,1,2.936895
0.0,1,2.93783
0.276316,2,2.9398
0.0,1,2.940806
0.276316,2,2.942688
0.0,1,2.943688
0.276316,2,2.945677
0.276316,2,2.947664
0.0,1,2.948659
0.0,1,2.949677
0.0,1,2.950679
0.276316,2,2.952795
0.0,1,2.953746
0.0,1,2.954798
0.0,1,2.955827
0.0,1,2.956797
0.0,1,2.957749
0.0,1,2.9587
0.0,1,2.959661
0.0,1,2.960607
0.276316,2,2.966805
0.276316,2,2.969527
0.0,1,2.970585
0.0,1,2.971651
0.0,1,2.972665
0.0,1,2.973675
0.276316,2,2.975664
0.0,1,2.976676
0.0,1,2.977676
-0.065789,2,2.97966
-0.065789,2,2.981898
0.0,1,2.983339
0.0,1,2.984683
0.0,1,2.986436
0.0,1,2.988114
0.0,1,2.989964
0.0,1,2.991918
0.0,1,2.993112
-0.065789,2,2.99579
0.0,1,2.99719
0.276316,2,2.999581
0.0,1,3.000547
0.0,1,3.001928
0.0,1,3.003233
0.0,1,3.004509
0.0,1,3.006317
0.0,1,3.008013
0.0,1,3.009703
0.0,1,3.011208
0.276316,2,3.014055
0.0,1,3.015503
0.0,1,3.016997
0.0,1,3.01876
-0.065789,2,3.021201
0.210526,3,3.024484
0.0,1,3.025526
0.0,1,3.026633
0.0,1,3.027708
0.0,1,3.028778
0.0,1,3.029852
-0.131579,3,3.032996
0.0,1,3.034046
0.276316,2,3.036405
0.0,1,3.037558
0.0,1,3.038942
0.0,1,3.039976
0.0,1,3.040996
0.0,1,3.042
0.0,1,3.043021
0.276316,2,3.045051
0.0,1,3.046105
0.276316,2,3.048167
0.0,1,3.049182
0.276316,2,3.051221
0.210526,3,3.054267
0.0,1,3.055291
0.210526,3,3.058297
0.0,1,3.059297
0.276316,2,3.061247
0.0,1,3.062263
0.0,1,3.063295
0.0,1,3.064292
-0.065789,2,3.066308
0.0,1,3.067297
0.0,1,3.068276
0.0,1,3.069245
0.0,1,3.070217
0.0,1,3.071229
0.0,1,3.072212
0.0,1,3.073242
0.0,1,3.074246
0.276316,2,3.076232
0.0,1,3.077223
0.0,1,3.078199
0.0,1,3.079215
-0.065789,2,3.081233
-0.065789,2,3.083247
0.0,1,3.084264
0.0,1,3.085269
0.0,1,3.086268
0.276316,2,3.088976
0.0,1,3.090674
0.0,1,3.092452
0.0,1,3.094208
-0.065789,2,3.096728
0.552632,3,3.099815
0.0,1,3.10087
0.276316,2,3.102843
-0.065789,2,3.106207
0.0,1,3.107813
0.0,1,3.109154
0.0,1,3.110535
0.0,1,3.111815
0.0,1,3.113076
0.0,1,3.114379
-0.065789,2,3.117048
0.0,1,3.118092
0.0,1,3.119064
0.0,1,3.120034
0.0,1,3.121016
0.0,1,3.121956
0.0,1,3.122927
0.276316,2,3.124827
0.0,1,3.125826
-0.065789,2,3.127748
0.0,1,3.128727
0.552632,3,3.131743
0.0,1,3.132729
0.0,1,3.133756
0.0,1,3.134741
0.0,1,3.135768
0.0,1,3.136742
0.552632,3,3.139716
0.0,1,3.140708
-0.065789,2,3.142684
0.0,1,3.14371
0.0,1,3.144678
0.0,1,3.145721
0.552632,3,3.148697
0.0,1,3.149691
0.0,1,3.150665
0.0,1,3.151651
-0.065789,2,3.153674
0.276316,2,3.15561
0.276316,2,3.157566
0.0,1,3.158572
0.0,1,3.159539
0.0,1,3.160507
0.0,1,3.161474
-0.065789,2,3.163795
-0.065789,2,3.165789
-0.065789,2,3.16776
0.0,1,3.168897
0.0,1,3.169925
0.552632,3,3.173431
0.0,1,3.17444
0.0,1,3.17543
0.0,1,3.176405
0.0,1,3.177378
0.0,1,3.178354
0.0,1,3.179323
-0.065789,2,3.181266
0.0,1,3.182273
0.0,1,3.183294
0.276316,2,3.185464
-0.065789,2,3.1874
0.0,1,3.188411
-0.065789,2,3.190412
-0.065789,2,3.192333
0.0,1,3.193337
-0.065789,2,3.195334
0.0,1,3.19633
0.0,1,3.197358
0.0,1,3.198315
0.0,1,3.199293
0.0,1,3.200281
0.0,1,3.201239
0.0,1,3.202257
0.0,1,3.203267
0.0,1,3.204236
0.0,1,3.205238
0.0,1,3.206219
0.0,1,3.207215
0.0,1,3.208184
0.0,1,3.209131
0.0,1,3.210102
0.0,1,3.211061
0.0,1,3.212012
0.0,1,3.212971
0.276316,2,3.214969
0.276316,2,3.216801
0.0,1,3.217704
0.0,1,3.218607
0.0,1,3.219498
-0.065789,2,3.221388
0.0,1,3.222321
0.697368,3,3.225198
-0.065789,2,3.227151
0.0,1,3.22812
0.0,1,3.229084
0.0,1,3.230055
0.0,1,3.23104
0.552632,3,3.233924
0.276316,2,3.235868
0.0,1,3.236822
0.0,1,3.237787
0.0,1,3.238718
0.0,1,3.239688
0.0,1,3.240668
0.276316,2,3.242523
0.0,1,3.243499
0.276316,2,3.245433
0.0,1,3.2464
0.0,1,3.247379
0.0,1,3.248359
0.0,1,3.249344
0.0,1,3.250268
0.0,1,3.251265
-0.065789,2,3.253188
-0.065789,2,3.2551
0.0,1,3.25602
0.0,1,3.256975
-0.131579,3,3.25987
0.0,1,3.260831
0.0,1,3.261787
0.0,1,3.262765
0.0,1,3.263744
0.276316,2,3.265666
0.0,1,3.266662
0.0,1,3.267611
0.0,1,3.268538
0.0,1,3.269533
-0.065789,2,3.271477
0.0,1,3.272434
0.0,1,3.273395
0.276316,2,3.275351
0.0,1,3.276317
0.0,1,3.277263
0.0,1,3.278225
0.0,1,3.279195
0.0,1,3.280162
0.0,1,3.281116
0.0,1,3.282119
0.0,1,3.283092
0.0,1,3.284057
0.0,1,3.285029
0.0,1,3.286002
0.0,1,3.286959
0.0,1,3.287936
0.276316,2,3.289798
0.0,1,3.290749
0.0,1,3.291708
0.276316,2,3.293622
-0.065789,2,3.295561
-0.065789,2,3.297493
0.0,1,3.298484
0.276316,2,3.300446
0.276316,2,3.30243
0.0,1,3.30339
0.0,1,3.304369
0.0,1,3.305335
0.0,1,3.306319
0.0,1,3.30726
0.552632,3,3.310098
0.0,1,3.311065
0.0,1,3.312043
0.0,1,3.313011
0.0,1,3.31398
0.0,1,3.314953
0.276316,2,3.316831
0.0,1,3.31779
0.276316,2,3.319731
0.0,1,3.320661
0.0,1,3.321634
0.0,1,3.322596
0.0,1,3.323611
0.276316,2,3.325584
0.0,1,3.326589
0.276316,2,3.328576
0.0,1,3.329525
0.0,1,3.330515
0.0,1,3.331522
0.0,1,3.332463
0.0,1,3.333461
0.0,1,3.334451
0.0,1,3.335463
0.0,1,3.336474
0.0,1,3.337476
0.0,1,3.33847
0.0,1,3.33952
0.276316,2,3.341511
0.276316,2,3.343552
0.0,1,3.344573
0.0,1,3.345591
0.0,1,3.346624
-0.131579,3,3.349671
0.0,1,3.350701
0.0,1,3.351722
0.0,1,3.352756
0.0,1,3.353767
-0.065789,2,3.355791
0.0,1,3.356793
0.210526,3,3.359837
0.0,1,3.360859
0.0,1,3.361853
0.0,1,3.36288
0.0,1,3.363925
0.552632,3,3.366944
0.0,1,3.367993
0.0,1,3.369008
-0.065789,2,3.370998
0.276316,2,3.373062
0.276316,2,3.375092
0.0,1,3.376123
0.552632,3,3.379175
0.0,1,3.380207
0.0,1,3.381214
0.0,1,3.38219
0.0,1,3.383192
0.0,1,3.384211
0.0,1,3.385236
0.0,1,3.386257
0.0,1,3.38727
0.276316,2,3.389294
0.0,1,3.390301
0.0,1,3.391311
0.0,1,3.392323
0.0,1,3.393322
0.0,1,3.394303
-0.065789,2,3.396305
0.0,1,3.397321
0.0,1,3.398363
0.276316,2,3.400372
-0.065789,2,3.402437
-0.065789,2,3.404498
-0.065789,2,3.406534
0.0,1,3.407582
0.0,1,3.408612
0.0,1,3.409639
0.0,1,3.41068
0.210526,3,3.413688
0.0,1,3.414736
-0.065789,2,3.416724
0.552632,3,3.41981
0.276316,2,3.421829
0.0,1,3.422843
0.0,1,3.423854
0.0,1,3.424879
0.210526,3,3.427814
0.0,1,3.428814
0.0,1,3.429833
0.0,1,3.430878
0.0,1,3.431897
0.276316,2,3.433887
0.0,1,3.434907
-0.065789,2,3.436924
0.0,1,3.437942
0.0,1,3.438986
0.0,1,3.439985
0.552632,3,3.443052
-0.065789,2,3.445075
0.0,1,3.446101
0.276316,2,3.448125
0.276316,2,3.450162
0.0,1,3.451189
0.0,1,3.45221
0.0,1,3.453234
0.276316,2,3.455252
0.0,1,3.456241
0.276316,2,3.458273
0.0,1,3.459303
0.144737,4,3.463328
0.0,1,3.464464
0.0,1,3.465719
0.0,1,3.467001
0.0,1,3.468032
0.0,1,3.469433
0.0,1,3.470455
-0.065789,2,3.472373
0.0,1,3.4733
0.0,1,3.474239
0.0,1,3.475163
0.0,1,3.476125
0.276316,2,3.478056
0.0,1,3.479018
0.0,1,3.47998
0.0,1,3.480937
0.0,1,3.481903
-0.131579,3,3.48484
-0.131579,3,3.488406
-0.065789,2,3.490415
0.276316,2,3.492369
0.0,1,3.493355
0.0,1,3.494326
0.0,1,3.495347
0.276316,2,3.497329
0.552632,3,3.500283
0.0,1,3.501276
0.210526,3,3.504465
0.0,1,3.505467
0.552632,3,3.508497
0.0,1,3.509505
0.0,1,3.510518
-0.065789,2,3.512538
0.0,1,3.513559
0.0,1,3.514584
0.0,1,3.515591
0.0,1,3.516612
0.0,1,3.517627
0.0,1,3.518643
-0.065789,2,3.520666
0.0,1,3.521675
0.0,1,3.522701
0.0,1,3.523744
0.0,1,3.52474
-0.065789,2,3.526784
0.0,1,3.527768
0.0,1,3.528836
0.0,1,3.529832
0.0,1,3.530843
0.0,1,3.53187
0.0,1,3.532846
0.0,1,3.533869
0.0,1,3.53487
0.0,1,3.535902
0.0,1,3.536904
0.0,1,3.537881
0.0,1,3.538916
0.0,1,3.539928
0.0,1,3.540916
0.0,1,3.541949
0.0,1,3.542942
0.210526,3,3.545974
0.0,1,3.546974
0.276316,2,3.54902
0.0,1,3.550053
-0.065789,2,3.552026
-0.065789,2,3.55407
0.0,1,3.555141
0.0,1,3.556146
0.0,1,3.557154
0.0,1,3.558161
0.0,1,3.559183
0.0,1,3.5602
0.0,1,3.561208
0.276316,2,3.563241
0.0,1,3.564264
0.210526,3,3.567229
0.0,1,3.56824
0.276316,2,3.570221
0.0,1,3.57125
0.0,1,3.572227
0.0,1,3.573202
0.0,1,3.574195
0.0,1,3.57522
0.276316,2,3.577236
0.0,1,3.578216
0.552632,3,3.581254
0.0,1,3.582279
0.0,1,3.58329
0.0,1,3.584272
0.276316,2,3.586225
-0.065789,2,3.588204
-0.065789,2,3.590211
0.0,1,3.591241
0.0,1,3.592227
0.276316,2,3.594204
0.0,1,3.595225
0.0,1,3.596239
0.276316,2,3.59823
0.0,1,3.59924
-0.065789,2,3.601262
0.0,1,3.602282
-0.065789,2,3.604239
0.0,1,3.605229
0.0,1,3.606216
0.0,1,3.607238
0.210526,3,3.61016
0.0,1,3.611182
0.0,1,3.61217
0.276316,2,3.614052
0.0,1,3.615077
0.0,1,3.616081
0.0,1,3.617095
0.0,1,3.618104
0.0,1,3.619129
-0.065789,2,3.62113
-0.131579,3,3.62413
0.0,1,3.625121
-0.065789,2,3.627121
0.0,1,3.628115
0.552632,3,3.631101
-0.065789,2,3.633106
0.0,1,3.634112
0.0,1,3.63514
0.0,1,3.636138
0.0,1,3.637128
0.0,1,3.638148
0.0,1,3.639153
0.0,1,3.64017
0.0,1,3.641184
0.0,1,3.642184
0.0,1,3.643215
-0.065789,2,3.64522
0.0,1,3.646227
0.0,1,3.647248
0.0,1,3.648268
0.0,1,3.649279
-0.065789,2,3.651282
-0.065789,2,3.653306
0.276316,2,3.655318
0.276316,2,3.657279
0.0,1,3.658283
0.0,1,3.659266
0.0,1,3.66029
0.0,1,3.661274
0.0,1,3.662257
0.0,1,3.663272
0.210526,3,3.666194
0.0,1,3.667183
0.0,1,3.668207
0.0,1,3.669226
0.0,1,3.6702
0.0,1,3.671221
0.276316,2,3.67323
0.0,1,3.674247
0.552632,3,3.677283
0.0,1,3.678267
0.0,1,3.679268
0.0,1,3.680262
0.0,1,3.681199
-0.065789,2,3.683202
-0.065789,2,3.685235
0.276316,2,3.687213
0.0,1,3.688234
0.0,1,3.68925
0.0,1,3.690271
-0.065789,2,3.692268
0.0,1,3.693268
0.0,1,3.694224
0.0,1,3.695221
0.0,1,3.69618
0.144737,4,3.700179
0.0,1,3.701165
0.0,1,3.702186
-0.065789,2,3.7043
0.0,1,3.705336
-0.065789,2,3.707394
0.0,1,3.708399
0.0,1,3.709429
0.0,1,3.71045
0.0,1,3.711487
0.210526,3,3.714517
0.0,1,3.715549
-0.065789,2,3.717619
0.210526,3,3.720742
0.210526,3,3.723766
0.0,1,3.72483
0.0,1,3.725829
0.0,1,3.726817
0.0,1,3.727808
0.0,1,3.728794
0.0,1,3.729804
0.0,1,3.730794
0.0,1,3.731765
0.0,1,3.732761
-0.065789,2,3.734705
0.276316,2,3.736722
-0.065789,2,3.738744
0.0,1,3.739746
0.0,1,3.740744
0.0,1,3.741778
0.0,1,3.742795
0.0,1,3.743836
0.0,1,3.74486
0.276316,2,3.746949
0.276316,2,3.748943
0.0,1,3.749981
0.276316,2,3.752029
0.0,1,3.753034
0.552632,3,3.756076
0.276316,2,3.758111
0.0,1,3.759104
0.0,1,3.760114
0.0,1,3.761589
0.276316,2,3.763861
0.0,1,3.764861
-0.065789,2,3.766856
0.0,1,3.767882
0.0,1,3.769476
0.0,1,3.770816
0.276316,2,3.772822
0.0,1,3.773825
0.0,1,3.774812
-0.065789,2,3.776792
0.0,1,3.777797
0.0,1,3.778784
0.0,1,3.77978
0.0,1,3.780757
0.0,1,3.781739
0.0,1,3.78279
0.0,1,3.783791
-0.065789,2,3.786023
0.0,1,3.787084
0.0,1,3.788139
0.0,1,11.470745
0.0,1,11.472364
0.0,1,11.473533
0.0,1,11.474724
0.0,1,11.476183
0.0,1,11.477852
0.276316,2,11.480791
0.0,1,11.482614
0.0,1,11.4842
0.0,1,11.485581
0.0,1,11.486614
-0.065789,2,11.488961
0.0,1,11.4901
-0.065789,2,11.492192
-0.065789,2,11.494367
0.828947,4,11.498562
0.0,1,11.499607
0.0,1,11.500797
0.0,1,11.50178
0.697368,3,11.505065
0.0,1,11.50622
0.0,1,11.50722
-0.065789,2,11.50945
0.276316,2,11.511553
0.0,1,11.512813
0.0,1,11.51396
0.0,1,11.515109
0.0,1,11.516179
0.0,1,11.517295
0.552632,3,11.520635
0.0,1,11.521667
0.0,1,11.522804
0.0,1,11.523885
0.276316,2,11.52595
-0.065789,2,11.528226
0.0,1,11.529313
0.552632,3,11.532529
0.276316,2,11.534766
0.276316,2,11.536803
0.0,1,11.539356
0.0,1,11.541217
-0.065789,2,11.544165
0.276316,2,11.546942
0.0,1,11.548378
0.486842,4,11.553882
0.0,1,11.55582
0.0,1,11.557863
0.0,1,11.559431
0.0,1,11.561952
-0.065789,2,11.566194
0.0,1,11.56764
0.0,1,11.569039
0.0,1,11.570444
0.276316,2,11.573344
0.0,1,11.574413
0.276316,2,11.576819
-0.065789,2,11.57928
-0.065789,2,11.581325
0.0,1,11.582366
-0.065789,2,11.584403
0.0,1,11.585437
0.0,1,11.586448
0.0,1,11.587539
0.276316,2,11.58953
0.0,1,11.590558
0.0,1,11.591803
0.552632,3,11.595205
-0.065789,2,11.597286
0.0,1,11.59832
0.552632,3,11.601423
0.0,1,11.602464
0.0,1,11.60351
0.0,1,11.604505
0.0,1,11.605505
0.0,1,11.606562
0.0,1,11.6076
0.0,1,11.608646
0.0,1,11.609691
-0.065789,2,11.611652
0.0,1,11.612676
0.0,1,11.613669
0.0,1,11.614698
-0.065789,2,11.616834
0.0,1,11.617878
0.0,1,11.618931
0.0,1,11.619938
0.276316,2,11.621935
0.0,1,11.622996
0.552632,3,11.626019
0.0,1,11.627067
-0.065789,2,11.629057
0.0,1,11.630112
0.0,1,11.631108
-0.065789,2,11.63304
-0.065789,2,11.635124
0.0,1,11.636214
0.0,1,11.637239
0.0,1,11.63832
0.0,1,11.639395
0.0,1,11.640463
0.0,1,11.641501
-0.065789,2,11.643578
0.0,1,11.644614
0.276316,2,11.646638
0.0,1,11.647683
-0.065789,2,11.649734
0.0,1,11.65075
0.0,1,11.651765
0.0,1,11.652816
0.0,1,11.65389
0.276316,2,11.656017
-0.131579,3,11.659187
0.0,1,11.660237
0.0,1,11.661296
0.0,1,11.662337
0.276316,2,11.664459
0.0,1,11.66561
0.0,1,11.666733
0.0,1,11.667813
0.0,1,11.66901
-0.065789,2,11.671093
0.0,1,11.672132
0.0,1,11.673178
0.0,1,11.674449
0.0,1,11.675675
0.0,1,11.676667
-0.065789,2,11.678672
0.276316,2,11.680661
0.0,1,11.681638
0.0,1,11.682625
-0.065789,2,11.684634
0.0,1,11.685604
0.0,1,11.686693
0.0,1,11.687732
0.276316,2,11.689738
0.0,1,11.690758
0.0,1,11.692052
0.276316,2,11.694062
-0.065789,2,11.696487
0.552632,3,11.699369
0.0,1,11.700325
0.276316,2,11.702251
0.0,1,11.703277
0.0,1,11.704317
0.0,1,11.705323
0.0,1,11.706331
0.0,1,11.707365
-0.065789,2,11.709565
0.0,1,11.710626
0.0,1,11.71165
0.0,1,11.712641
0.0,1,11.713646
0.0,1,11.714664
0.0,1,11.715652
0.0,1,11.716644
0.0,1,11.717661
0.0,1,11.718693
0.0,1,11.71967
0.0,1,11.720695
0.0,1,11.721713
0.0,1,11.722735
0.0,1,11.723753
0.0,1,11.724771
0.0,1,11.725749
0.0,1,11.726786
0.0,1,11.727763
0.0,1,11.728776
0.0,1,11.729752
0.0,1,11.730731
0.0,1,11.731756
0.0,1,11.732738
0.0,1,11.733745
0.0,1,11.734787
0.0,1,11.7358
0.552632,3,11.73881
0.0,1,11.739836
0.0,1,11.740817
0.0,1,11.741828
-0.065789,2,11.743841
0.0,1,11.74482
0.276316,2,11.746857
0.0,1,11.747878
0.276316,2,11.749905
0.0,1,11.750941
0.0,1,11.751958
0.0,1,11.752978
0.0,1,11.753967
0.0,1,11.754972
0.0,1,11.755964
0.276316,2,11.75795
0.0,1,11.758945
0.0,1,11.75996
0.697368,3,11.762976
0.0,1,11.764001
0.0,1,11.76506
0.0,1,11.76605
0.0,1,11.767072
0.0,1,11.768035
0.0,1,11.769043
0.0,1,11.770053
0.0,1,11.77108
-0.065789,2,11.773099
0.0,1,11.774079
0.0,1,11.775102
-0.065789,2,11.777112
0.0,1,11.778131
0.0,1,11.779128
0.0,1,11.780145
0.0,1,11.781163
0.0,1,11.782175
0.276316,2,11.784119
0.0,1,11.785104
0.0,1,11.786082
0.276316,2,11.788108
0.0,1,11.789123
0.0,1,11.7901
0.0,1,11.791137
0.0,1,11.792151
0.0,1,11.793171
0.210526,3,11.79618
0.0,1,11.797166
0.552632,3,11.800172
0.276316,2,11.802126
0.0,1,11.803162
0.276316,2,11.805171
0.0,1,11.806192
0.0,1,11.80722
0.0,1,11.808262
0.276316,2,11.810312
0.0,1,11.811339
0.0,1,11.812322
0.0,1,11.813323
0.0,1,11.814326
0.0,1,11.815316
0.0,1,11.81627
0.0,1,11.817232
0.552632,3,11.82023
0.0,1,11.821245
0.0,1,11.822257
0.0,1,11.823246
0.0,1,11.824239
0.0,1,11.825253
0.276316,2,11.827258
0.0,1,11.828277
0.0,1,11.829287
0.0,1,11.830293
0.0,1,11.831325
0.0,1,11.832337
0.0,1,11.833347
0.0,1,11.834368
0.0,1,11.835352
0.0,1,11.836397
0.0,1,11.83746
0.0,1,11.838482
0.0,1,11.839539
0.0,1,11.840629
0.0,1,11.841715
0.0,1,11.843028
0.0,1,11.844034
0.0,1,11.845052
0.0,1,11.846039
0.0,1,11.847126
0.276316,2,11.849062
0.0,1,11.850083
0.0,1,11.851054
0.0,1,11.85206
-0.131579,3,11.855132
0.0,1,11.856134
0.0,1,11.857137
0.0,1,11.858185
0.0,1,11.859637
0.552632,3,11.862826
0.0,1,11.863835
0.0,1,11.864899
0.0,1,11.865932
0.0,1,11.866977
0.276316,2,11.869001
0.0,1,11.870059
0.276316,2,11.872198
0.0,1,11.873255
0.0,1,11.874621
0.276316,2,11.877118
0.0,1,11.87823
0.697368,3,11.881647
0.0,1,11.882695
0.276316,2,11.884788
0.0,1,11.885864
0.0,1,11.886938
0.0,1,11.888005
0.0,1,11.889045
0.0,1,11.890042
0.0,1,11.891088
-0.065789,2,11.893263
0.0,1,11.894303
-0.065789,2,11.896333
0.276316,2,11.898353
0.0,1,11.899396
0.276316,2,11.90148
0.0,1,11.90249
0.0,1,11.903516
0.0,1,11.90461
-0.065789,2,11.906655
0.210526,3,11.909672
0.0,1,11.910722
0.0,1,11.911728
0.631579,4,11.916988
0.0,1,11.918413
0.0,1,11.920021
-0.065789,2,11.922363
0.276316,2,11.924395
0.0,1,11.925406
0.0,1,11.926389
-0.065789,2,11.928399
0.0,1,11.929391
0.0,1,11.930359
0.276316,2,11.932327
0.0,1,11.933328
0.276316,2,11.935309
0.0,1,11.936322
0.210526,3,11.939305
0.0,1,11.940309
0.276316,2,11.94231
0.0,1,11.943321
0.276316,2,11.945244
0.0,1,11.946242
-0.065789,2,11.948218
0.0,1,11.949224
0.0,1,11.95022
0.0,1,11.951228
0.276316,2,11.953229
-0.065789,2,11.955253
0.0,1,11.956255
0.276316,2,11.958242
0.0,1,11.959332
0.0,1,11.965522
0.0,1,11.966652
0.276316,2,11.968958
0.0,1,11.970028
0.552632,3,11.973152
0.276316,2,11.975317
-0.065789,2,11.977643
0.552632,3,11.981008
0.552632,3,11.984022
0.0,1,11.984988
0.0,1,11.985948
0.0,1,11.986964
-0.065789,2,11.988938
0.276316,2,11.990971
0.0,1,11.992305
0.0,1,11.993339
0.0,1,11.994326
0.0,1,11.995603
0.0,1,11.99662
0.0,1,11.997577
0.0,1,11.998578
0.0,1,11.999555
0.0,1,12.000555
0.0,1,12.00155
0.0,1,12.002558
0.0,1,12.003548
0.552632,3,12.006504
0.0,1,12.007479
0.276316,2,12.009519
0.210526,3,12.01244
0.552632,3,12.016239
-0.065789,2,12.019257
0.0,1,12.020945
0.552632,3,12.026159
0.276316,2,12.02873
0.0,1,12.029765
0.0,1,12.030834
0.0,1,12.031884
0.276316,2,12.033966
0.0,1,12.035049
0.0,1,12.036106
0.0,1,12.037145
0.697368,3,12.040285
0.0,1,12.041327
0.0,1,12.042346
0.0,1,12.043438
0.0,1,12.044466
0.0,1,12.045507
0.0,1,12.046573
0.0,1,12.047615
0.0,1,12.048645
0.0,1,12.049684
0.276316,2,12.051755
0.0,1,12.052783
0.0,1,12.053847
0.0,1,12.054936
0.0,1,12.055936
0.0,1,12.056984
0.0,1,12.058013
0.0,1,12.059095
0.552632,3,12.062118
0.276316,2,12.064147
0.0,1,12.065278
0.0,1,12.066347
0.276316,2,12.068386
0.0,1,12.069367
0.276316,2,12.071373
0.0,1,12.072401
0.276316,2,12.074321
0.0,1,12.07536
0.0,1,12.076369
-0.065789,2,12.078418
0.0,1,12.079461
0.0,1,12.08049
0.0,1,12.081492
0.697368,3,12.084546
-0.065789,2,12.08657
0.0,1,12.087582
0.0,1,12.088581
0.0,1,12.08961
0.0,1,12.090644
0.0,1,12.091643
0.0,1,12.092614
-0.065789,2,12.094639
0.0,1,12.095605
0.276316,2,12.097678
0.0,1,12.098717
0.0,1,12.099776
0.0,1,12.100804
0.0,1,12.101858
0.0,1,12.10337
0.0,1,12.105289
0.276316,2,12.108602
0.552632,3,12.112887
0.0,1,12.114387
0.0,1,12.115751
0.0,1,12.117133
0.0,1,12.118568
0.0,1,12.120028
0.0,1,12.121127
0.0,1,12.122122
0.0,1,12.12314
0.0,1,12.124183
0.276316,2,12.126201
0.0,1,12.127209
0.0,1,12.128214
-0.065789,2,12.130975
-0.065789,2,12.133334
0.276316,2,12.135368
0.0,1,12.13666
0.0,1,12.138059
-0.065789,2,12.141596
0.0,1,12.143443
0.0,1,12.144935
0.276316,2,12.147384
0.0,1,12.148392
-0.065789,2,12.150376
0.697368,3,12.153315
0.0,1,12.154356
0.0,1,12.155399
0.0,1,12.156398
0.0,1,12.1574
0.0,1,12.15839
-0.065789,2,12.160613
0.0,1,12.161725
0.0,1,12.162782
0.0,1,12.164142
0.0,1,12.165161
0.0,1,12.166141
0.0,1,12.167147
0.0,1,12.16818
0.697368,3,12.171721
0.0,1,12.172729
0.0,1,12.173731
0.0,1,12.174741
0.0,1,12.175946
0.276316,2,12.177896
0.0,1,12.17926
-0.065789,2,12.181251
0.0,1,12.18225
0.0,1,12.183253
0.0,1,12.184264
0.0,1,12.185266
0.0,1,12.186265
0.0,1,12.187333
0.0,1,12.188482
0.0,1,12.189469
0.0,1,12.19052
0.0,1,12.191549
0.0,1,12.192782
0.276316,2,12.194782
0.0,1,12.195771
-0.065789,2,12.197803
0.0,1,12.198812
0.0,1,12.199836
0.0,1,12.200886
0.0,1,12.201892
0.0,1,12.202913
0.276316,2,12.204984
0.0,1,12.206001
0.0,1,12.207031
0.0,1,12.208026
0.276316,2,12.210023
0.0,1,12.21099
0.0,1,12.21206
0.552632,3,12.215035
0.0,1,12.21609
0.0,1,12.217127
0.0,1,12.218149
0.0,1,12.219216
0.0,1,12.220272
0.0,1,12.221318
0.0,1,12.222337
0.276316,2,12.224332
0.0,1,12.225367
0.0,1,12.226354
-0.065789,2,12.22833
0.0,1,12.229318
0.0,1,12.230302
0.0,1,12.231313
0.0,1,12.232316
0.0,1,12.233312
0.0,1,12.234307
0.0,1,12.235319
0.276316,2,12.23727
0.0,1,12.238243
0.210526,3,12.24121
-0.065789,2,12.2432
0.276316,2,12.245205
0.0,1,12.246182
0.0,1,12.247185
0.0,1,12.24822
0.552632,3,12.251247
0.0,1,12.252285
0.0,1,12.253314
0.0,1,12.25437
0.0,1,12.255414
0.0,1,12.256453
0.0,1,12.257488
0.0,1,12.258529
0.552632,3,12.261853
0.0,1,12.262918
0.210526,3,12.265914
0.0,1,12.266896
0.276316,2,12.268832
0.0,1,12.26983
0.0,1,12.270823
0.0,1,12.271819
0.0,1,12.27282
-0.065789,2,12.276134
0.0,1,12.277504
0.0,1,12.278799
0.276316,2,12.281347
0.0,1,12.28267
0.0,1,12.284044
0.0,1,12.285377
0.0,1,12.28649
0.0,1,12.287435
0.0,1,12.2884
0.0,1,12.289367
0.0,1,12.290361
0.0,1,12.291371
0.276316,2,12.293299
0.0,1,12.294317
0.0,1,12.295315
-0.065789,2,12.29726
0.0,1,12.298245
0.276316,2,12.300189
0.0,1,12.301194
0.0,1,12.302174
0.0,1,12.303148
0.276316,2,12.305069
0.276316,2,12.307088
0.0,1,12.308084
0.276316,2,12.310026
0.0,1,12.311043
0.0,1,12.312047
0.0,1,12.313043
0.0,1,12.314032
-0.065789,2,12.316106
0.0,1,12.317139
-0.065789,2,12.319145
0.0,1,12.320195
0.0,1,12.32123
0.0,1,12.322217
0.552632,3,12.325263
0.0,1,12.326411
-0.065789,2,12.328404
0.276316,2,12.330419
0.0,1,12.331499
-0.065789,2,12.333594
0.276316,2,12.335697
0.0,1,12.336739
0.0,1,12.337768
0.0,1,12.338814
0.0,1,12.339861
0.276316,2,12.341861
0.0,1,12.343011
-0.065789,2,12.345069
-0.065789,2,12.347101
0.0,1,12.348114
-0.065789,2,12.350175
0.0,1,12.351225
0.276316,2,12.353291
0.0,1,12.354323
0.0,1,12.355377
0.0,1,12.356394
0.0,1,12.357426
0.276316,2,12.359669
0.0,1,12.360673
0.0,1,12.361696
0.276316,2,12.363722
0.0,1,12.364752
0.0,1,12.36584
0.276316,2,12.367832
0.0,1,12.368818
0.0,1,12.369858
0.0,1,12.370885
-0.065789,2,12.372933
0.552632,3,12.376023
0.276316,2,12.378054
0.0,1,12.379034
0.276316,2,12.381161
-0.065789,2,12.383223
0.0,1,12.384265
0.0,1,12.385343
0.0,1,12.386351
0.276316,2,12.388296
0.552632,3,12.391305
0.276316,2,12.393295
0.0,1,12.394281
0.552632,3,12.397192
0.697368,3,12.400223
0.276316,2,12.402317
0.276316,2,12.404392
0.0,1,12.405407
0.0,1,12.406395
0.0,1,12.407353
-0.065789,2,12.409311
0.0,1,12.41029
-0.065789,2,12.412269
0.0,1,12.413294
-0.065789,2,12.415293
0.0,1,12.416321
0.0,1,12.417346
0.276316,2,12.419314
-0.065789,2,12.42133
0.0,1,12.422341
0.276316,2,12.424361
0.0,1,12.425336
0.276316,2,12.427385
0.0,1,12.428409
0.0,1,12.429412
-0.065789,2,12.431411
0.0,1,12.432382
0.0,1,12.433396
0.0,1,12.434386
-0.065789,2,12.436336
0.0,1,12.437317
0.0,1,12.438276
0.210526,3,12.441324
0.0,1,12.442357
0.0,1,12.443343
0.0,1,12.444348
0.0,1,12.445368
-0.065789,2,12.44738
0.276316,2,12.449361
0.276316,2,12.451384
0.0,1,12.452348
0.0,1,12.453361
-0.065789,2,12.455316
-0.065789,2,12.45731
0.0,1,12.458323
0.486842,4,12.46237
0.552632,3,12.466355
0.0,1,12.467812
0.0,1,12.469292
0.0,1,12.470685
0.276316,2,12.473491
0.0,1,12.474691
0.0,1,12.475907
0.0,1,12.477314
0.0,1,12.478364
0.0,1,12.479421
0.0,1,12.480474
0.0,1,12.481506
0.0,1,12.482542
0.0,1,12.48359
0.0,1,12.484626
0.276316,2,12.486667
0.0,1,12.487631
0.0,1,12.488601
0.276316,2,12.490568
0.0,1,12.491545
0.0,1,12.492654
0.0,1,12.493639
0.0,1,12.494597
0.276316,2,12.496577
0.552632,3,12.499527
0.0,1,12.500517
0.552632,3,12.503482
0.276316,2,12.50552
0.0,1,12.506556
0.0,1,12.507541
0.0,1,12.508548
0.276316,2,12.510568
0.0,1,12.511613
0.0,1,12.512618
-0.065789,2,12.515138
0.0,1,12.516459
0.0,1,12.517718
0.0,1,12.51903
0.552632,3,12.52236
0.0,1,12.523467
0.276316,2,12.525701
0.0,1,12.526809
0.0,1,12.527929
0.0,1,12.529031
0.0,1,12.530134
0.0,1,12.531255
-0.065789,2,12.533465
0.0,1,12.534567
0.0,1,12.535664
0.0,1,12.536776
0.631579,4,12.54095
0.0,1,12.541895
-0.065789,2,12.543945
0.0,1,12.544933
0.276316,2,12.546912
0.552632,3,12.549764
0.0,1,12.550779
0.0,1,12.551828
0.0,1,12.552814
0.0,1,12.553809
0.0,1,12.554822
0.0,1,12.555876
0.0,1,12.55688
0.0,1,12.557906
0.0,1,12.558921
0.0,1,12.559909
0.0,1,12.56089
-0.065789,2,12.562905
0.0,1,12.563936
0.0,1,12.564927
0.0,1,12.565936
-0.065789,2,12.567887
0.0,1,12.56891
0.0,1,12.569895
-0.065789,2,12.571906
0.0,1,12.572872
0.552632,3,12.57584
0.0,1,12.576866
-0.131579,3,12.579835
0.0,1,12.580921
0.0,1,12.581923
0.0,1,12.582959
0.552632,3,12.585959
0.276316,2,12.587952
0.0,1,12.588952
0.0,1,12.589957
0.0,1,12.590964
0.276316,2,12.592982
0.0,1,12.593972
-0.065789,2,12.595952
0.0,1,12.596939
0.276316,2,12.598937
0.276316,2,12.600998
0.0,1,12.601985
0.0,1,12.603016
0.0,1,12.604037
0.0,1,12.605043
0.0,1,12.606017
0.0,1,12.60702
0.0,1,12.608043
0.276316,2,12.610041
-0.065789,2,12.61203
0.0,1,12.613012
0.276316,2,12.614959
-0.065789,2,12.616959
0.0,1,12.617918
0.0,1,12.618942
0.0,1,12.619915
0.0,1,12.620888
0.0,1,12.621879
0.276316,2,12.623846
-0.065789,2,12.625826
0.0,1,12.626798
0.0,1,12.627764
0.0,1,12.628744
0.0,1,12.629753
-0.065789,2,12.631708
0.552632,3,12.634715
0.0,1,12.6369
0.0,1,12.638405
0.697368,3,12.642713
-0.065789,2,12.645533
0.0,1,12.646849
0.0,1,12.647877
0.0,1,12.648899
0.0,1,12.649889
-0.065789,2,12.651966
0.0,1,12.653023
0.0,1,12.654037
-0.065789,2,12.656128
-0.065789,2,12.658172
-0.065789,2,12.660333
0.276316,2,12.66242
0.0,1,12.663458
0.276316,2,12.665494
-0.065789,2,12.667624
0.0,1,12.668679
0.0,1,12.669723
-0.065789,2,12.671812
0.0,1,12.672824
0.0,1,12.673855
0.0,1,12.674876
0.0,1,12.67601
-0.065789,2,12.678035
0.0,1,12.679054
0.0,1,12.680085
0.0,1,12.681134
0.276316,2,12.683181
-0.065789,2,12.685244
0.0,1,12.686274
0.0,1,12.687307
0.276316,2,12.689324
0.0,1,12.690377
0.0,1,12.691416
0.0,1,12.692525
0.276316,2,12.694587
0.0,1,12.695618
0.210526,3,12.698739
0.276316,2,12.700799
0.0,1,12.701804
0.0,1,12.70284
0.276316,2,12.704859
0.0,1,12.705911
-0.065789,2,12.707981
0.0,1,12.709116
0.0,1,12.710165
0.0,1,12.711205
0.0,1,12.712222
0.0,1,12.713271
-0.065789,2,12.715327
0.0,1,12.716396
0.552632,3,12.719505
0.552632,3,12.722571
0.0,1,12.72358
0.552632,3,12.726565
0.0,1,12.727577
0.0,1,12.728606
0.0,1,12.729601
0.0,1,12.730661
-0.065789,2,12.732647
0.0,1,12.733622
0.0,1,12.734619
0.0,1,12.735589
0.0,1,12.736551
-0.065789,2,12.738525
0.0,1,12.739581
0.631579,4,12.743752
0.552632,3,12.746812
0.0,1,12.747828
0.0,1,12.748898
0.0,1,12.749905
0.0,1,12.750964
0.0,1,12.751983
-0.065789,2,12.754017
-0.065789,2,12.756062
0.276316,2,12.758122
-0.065789,2,12.760272
0.0,1,12.761357
0.697368,3,12.764765
0.276316,2,12.766783
0.0,1,12.767808
-0.065789,2,12.769773
0.0,1,12.770796
0.0,1,12.772442
0.0,1,12.774181
0.276316,2,12.778021
0.0,1,12.779988
0.0,1,12.781829
0.0,1,12.783268
0.0,1,12.784391
-0.065789,2,12.786458
0.0,1,12.787582
0.0,1,12.789284
0.552632,3,12.794914
0.0,1,12.795953
0.0,1,12.796995
0.0,1,12.798016
0.0,1,12.799012
0.0,1,12.80006
0.0,1,12.801076
0.0,1,12.802176
0.0,1,12.803212
0.276316,2,12.8052
0.0,1,12.806228
0.0,1,12.807263
0.0,1,12.808303
0.0,1,12.809345
0.0,1,12.810368
0.276316,2,12.812345
0.0,1,12.813318
0.0,1,12.814297
0.0,1,12.81525
0.0,1,12.816158
0.0,1,12.817115
0.0,1,12.81811
0.0,1,12.819087
0.0,1,12.820112
0.276316,2,12.82211
0.276316,2,12.824094
0.0,1,12.825101
0.276316,2,12.827126
0.276316,2,12.829092
0.0,1,12.830107
0.0,1,12.83112
0.0,1,12.832133
0.0,1,12.833136
0.552632,3,12.83617
0.0,1,12.837183
0.0,1,12.83818
-0.065789,2,12.840187
0.0,1,12.841188
-0.065789,2,12.843206
0.0,1,12.844218
0.0,1,12.845255
-0.065789,2,12.847247
0.276316,2,12.849164
0.0,1,12.850134
0.276316,2,12.852097
0.276316,2,12.853996
0.0,1,12.855015
0.552632,3,12.857924
0.552632,3,12.861021
0.0,1,12.862017
0.0,1,12.863041
0.210526,3,12.865995
0.0,1,12.867003
0.0,1,12.868006
0.0,1,12.869007
0.0,1,12.870011
0.0,1,12.871007
0.0,1,12.871976
0.0,1,12.872938
0.0,1,12.873956
0.0,1,12.874967
0.421053,5,12.879978
-0.065789,2,12.881986
0.0,1,12.883003
-0.065789,2,12.88499
0.0,1,12.885966
0.552632,3,12.888871
0.0,1,12.889878
0.0,1,12.890869
0.0,1,12.891875
0.0,1,12.892859
0.0,1,12.893862
-0.065789,2,12.895846
0.0,1,12.896842
0.276316,2,12.898822
0.552632,3,12.901794
0.0,1,12.902784
0.0,1,12.903731
0.0,1,12.904745
0.0,1,12.90577
0.0,1,12.906789
0.0,1,12.907796
0.0,1,12.9088
0.0,1,12.909805
0.0,1,12.910814
-0.065789,2,12.912795
0.210526,3,12.915801
0.276316,2,12.917817
0.0,1,12.918828
0.276316,2,12.92086
0.0,1,12.92187
0.0,1,12.922876
0.0,1,12.923871
0.0,1,12.924891
0.0,1,12.925891
-0.065789,2,12.927922
0.276316,2,12.929939
0.0,1,12.93097
0.210526,3,12.933905
0.0,1,12.934935
-0.065789,2,12.936875
0.276316,2,12.938934
0.0,1,12.939919
0.0,1,12.940953
0.0,1,12.941937
0.0,1,12.942964
0.0,1,12.943975
0.276316,2,12.945946
0.0,1,12.946979
0.0,1,12.948008
0.0,1,12.948995
0.0,1,12.950019
0.0,1,12.951032
0.276316,2,12.953048
0.276316,2,12.955239
0.0,1,12.956289
0.0,1,12.957339
0.0,1,12.958393
-0.065789,2,12.96047
0.0,1,12.961477
0.0,1,12.962479
0.0,1,12.963525
0.0,1,12.964613
0.0,1,12.965707
0.0,1,12.96679
0.0,1,12.968053
0.0,1,12.969138
0.276316,2,12.97114
0.0,1,12.972114
0.0,1,12.973092
0.552632,3,12.976031
0.0,1,12.977599
0.0,1,12.978625
0.0,1,12.979619
0.276316,2,12.981598
0.0,1,12.982593
0.0,1,12.983603
0.0,1,12.984607
0.0,1,12.985586
0.0,1,12.986592
0.0,1,12.987577
0.552632,3,12.990567
0.0,1,12.991583
0.0,1,12.992632
0.0,1,12.993685
-0.065789,2,12.995683
0.0,1,12.996675
0.0,1,12.997634
0.0,1,12.998607
-0.065789,2,13.000584
0.0,1,13.001581
0.0,1,13.002601
0.0,1,13.003595
0.0,1,13.004606
0.0,1,13.005612
0.0,1,13.006632
0.0,1,13.007606
0.0,1,13.00857
-0.065789,2,13.010543
0.0,1,13.011514
0.0,1,13.012467
0.276316,2,13.014528
0.0,1,13.015588
0.0,1,13.016547
0.0,1,13.01759
0.0,1,13.018628
0.0,1,13.019638
0.0,1,13.020616
0.0,1,13.02161
-0.065789,2,13.023662
0.0,1,13.024701
0.0,1,13.025704
0.552632,3,13.028659
0.0,1,13.029652
0.0,1,13.03063
0.276316,2,13.032568
0.0,1,13.033552
0.0,1,13.034527
0.0,1,13.03634
0.0,1,13.038128
0.0,1,13.039857
0.276316,2,13.043294
0.210526,3,13.046193
0.0,1,13.047211
0.276316,2,13.049216
0.0,1,13.050212
0.0,1,13.051222
0.0,1,13.052214
0.0,1,13.053224
0.0,1,13.05423
0.276316,2,13.056247
-0.065789,2,13.058219
0.0,1,13.059231
0.697368,3,13.062179
0.210526,3,13.065058
0.0,1,13.066015
0.276316,2,13.068033
0.0,1,13.06902
0.0,1,13.07001
0.552632,3,13.072924
0.0,1,13.073935
0.0,1,13.074957
0.0,1,13.076043
0.276316,2,13.077963
0.0,1,13.079005
0.0,1,13.079996
-0.065789,2,13.081971
0.0,1,13.082982
0.0,1,13.083986
0.0,1,13.085004
0.0,1,13.086007
0.0,1,13.087007
0.0,1,13.087993
0.697368,3,13.090993
0.0,1,13.092066
0.0,1,13.093167
0.0,1,13.094178
0.0,1,13.095193
0.0,1,13.096195
0.276316,2,13.098184
0.0,1,13.099162
0.0,1,13.100199
0.0,1,13.1012
0.486842,4,13.107924
0.276316,2,13.110075
0.0,1,13.111063
0.552632,3,13.114006
0.0,1,13.115023
-0.065789,2,13.116952
0.0,1,13.117974
-0.065789,2,13.119936
0.0,1,13.120926
0.0,1,13.121883
0.0,1,13.122872
0.486842,4,13.126822
-0.065789,2,13.12887
0.276316,2,13.130813
0.0,1,13.131784
0.0,1,13.132747
-0.065789,2,13.134727
0.0,1,13.135724
0.0,1,13.136689
-0.065789,2,13.13871
0.0,1,13.139705
0.0,1,13.140714
0.0,1,13.141711
0.697368,3,13.144751
0.0,1,13.145749
0.0,1,13.146739
0.0,1,13.147733
0.0,1,13.148725
-0.065789,2,13.15069
0.0,1,13.151663
-0.065789,2,13.153532
0.697368,3,13.156311
0.0,1,13.15725
0.0,1,13.158215
0.0,1,13.159199
-0.065789,2,13.161141
0.0,1,13.162146
0.552632,3,13.165015
0.0,1,13.165999
0.0,1,13.167022
0.0,1,13.167989
0.0,1,13.168982
0.0,1,13.169975
0.0,1,13.170959
0.552632,3,13.173897
0.0,1,13.174886
0.0,1,13.175884
0.0,1,13.176881
-0.065789,2,13.178871
-0.065789,2,13.180836
0.0,1,13.181831
0.276316,2,13.183773
0.0,1,13.184766
-0.065789,2,13.186722
0.552632,3,13.189498
0.697368,3,13.192416
-0.065789,2,13.19432
0.0,1,13.195289
-0.065789,2,13.197229
0.0,1,13.198192
0.0,1,13.199152
0.0,1,13.200124
0.0,1,13.201091
0.0,1,13.20206
0.0,1,13.203048
0.0,1,13.204012
-0.065789,2,13.20592
0.0,1,13.206881
0.0,1,13.207844
0.0,1,13.208802
0.0,1,13.209769
0.210526,3,13.212542
0.0,1,13.213498
-0.065789,2,13.215434
0.0,1,13.216403
0.0,1,13.217372
0.0,1,13.218338
0.0,1,13.219318
0.0,1,13.220293
0.0,1,13.221252
0.0,1,13.222202
0.0,1,13.223162
0.210526,3,13.226051
-0.065789,2,13.227883
0.0,1,13.228783
0.276316,2,13.230655
0.276316,2,13.232569
0.0,1,13.233542
0.0,1,13.234515
0.0,1,13.235499
0.276316,2,13.237423
0.0,1,13.238409
0.0,1,13.239369
0.0,1,13.24033
0.0,1,13.241288
0.0,1,13.242243
0.0,1,13.243216
0.0,1,13.244186
0.0,1,13.245157
0.697368,3,13.247981
0.0,1,13.24895
0.0,1,13.249918
0.276316,2,13.251853
-0.065789,2,13.253781
0.0,1,13.254771
0.0,1,13.255702
0.0,1,13.256687
0.0,1,13.257646
-0.065789,2,13.259599
-0.065789,2,13.261507
0.0,1,13.26248
0.0,1,13.263454
0.0,1,13.264423
0.0,1,13.265381
0.276316,2,13.26735
0.0,1,13.268289
0.0,1,13.269223
0.552632,3,13.272436
0.0,1,13.279773
0.276316,2,13.282204
0.0,1,13.283466
0.0,1,13.284912
0.0,1,13.285972
0.0,1,13.286991
0.0,1,13.288007
0.0,1,13.289021
0.0,1,13.290024
0.0,1,13.291028
0.0,1,13.292041
0.0,1,13.293248
0.0,1,13.294752
0.0,1,13.295772
0.0,1,13.29679
0.0,1,13.2978
0.0,1,13.298829
-0.065789,2,13.300759
0.0,1,13.301773
0.0,1,13.302775
0.0,1,13.303775
0.0,1,13.304816
0.0,1,13.305808
0.0,1,13.306873
0.0,1,13.307911
0.276316,2,13.310047
0.0,1,13.311059
0.0,1,13.312021
0.276316,2,13.314031
0.210526,3,13.317055
0.0,1,13.318062
0.0,1,13.319084
0.0,1,13.320106
0.0,1,13.321124
0.0,1,13.322158
-0.065789,2,13.324134
0.0,1,13.325123
0.210526,3,13.328135
0.0,1,13.329093
0.0,1,13.33007
0.0,1,13.331066
0.0,1,13.332059
0.276316,2,13.334066
0.276316,2,13.336097
0.552632,3,13.339126
0.0,1,13.340122
0.0,1,13.341188
0.0,1,13.34217
0.0,1,13.343156
0.0,1,13.344164
0.0,1,13.34517
-0.065789,2,13.347183
0.276316,2,13.349164
0.0,1,13.350211
0.276316,2,13.352227
0.0,1,13.353223
0.0,1,13.354176
0.0,1,13.35518
0.0,1,13.356122
0.0,1,13.357089
0.0,1,13.358079
0.0,1,13.359112
0.0,1,13.360172
0.552632,3,13.363604
0.0,1,13.364594
0.0,1,13.365605
0.0,1,13.366633
0.276316,2,13.368656
0.0,1,13.369629
0.0,1,13.370646
0.0,1,13.371644
0.0,1,13.372679
0.697368,3,13.375646
0.0,1,13.376878
0.276316,2,13.378838
0.0,1,13.380292
0.210526,3,13.383328
0.0,1,13.384358
0.276316,2,13.386363
0.0,1,13.38739
0.0,1,13.388451
0.0,1,13.389481
0.697368,3,13.392507
0.0,1,13.393687
0.0,1,13.394728
0.0,1,13.395743
0.0,1,13.396761
-0.065789,2,13.398776
0.276316,2,13.400835
0.0,1,13.401837
0.0,1,13.402874
0.0,1,13.403868
0.0,1,13.404876
0.0,1,13.405921
0.0,1,13.406919
0.0,1,13.407929
0.0,1,13.408973
0.0,1,13.409964
0.0,1,13.410972
0.0,1,13.41201
0.0,1,13.412991
0.0,1,13.414015
-0.065789,2,13.41605
0.276316,2,13.418037
0.276316,2,13.42003
0.0,1,13.421072
0.0,1,13.422122
0.0,1,13.423159
0.0,1,13.424167
0.276316,2,13.426193
-0.065789,2,13.428289
0.0,1,13.429301
0.0,1,13.430307
0.0,1,13.431377
0.0,1,13.432437
0.0,1,13.433452
0.552632,3,13.436486
0.0,1,13.437501
0.0,1,13.438528
-0.131579,3,13.44154
0.0,1,13.442563
-0.065789,2,13.444575
0.0,1,13.44559
-0.065789,2,13.447606
0.0,1,13.448597
0.0,1,13.449617
0.0,1,13.450639
0.0,1,13.451624
0.0,1,13.452651
0.276316,2,13.454678
0.0,1,13.455684
0.0,1,13.456654
0.0,1,13.457688
0.0,1,13.458727
-0.131579,3,13.461764
0.276316,2,13.463827
0.0,1,13.465019
0.0,1,13.46625
0.0,1,13.467567
-0.065789,2,13.470001
0.0,1,13.471009
0.0,1,13.472035
0.0,1,13.473033
-0.131579,3,13.476007
0.0,1,13.477274
0.0,1,13.478281
0.0,1,13.479398
0.0,1,13.480743
0.0,1,13.481798
0.552632,3,13.484804
0.0,1,13.485817
0.0,1,13.486825
0.276316,2,13.488862
0.276316,2,13.49089
-0.065789,2,13.492883
0.0,1,13.493938
0.0,1,13.494951
0.0,1,13.495967
0.0,1,13.496981
0.0,1,13.497982
0.0,1,13.498962
0.0,1,13.499973
-0.065789,2,13.501929
0.276316,2,13.503933
0.0,1,13.504936
0.0,1,13.505956
0.0,1,13.506961
0.0,1,13.507964
0.0,1,13.50897
0.0,1,13.50996
0.0,1,13.510935
0.276316,2,13.512908
0.0,1,13.513925
0.0,1,13.514938
0.0,1,13.51594
0.0,1,13.51698
0.0,1,13.518041
0.276316,2,13.520038
0.0,1,13.521079
0.0,1,13.522051
0.0,1,13.523031
0.276316,2,13.525063
0.0,1,13.526092
0.0,1,13.527053
0.0,1,13.528059
0.0,1,13.529068
0.697368,3,13.531963
0.0,1,13.532984
0.0,1,13.533944
0.0,1,13.534969
0.0,1,13.535968
0.486842,4,13.539929
-0.065789,2,13.541923
0.0,1,13.542956
0.0,1,13.544053
0.0,1,13.545062
0.0,1,13.546079
0.276316,2,13.548038
0.0,1,13.549014
0.0,1,13.550027
0.0,1,13.551039
0.0,1,13.552031
0.0,1,13.553025
0.0,1,13.55399
0.0,1,13.554996
0.276316,2,13.556848
0.0,1,13.557857
0.0,1,13.55888
0.0,1,13.559851
-0.065789,2,13.56182
0.552632,3,13.564807
0.0,1,13.565811
0.0,1,13.566834
0.0,1,13.567872
0.0,1,13.568944
0.486842,4,13.572889
0.0,1,13.573894
0.0,1,13.574942
0.0,1,13.57597
-0.065789,2,13.577922
0.0,1,13.578928
0.276316,2,13.580902
0.0,1,13.581943
0.552632,3,13.584959
0.0,1,13.585954
0.0,1,13.586976
0.0,1,13.587987
0.0,1,13.588999
-0.065789,2,13.591024
0.276316,2,13.593045
0.0,1,13.594066
0.210526,3,13.597092
0.552632,3,13.600061
0.0,1,13.601043
0.0,1,13.602003
0.697368,3,13.604965
0.0,1,13.605974
0.0,1,13.606976
0.0,1,13.607974
0.0,1,13.60896
0.0,1,13.609945
0.0,1,13.610951
0.0,1,13.611924
0.0,1,13.612928
0.0,1,13.613927
0.0,1,13.614939
0.0,1,13.615958
-0.065789,2,13.617996
0.276316,2,13.620024
0.0,1,13.621026
0.0,1,13.622007
0.0,1,13.623004
0.210526,3,13.625997
0.0,1,13.627005
0.552632,3,13.629982
0.0,1,13.630992
0.0,1,13.631988
0.697368,3,21.332484
0.0,1,21.33446
0.276316,2,21.338384
0.276316,2,21.340889
0.697368,3,21.344301
0.0,1,21.345459
0.0,1,21.346506
0.0,1,21.347635
0.276316,2,21.349699
0.0,1,21.350667
0.697368,3,21.353728
0.552632,3,21.357004
0.276316,2,21.359412
0.0,1,21.360495
0.276316,2,21.362722
0.0,1,21.363779
0.0,1,21.364953
0.276316,2,21.366889
0.276316,2,21.368959
0.697368,3,21.37229
0.0,1,21.37356
0.0,1,21.374698
0.0,1,21.375794
0.0,1,21.376918
0.0,1,21.378082
0.276316,2,21.380404
0.0,1,21.381528
0.631579,4,21.385889
0.0,1,21.387004
0.276316,2,21.389155
0.0,1,21.390236
0.0,1,21.391383
0.0,1,21.392493
0.0,1,21.393566
0.276316,2,21.395681
0.0,1,21.396868
-0.065789,2,21.398961
0.0,1,21.400277
0.0,1,21.401591
0.276316,2,21.404185
0.697368,3,21.407482
-0.065789,2,21.411691
0.0,1,21.412955
0.697368,3,21.418134
0.210526,3,21.422671
0.697368,3,21.426686
0.276316,2,21.429331
0.0,1,21.430736
0.0,1,21.432451
0.0,1,21.433963
0.276316,2,21.436795
0.552632,3,21.440968
0.276316,2,21.443756
0.0,1,21.445477
0.697368,3,21.449951
0.0,1,21.450962
0.0,1,21.451947
0.0,1,21.45294
0.0,1,21.453944
0.0,1,21.454979
0.0,1,21.456019
0.0,1,21.457063
0.0,1,21.458086
0.0,1,21.459165
0.276316,2,21.461113
0.631579,4,21.465152
0.0,1,21.466374
0.276316,2,21.468789
0.697368,3,21.471784
0.0,1,21.472786
0.552632,3,21.47576
0.0,1,21.476738
0.0,1,21.477745
0.0,1,21.478774
0.697368,3,21.481776
0.486842,4,21.486283
0.0,1,21.487328
0.0,1,21.488372
0.552632,3,21.491403
0.0,1,21.49243
0.0,1,21.493457
0.276316,2,21.495552
0.276316,2,21.497586
0.0,1,21.498609
0.0,1,21.499854
-0.065789,2,21.501927
0.276316,2,21.503942
0.552632,3,21.506996
0.697368,3,21.510026
0.0,1,21.511095
0.0,1,21.512152
0.552632,3,21.515136
0.210526,3,21.518332
0.276316,2,21.520368
-0.065789,2,21.522394
0.276316,2,21.524447
0.0,1,21.52549
0.276316,2,21.527545
0.0,1,21.528578
0.276316,2,21.530706
0.552632,3,21.533872
0.0,1,21.534913
0.0,1,21.535947
0.0,1,21.536947
0.697368,3,21.539954
-0.065789,2,21.542077
0.552632,3,21.545182
0.0,1,21.546245
0.0,1,21.547244
0.0,1,21.5483
0.0,1,21.549319
0.0,1,21.550379
0.276316,2,21.552486
0.0,1,21.553502
-0.065789,2,21.555511
0.552632,3,21.558586
0.276316,2,21.56052
0.0,1,21.561536
0.0,1,21.562586
0.210526,3,21.565509
0.276316,2,21.567655
0.0,1,21.568678
0.697368,3,21.571773
0.210526,3,21.574843
0.697368,3,21.579918
0.0,1,21.581333
0.276316,2,21.584094
0.0,1,21.585443
0.697368,3,21.589138
0.552632,3,21.592064
0.276316,2,21.594161
0.697368,3,21.597253
0.0,1,21.598242
0.552632,3,21.601273
0.552632,3,21.604389
0.0,1,21.605488
0.0,1,21.606528
0.0,1,21.607599
0.0,1,21.608684
0.0,1,21.60969
0.276316,2,21.611723
0.697368,3,21.61507
0.0,1,21.616153
0.0,1,21.617165
0.0,1,21.618163
0.0,1,21.619261
0.0,1,21.620329
0.0,1,21.621399
0.0,1,21.622513
0.0,1,21.623623
0.276316,2,21.625795
0.276316,2,21.627894
0.552632,3,21.631063
0.552632,3,21.634067
0.697368,3,21.637082
0.697368,3,21.640525
0.0,1,21.641569
0.0,1,21.642614
-0.065789,2,21.644609
0.276316,2,21.646771
0.552632,3,21.649801
0.0,1,21.651433
0.0,1,21.652514
0.276316,2,21.654569
0.552632,3,21.657593
0.552632,3,21.660608
0.0,1,21.661628
0.0,1,21.662713
0.276316,2,21.664661
0.0,1,21.665718
0.0,1,21.666862
0.697368,3,21.66987
0.276316,2,21.671894
0.0,1,21.672936
0.552632,3,21.675957
0.552632,3,21.679044
0.276316,2,21.681098
0.0,1,21.682094
0.697368,3,21.685144
-0.131579,3,21.688196
0.276316,2,21.690248
0.697368,3,21.693151
0.0,1,21.69422
0.0,1,21.695228
0.0,1,21.696281
0.0,1,21.697322
0.0,1,21.698329
0.697368,3,21.701375
0.276316,2,21.703355
0.0,1,21.704375
0.210526,3,21.707417
0.0,1,21.708411
0.0,1,21.709394
0.0,1,21.710398
0.0,1,21.711394
0.276316,2,21.713387
-0.065789,2,21.71533
0.697368,3,21.718317
0.0,1,21.719337
0.552632,3,21.722239
0.0,1,21.723277
0.276316,2,21.725296
0.0,1,21.726292
0.0,1,21.727314
0.276316,2,21.729366
0.552632,3,21.734359
0.552632,3,21.738501
0.210526,3,21.742407
0.0,1,21.743469
0.0,1,21.744479
0.276316,2,21.746574
0.552632,3,21.75019
0.552632,3,21.753689
0.0,1,21.754691
0.0,1,21.755697
0.697368,3,21.758733
0.0,1,21.759788
0.552632,3,21.763011
0.276316,2,21.765158
0.0,1,21.766165
0.697368,3,21.769476
0.0,1,21.770684
0.552632,3,21.773714
0.0,1,21.77482
0.697368,3,21.777961
0.0,1,21.778996
0.0,1,21.780025
0.276316,2,21.782019
0.0,1,21.783097
0.697368,3,21.786192
0.0,1,21.78725
0.697368,3,21.79034
0.0,1,21.791367
0.276316,2,21.79347
0.0,1,21.794526
0.552632,3,21.797556
0.0,1,21.798572
0.552632,3,21.80167
0.552632,3,21.804757
0.552632,3,21.807753
0.552632,3,21.810754
0.0,1,21.811811
0.697368,3,21.814796
0.0,1,21.815822
0.276316,2,21.817775
0.276316,2,21.819905
0.276316,2,21.82193
0.276316,2,21.82396
0.0,1,21.824975
0.276316,2,21.82705
0.552632,3,21.830124
0.0,1,21.831143
0.552632,3,21.834141
0.210526,3,21.837208
0.0,1,21.838225
0.0,1,21.839268
0.0,1,21.840333
0.276316,2,21.842433
0.0,1,21.84347
0.0,1,21.844514
0.0,1,21.845561
0.0,1,21.846611
0.697368,3,21.849704
0.552632,3,21.85277
0.973684,4,21.856836
0.0,1,21.857856
0.828947,4,21.8632
0.276316,2,21.866546
0.276316,2,21.869496
0.0,1,21.870515
0.0,1,21.871512
0.276316,2,21.873463
0.0,1,21.874479
0.0,1,21.875544
0.276316,2,21.877563
-0.065789,2,21.879585
0.0,1,21.880588
0.0,1,21.881609
0.0,1,21.882641
0.0,1,21.88367
0.276316,2,21.885737
0.552632,3,21.888748
0.0,1,21.88976
0.0,1,21.890761
0.552632,3,21.893833
0.0,1,21.89486
0.0,1,21.895887
0.0,1,21.896899
0.276316,2,21.89888
0.276316,2,21.900865
0.0,1,21.902013
0.552632,3,21.905086
0.276316,2,21.907403
0.0,1,21.908401
0.276316,2,21.910328
0.276316,2,21.912276
0.697368,3,21.915147
0.276316,2,21.917417
0.0,1,21.918355
-0.065789,2,21.920835
0.276316,2,21.922876
0.552632,3,21.925864
0.276316,2,21.927867
0.276316,2,21.929876
0.552632,3,21.93297
0.0,1,21.934148
0.0,1,21.935193
0.276316,2,21.937181
0.276316,2,21.939343
0.552632,3,21.942276
0.276316,2,21.944222
0.276316,2,21.946176
0.276316,2,21.948453
0.210526,3,21.951761
-0.065789,2,21.954207
0.0,1,21.955207
0.552632,3,21.958093
0.276316,2,21.960003
0.0,1,21.961007
0.0,1,21.962103
0.0,1,21.963127
0.0,1,21.964127
0.486842,4,21.968631
0.631579,4,21.972701
0.0,1,21.973711
0.276316,2,21.975744
0.0,1,21.976742
0.276316,2,21.978842
0.0,1,21.97991
0.552632,3,21.982955
0.0,1,21.984229
0.0,1,21.985259
0.552632,3,21.98867
0.0,1,21.989678
0.0,1,21.990682
0.697368,3,21.993808
0.486842,4,21.997726
0.276316,2,21.999791
0.0,1,22.000869
0.697368,3,22.003894
0.0,1,22.004903
0.210526,3,22.007957
0.0,1,22.008986
-0.065789,2,22.011086
0.276316,2,22.013157
0.552632,3,22.016133
0.0,1,22.017189
0.276316,2,22.019172
0.0,1,22.020247
0.0,1,22.021291
0.0,1,22.022279
0.276316,2,22.024376
0.276316,2,22.02646
0.276316,2,22.028421
0.0,1,22.029426
0.0,1,22.030412
0.0,1,22.031425
0.0,1,22.032408
0.0,1,22.033419
0.210526,3,22.036464
0.0,1,22.037486
0.210526,3,22.0405
0.0,1,22.041551
0.0,1,22.042569
0.276316,2,22.044529
0.276316,2,22.046491
0.552632,3,22.049376
0.0,1,22.050349
0.0,1,22.051369
0.0,1,22.052339
0.0,1,22.053285
0.0,1,22.054257
0.0,1,22.055261
0.210526,3,22.058225
0.0,1,22.059212
0.552632,3,22.062129
0.0,1,22.063149
0.0,1,22.064124
0.697368,3,22.067118
0.276316,2,22.069102
0.0,1,22.070087
0.552632,3,22.07301
0.0,1,22.073991
0.697368,3,22.07689
0.0,1,22.077919
0.0,1,22.078891
-0.065789,2,22.080863
0.0,1,22.081829
0.552632,3,22.08478
-0.065789,2,22.086795
0.0,1,22.087812
0.276316,2,22.089783
0.276316,2,22.091758
0.276316,2,22.093709
0.697368,3,22.096683
0.276316,2,22.098619
0.0,1,22.099634
0.552632,3,22.10267
0.276316,2,22.104649
0.486842,4,22.108608
0.0,1,22.109609
0.276316,2,22.111515
0.276316,2,22.113461
0.276316,2,22.115431
0.276316,2,22.117489
0.276316,2,22.119475
0.276316,2,22.121422
0.552632,3,22.12439
0.697368,3,22.127343
0.0,1,22.128377
0.552632,3,22.131408
0.0,1,22.132412
0.0,1,22.133416
0.276316,2,22.135423
0.276316,2,22.137447
0.276316,2,22.139416
0.0,1,22.140454
0.276316,2,22.142457
0.697368,3,22.145382
0.0,1,22.14638
0.210526,3,22.149387
0.0,1,22.150418
0.697368,3,22.153454
-0.065789,2,22.155369
0.828947,4,22.159342
0.0,1,22.160358
0.0,1,22.16139
-0.065789,2,22.163357
0.276316,2,22.165287
0.0,1,22.166265
0.0,1,22.167307
0.0,1,22.168313
0.276316,2,22.170321
0.552632,3,22.173333
0.276316,2,22.17537
0.0,1,22.17641
0.276316,2,22.178391
0.0,1,22.179391
0.276316,2,22.181364
0.276316,2,22.183428
0.0,1,22.184434
0.0,1,22.185478
0.0,1,22.186458
0.0,1,22.187504
0.0,1,22.188493
0.697368,3,22.191495
0.552632,3,22.194494
0.276316,2,22.196523
0.0,1,22.19751
1.25,5,22.205323
0.210526,3,22.209373
0.0,1,22.210356
0.697368,3,22.213394
0.552632,3,22.216334
0.0,1,22.217546
0.0,1,22.219025
0.0,1,22.219993
0.552632,3,22.223046
0.0,1,22.22402
0.697368,3,22.227012
0.0,1,22.228
0.0,1,22.229045
0.552632,3,22.231983
0.697368,3,22.234935
0.276316,2,22.236911
0.0,1,22.237881
0.697368,3,22.240787
0.552632,3,22.243735
0.276316,2,22.245688
0.0,1,22.246708
0.0,1,22.2477
0.0,1,22.248723
0.0,1,22.249711
0.276316,2,22.251684
0.0,1,22.252673
0.697368,3,22.255626
0.0,1,22.256595
0.0,1,22.257606
0.276316,2,22.259599
0.697368,3,22.262568
-0.065789,2,22.264513
0.697368,3,22.267614
0.0,1,22.268588
0.0,1,22.269613
0.552632,3,22.272696
0.552632,3,22.275677
0.486842,4,22.279576
0.0,1,22.280529
0.276316,2,22.282415
0.973684,4,22.28631
0.0,1,22.287288
0.0,1,22.288237
0.552632,3,22.29607
0.0,1,22.297047
0.276316,2,22.299209
0.0,1,22.3003
0.0,1,22.301658
0.0,1,22.302683
0.697368,3,22.305771
0.276316,2,22.307788
0.0,1,22.308789
0.276316,2,22.310743
0.276316,2,22.312733
0.697368,3,22.315726
0.697368,3,22.318857
0.552632,3,22.322213
0.0,1,22.323199
0.0,1,22.324284
-0.065789,2,22.32624
0.0,1,22.327247
0.0,1,22.328207
0.276316,2,22.33019
0.552632,3,22.333163
0.697368,3,22.336252
0.697368,3,22.339168
0.276316,2,22.341119
0.697368,3,22.344055
0.0,1,22.345065
0.276316,2,22.347001
0.0,1,22.347996
0.0,1,22.348952
0.0,1,22.349947
0.0,1,22.350935
0.276316,2,22.352951
0.697368,3,22.355908
0.0,1,22.356878
0.0,1,22.35787
-0.065789,2,22.359828
0.0,1,22.360811
0.276316,2,22.36286
0.631579,4,22.366853
0.0,1,22.367928
0.276316,2,22.369971
0.697368,3,22.373153
0.0,1,22.374215
0.552632,3,22.37729
0.0,1,22.378266
0.0,1,22.379285
0.0,1,22.38033
0.210526,3,22.38346
0.276316,2,22.385697
0.552632,3,22.388929
0.0,1,22.390011
0.552632,3,22.393092
0.552632,3,22.39625
0.552632,3,22.399175
0.276316,2,22.40122
0.0,1,22.402218
0.0,1,22.403235
0.0,1,22.404288
0.552632,3,22.4074
0.552632,3,22.410485
0.0,1,22.411488
0.0,1,22.412518
0.0,1,22.413519
0.276316,2,22.415569
0.0,1,22.416613
0.0,1,22.417745
0.0,1,22.418792
0.0,1,22.419804
0.0,1,22.420826
0.0,1,22.421815
0.0,1,22.422818
0.276316,2,22.424891
0.697368,3,22.42797
0.0,1,22.428995
0.276316,2,22.431049
0.0,1,22.432085
0.0,1,22.43313
0.552632,3,22.436167
0.0,1,22.437206
0.0,1,22.438233
0.697368,3,22.441821
0.0,1,22.443438
0.0,1,22.444939
0.0,1,22.446239
0.276316,2,22.448811
0.552632,3,22.452795
0.0,1,22.453856
0.276316,2,22.4558
-0.065789,2,22.457794
0.552632,3,22.460763
0.276316,2,22.462726
0.276316,2,22.464795
0.0,1,22.465753
0.0,1,22.466765
0.0,1,22.468057
-0.065789,2,22.470076
0.0,1,22.471049
0.0,1,22.472007
0.276316,2,22.473936
0.697368,3,22.4769
0.0,1,22.477868
0.276316,2,22.479851
0.0,1,22.480863
0.0,1,22.481868
0.0,1,22.4829
0.0,1,22.484113
0.0,1,22.485086
0.697368,3,22.488549
0.276316,2,22.490576
0.276316,2,22.492546
0.0,1,22.49355
0.0,1,22.494573
0.276316,2,22.496576
0.210526,3,22.499515
0.0,1,22.500754
0.0,1,22.501742
0.276316,2,22.503696
0.276316,2,22.505635
0.973684,4,22.509593
0.0,1,22.510563
0.0,1,22.511539
-0.065789,2,22.513486
0.552632,3,22.516371
0.0,1,22.517368
0.0,1,22.518351
0.0,1,22.519326
0.697368,3,22.522194
0.276316,2,22.524152
0.0,1,22.525134
0.0,1,22.526128
0.0,1,22.527094
0.276316,2,22.529094
0.0,1,22.530055
0.631579,4,22.533939
0.276316,2,22.5359
0.552632,3,22.538891
0.0,1,22.539866
0.0,1,22.540866
0.0,1,22.541844
0.0,1,22.542808
0.276316,2,22.54477
0.0,1,22.545696
0.0,1,22.546618
0.276316,2,22.548577
0.276316,2,22.550454
0.697368,3,22.553385
0.697368,3,22.556301
0.0,1,22.557284
0.697368,3,22.560166
0.0,1,22.561152
0.697368,3,22.564032
0.0,1,22.564993
0.0,1,22.566006
0.0,1,22.566927
0.276316,2,22.568926
0.697368,3,22.57202
0.0,1,22.572997
0.0,1,22.574026
0.276316,2,22.576005
0.0,1,22.576963
0.0,1,22.578015
0.697368,3,22.580998
0.552632,3,22.583975
0.0,1,22.584946
0.552632,3,22.587942
0.697368,3,22.591028
0.0,1,22.592087
0.0,1,22.593153
0.276316,2,22.595111
0.697368,3,22.598129
0.0,1,22.599107
0.0,1,22.600069
0.0,1,22.601168
0.276316,2,22.603167
0.552632,3,22.606113
0.276316,2,22.608137
0.0,1,22.609181
0.0,1,22.610216
0.276316,2,22.612278
0.0,1,22.613337
0.0,1,22.614331
0.0,1,22.615338
0.0,1,22.616349
0.486842,4,22.620242
0.276316,2,22.622206
0.0,1,22.623193
0.0,1,22.624213
0.276316,2,22.626147
0.0,1,22.627187
0.552632,3,22.630204
0.0,1,22.631217
0.552632,3,22.634239
0.0,1,22.635239
0.697368,3,22.638319
0.552632,3,22.641348
0.0,1,22.642338
0.552632,3,22.64532
0.276316,2,22.647332
0.0,1,22.648322
0.552632,3,22.651423
0.0,1,22.652416
0.0,1,22.653393
0.552632,3,22.656419
0.276316,2,22.658514
0.276316,2,22.660496
0.0,1,22.661559
0.0,1,22.662542
0.276316,2,22.66455
0.276316,2,22.666563
0.0,1,22.667579
0.0,1,22.668596
0.697368,3,22.671608
-0.065789,2,22.673568
0.0,1,22.674609
0.276316,2,22.67661
0.697368,3,22.679604
0.0,1,22.680605
0.697368,3,22.68361
0.0,1,22.684602
0.697368,3,22.687619
0.0,1,22.688611
0.276316,2,22.690603
0.0,1,22.691559
0.276316,2,22.693534
0.210526,3,22.696385
0.0,1,22.697436
0.0,1,22.698433
0.0,1,22.699412
0.0,1,22.70038
0.0,1,22.701375
0.0,1,22.702334
0.0,1,22.703316
0.0,1,22.704321
0.0,1,22.70523
0.552632,3,22.708181
0.552632,3,22.711112
0.276316,2,22.713102
0.0,1,22.714083
0.552632,3,22.717038
0.0,1,22.718151
0.697368,3,22.721066
0.0,1,22.72208
0.0,1,22.723053
0.0,1,22.72406
0.0,1,22.725061
0.0,1,22.726063
0.697368,3,22.729077
0.0,1,22.730044
0.0,1,22.731018
0.0,1,22.732028
0.0,1,22.732994
0.697368,3,22.735916
0.0,1,22.73692
0.276316,2,22.73889
0.0,1,22.739861
0.0,1,22.740858
0.0,1,22.741866
0.0,1,22.742839
0.276316,2,22.744817
0.552632,3,22.747827
0.276316,2,22.749764
0.552632,3,22.752694
0.0,1,22.753702
0.552632,3,22.756675
0.210526,3,22.759637
0.552632,3,22.762595
0.0,1,22.763599
0.0,1,22.764579
0.552632,3,22.767562
0.697368,3,22.770516
0.0,1,22.771524
0.0,1,22.772545
0.0,1,22.773489
0.697368,3,22.77648
0.0,1,22.777443
0.276316,2,22.779433
0.276316,2,22.78137
0.0,1,22.782336
0.552632,3,22.785297
0.0,1,22.786307
0.552632,3,22.789251
0.0,1,22.790282
0.0,1,22.791252
0.0,1,22.792222
0.0,1,22.793231
0.0,1,22.794243
0.276316,2,22.79625
0.210526,3,22.799218
0.276316,2,22.801189
0.697368,3,22.804163
0.276316,2,22.806148
0.0,1,22.807203
0.276316,2,22.809145
0.276316,2,22.811162
0.0,1,22.812211
0.0,1,22.813225
0.0,1,22.814193
0.276316,2,22.816125
0.697368,3,22.819097
0.0,1,22.82009
0.0,1,22.821063
0.0,1,22.822
0.697368,3,22.824939
0.0,1,22.825951
0.0,1,22.826973
0.0,1,22.827969
0.276316,2,22.829939
0.276316,2,22.831927
0.486842,4,22.835987
0.552632,3,22.839021
0.0,1,22.840012
0.0,1,22.841021
0.0,1,22.842035
0.0,1,22.843028
0.0,1,22.844045
0.552632,3,22.847044
0.697368,3,22.850059
0.0,1,22.851105
0.0,1,22.852091
0.0,1,22.853093
0.0,1,22.854114
0.276316,2,22.856106
0.0,1,22.857114
0.0,1,22.8581
0.0,1,22.859083
0.552632,3,22.862128
0.697368,3,22.865094
0.276316,2,22.867046
0.210526,3,22.87003
0.0,1,22.871055
0.697368,3,22.874086
0.0,1,22.875146
0.0,1,22.876163
0.0,1,22.877195
0.0,1,22.878197
0.0,1,22.879219
0.697368,3,22.882281
0.276316,2,22.884352
0.276316,2,22.886347
0.0,1,22.887336
0.0,1,22.888318
0.0,1,22.889349
0.0,1,22.890383
0.0,1,22.891397
0.0,1,22.892456
0.276316,2,22.894467
0.0,1,22.895469
0.0,1,22.89645
0.0,1,22.897471
0.276316,2,22.899462
0.0,1,22.900432
0.552632,3,22.903398
0.276316,2,22.905378
0.0,1,22.906391
0.552632,3,22.909391
0.0,1,22.910401
0.276316,2,22.912363
0.552632,3,22.915265
0.697368,3,22.918338
0.276316,2,22.920405
-0.065789,2,22.9224
0.276316,2,22.924489
0.276316,2,22.926508
0.0,1,22.927562
0.276316,2,22.929604
0.0,1,22.930611
0.276316,2,22.932635
0.276316,2,22.93469
0.552632,3,22.93766
0.0,1,22.938694
0.0,1,22.93971
0.0,1,22.940719
-0.065789,2,22.942808
0.276316,2,22.944819
0.0,1,22.945871
0.276316,2,22.947834
0.552632,3,22.950905
0.697368,3,22.95396
0.276316,2,22.956055
0.0,1,22.957037
0.0,1,22.958002
0.0,1,22.959
0.697368,3,22.963079
0.0,1,22.96423
0.0,1,22.965234
0.276316,2,22.967191
0.276316,2,22.970466
0.552632,3,22.975487
0.276316,2,22.978175
0.552632,3,22.982535
0.0,1,22.983771
0.0,1,22.985032
0.0,1,22.98601
0.0,1,22.98711
0.0,1,22.98839
0.0,1,22.989417
0.0,1,22.990424
0.0,1,22.991413
0.697368,3,22.994526
0.0,1,22.995529
0.0,1,22.996544
-0.065789,2,22.998484
-0.065789,2,23.00048
0.0,1,23.001579
0.276316,2,23.003579
0.0,1,23.004549
0.276316,2,23.006523
0.0,1,23.007554
0.0,1,23.008579
0.0,1,23.009574
0.0,1,23.010613
0.828947,4,23.014649
0.0,1,23.015625
0.0,1,23.016613
-0.065789,2,23.018612
0.276316,2,23.020576
0.0,1,23.0216
0.486842,4,23.025468
0.0,1,23.026494
0.0,1,23.027489
0.552632,3,23.03044
0.0,1,23.031451
0.828947,4,23.035335
0.552632,3,23.038312
-0.065789,2,23.040326
0.0,1,23.041341
0.0,1,23.042357
0.486842,4,23.046355
0.0,1,23.047369
0.552632,3,23.050349
0.0,1,23.051399
0.0,1,23.0524
0.276316,2,23.054408
-0.065789,2,23.056373
0.552632,3,23.059429
0.0,1,23.060389
0.276316,2,23.062389
0.276316,2,23.06436
0.276316,2,23.066364
0.0,1,23.06736
0.0,1,23.068327
0.276316,2,23.070289
0.552632,3,23.073259
0.276316,2,23.075254
0.0,1,23.076234
0.276316,2,23.078184
0.697368,3,23.081174
0.276316,2,23.084016
0.0,1,23.084989
0.0,1,23.085979
0.0,1,23.087006
0.0,1,23.087989
0.276316,2,23.089957
0.552632,3,23.092975
0.0,1,23.093998
0.0,1,23.095027
0.0,1,23.096014
0.276316,2,23.097966
0.0,1,23.098928
0.210526,3,23.101875
0.276316,2,23.103858
0.276316,2,23.105783
0.0,1,23.106838
0.0,1,23.107838
0.552632,3,23.110798
0.0,1,23.111773
0.0,1,23.112753
0.0,1,23.113724
0.0,1,23.114712
0.0,1,23.115706
0.0,1,23.116681
0.276316,2,23.118642
0.0,1,23.119581
0.0,1,23.120564
0.0,1,23.121504
0.697368,3,23.124386
0.0,1,23.125382
-0.065789,2,23.127252
0.276316,2,23.129141
0.0,1,23.130116
0.0,1,23.131148
0.0,1,23.132125
0.0,1,23.133091
0.276316,2,23.135119
0.0,1,23.13613
-0.065789,2,23.138082
0.0,1,23.139107
0.697368,3,23.142128
0.276316,2,23.144118
0.0,1,23.145149
0.276316,2,23.147146
0.552632,3,23.150096
0.0,1,23.151114
0.552632,3,23.154071
0.697368,3,23.15701
0.276316,2,23.158999
0.0,1,23.159986
0.0,1,23.160967
0.276316,2,23.162941
0.0,1,23.163965
0.0,1,23.164952
-0.065789,2,23.166906
0.0,1,23.167904
0.276316,2,23.169869
0.552632,3,23.172893
0.0,1,23.173884
0.0,1,23.174904
0.552632,3,23.177803
0.0,1,23.178784
-0.065789,2,23.180729
0.552632,3,23.183657
0.0,1,23.184665
0.0,1,23.185653
0.0,1,23.186685
0.697368,3,23.189479
0.0,1,23.190371
0.276316,2,23.19233
0.697368,3,23.195268
0.276316,2,23.197257
-0.065789,2,23.199227
0.697368,3,23.202171
0.276316,2,23.204093
0.0,1,23.205099
0.276316,2,23.20698
0.552632,3,23.209984
0.276316,2,23.211928
0.276316,2,23.213766
-0.065789,2,23.215762
0.697368,3,23.218768
0.276316,2,23.220731
0.0,1,23.221712
0.0,1,23.222717
0.210526,3,23.225648
0.552632,3,23.228568
0.0,1,23.229552
0.552632,3,23.232484
0.697368,3,23.235471
0.697368,3,23.238293
0.697368,3,23.241221
0.0,1,23.242219
0.0,1,23.24323
0.0,1,23.244236
0.276316,2,23.246221
0.276316,2,23.248065
0.0,1,23.249051
-0.065789,2,23.250989
0.0,1,23.251989
0.276316,2,23.253945
0.697368,3,23.256937
0.276316,2,23.258942
0.552632,3,23.261929
0.0,1,23.262936
0.276316,2,23.26488
0.0,1,23.265842
0.276316,2,23.267811
-0.065789,2,23.269774
0.552632,3,23.272704
0.697368,3,23.275639
0.0,1,23.276591
0.0,1,23.277538
0.0,1,23.27849
0.697368,3,23.281322
0.0,1,23.282282
-0.065789,2,23.284212
0.697368,3,23.287106
-0.065789,2,23.289046
-0.065789,2,23.291046
0.0,1,23.292021
0.697368,3,23.294924
0.0,1,23.295938
0.276316,2,23.297938
-0.065789,2,23.29987
0.0,1,23.300849
0.0,1,23.301832
0.0,1,23.302835
0.276316,2,23.304829
0.907895,5,23.309673
0.0,1,23.310684
0.0,1,23.311674
0.0,1,23.312629
0.0,1,23.313614
0.0,1,23.314605
0.0,1,23.315609
0.552632,3,23.318522
0.0,1,23.319535
0.0,1,23.320533
0.0,1,23.321525
0.0,1,23.322495
0.0,1,23.323481
0.0,1,23.324462
0.210526,3,23.327405
0.552632,3,23.330334
0.552632,3,23.333309
-0.065789,2,23.335285
0.0,1,23.336267
0.0,1,23.337231
0.276316,2,23.339206
0.0,1,23.340221
0.276316,2,23.342144
0.0,1,23.343248
0.276316,2,23.345221
0.0,1,23.346219
0.486842,4,23.350181
0.0,1,23.35118
0.0,1,23.352155
0.552632,3,23.355086
0.0,1,23.356067
0.0,1,23.357044
0.0,1,23.358028
0.276316,2,23.359972
0.276316,2,23.361919
0.0,1,23.362947
0.210526,3,23.365948
0.0,1,23.366947
0.0,1,23.367949
0.697368,3,23.37088
0.276316,2,23.372854
0.0,1,23.373856
0.0,1,23.374904
0.973684,4,23.378834
0.0,1,23.379803
0.697368,3,23.382765
0.0,1,23.383751
0.552632,3,23.386675
0.0,1,23.387652
0.0,1,23.388697
0.0,1,23.389653
0.0,1,23.390633
0.0,1,23.391591
-0.065789,2,23.393463
0.631579,4,23.397248
0.697368,3,23.400112
-0.065789,2,23.402066
0.276316,2,23.403996
0.552632,3,23.406989
0.276316,2,23.408966
0.552632,3,23.411876
0.0,1,23.412906
0.697368,3,23.415835
0.552632,3,23.418783
0.0,1,23.419796
0.0,1,23.420803
0.0,1,23.421797
0.0,1,23.422749
0.276316,2,23.424711
0.0,1,23.425698
0.697368,3,23.428651
0.276316,2,23.430619
0.276316,2,23.432645
0.0,1,23.433624
0.0,1,23.434668
0.0,1,23.435692
0.0,1,23.43666
0.552632,3,23.439652
0.0,1,23.440601
0.0,1,23.441612
0.0,1,23.44258
0.0,1,23.443555
0.552632,3,23.446474
0.0,1,31.183072
0.276316,2,31.186833
0.552632,3,31.192342
0.631579,4,31.199626
0.276316,2,31.202682
0.973684,4,31.208659
0.552632,3,31.212985
0.0,1,31.214356
0.697368,3,31.217488
0.697368,3,31.220603
0.0,1,31.221671
0.552632,3,31.224942
0.486842,4,31.229218
0.0,1,31.230482
0.276316,2,31.232987
0.552632,3,31.238501
0.276316,2,31.242265
0.210526,3,31.24732
0.828947,4,31.252964
0.697368,3,31.257202
0.276316,2,31.25993
0.276316,2,31.262374
0.276316,2,31.264437
0.0,1,31.265591
0.697368,3,31.270361
0.697368,3,31.275654
0.697368,3,31.280783
0.0,1,31.282482
0.0,1,31.283607
0.0,1,31.284636
0.552632,3,31.287701
0.0,1,31.288743
0.697368,3,31.291792
0.0,1,31.292771
0.697368,3,31.295788
0.276316,2,31.297752
0.276316,2,31.299786
0.697368,3,31.302762
0.276316,2,31.304701
0.697368,3,31.307652
0.276316,2,31.309608
0.0,1,31.310613
0.697368,3,31.313544
0.697368,3,31.316405
0.0,1,31.31739
0.0,1,31.318329
0.552632,3,31.326289
0.697368,3,31.329347
0.552632,3,31.332551
0.0,1,31.333535
0.0,1,31.334487
0.276316,2,31.336497
0.552632,3,31.339457
0.0,1,31.340391
0.697368,3,31.344071
0.276316,2,31.346098
0.0,1,31.347109
0.552632,3,31.350035
0.486842,4,31.353991
0.276316,2,31.356034
0.486842,4,31.360116
0.697368,3,31.363615
0.631579,4,31.367554
0.0,1,31.368579
0.276316,2,31.370624
0.276316,2,31.372602
0.697368,3,31.375759
0.697368,3,31.379062
0.828947,4,31.3829
0.276316,2,31.384934
0.828947,4,31.388942
0.0,1,31.389949
0.0,1,31.391137
0.552632,3,31.394099
0.552632,3,31.397044
0.276316,2,31.399046
0.0,1,31.400013
0.276316,2,31.40201
0.276316,2,31.404048
0.276316,2,31.406014
0.697368,3,31.409028
0.0,1,31.410043
0.0,1,31.411025
0.0,1,31.412056
0.907895,5,31.416913
-0.131579,3,31.419874
0.697368,3,31.422855
0.0,1,31.423909
0.697368,3,31.426865
0.0,1,31.427854
0.486842,4,31.431879
0.552632,3,31.434863
0.0,1,31.435894
0.276316,2,31.437882
0.552632,3,31.440864
0.697368,3,31.443899
0.697368,3,31.446884
0.0,1,31.447903
0.697368,3,31.450779
0.276316,2,31.452741
0.697368,3,31.455601
0.697368,3,31.45843
0.552632,3,31.461275
0.0,1,31.462207
0.552632,3,31.465033
0.697368,3,31.468277
0.697368,3,31.471153
0.697368,3,31.473886
0.276316,2,31.476019
0.552632,3,31.479467
0.828947,4,31.48331
0.0,1,31.484259
0.0,1,31.485267
0.552632,3,31.488123
0.276316,2,31.490085
0.0,1,31.491251
0.697368,3,31.4942
0.276316,2,31.496204
0.0,1,31.497146
0.552632,3,31.500017
0.697368,3,31.502956
0.0,1,31.503912
0.552632,3,31.506831
0.697368,3,31.509764
0.973684,4,31.513703
0.0,1,31.514692
0.0,1,31.515661
0.697368,3,31.518577
0.0,1,31.519559
0.0,1,31.520547
0.552632,3,31.52349
0.697368,3,31.526502
0.0,1,31.527466
0.276316,2,31.529416
0.552632,3,31.532329
0.276316,2,31.534339
0.828947,4,31.538241
0.0,1,31.539231
0.0,1,31.540232
0.697368,3,31.543151
0.0,1,31.544161
0.0,1,31.545162
0.276316,2,31.547092
0.697368,3,31.550033
0.0,1,31.551026
0.0,1,31.55198
0.0,1,31.552931
0.276316,2,31.554922
0.276316,2,31.556881
0.0,1,31.557891
0.552632,3,31.560835
0.0,1,31.561807
0.697368,3,31.564691
0.697368,3,31.567647
0.0,1,31.568598
0.697368,3,31.571455
0.0,1,31.572446
0.697368,3,31.575352
0.0,1,31.576304
0.0,1,31.577261
0.697368,3,31.580172
0.0,1,31.581133
0.697368,3,31.584044
0.552632,3,31.586947
0.276316,2,31.588859
0.697368,3,31.591857
0.0,1,31.59282
-0.065789,2,31.594702
0.697368,3,31.597575
0.697368,3,31.600474
0.0,1,31.601477
0.697368,3,31.604346
0.0,1,31.605303
0.0,1,31.606309
0.276316,2,31.608289
0.552632,3,31.611164
0.276316,2,31.613091
0.552632,3,31.615994
0.697368,3,31.61888
0.697368,3,31.621842
0.0,1,31.622832
-0.065789,2,31.624786
0.697368,3,31.627754
0.276316,2,31.629696
0.697368,3,31.632656
0.0,1,31.633591
0.0,1,31.634512
0.697368,3,31.637465
0.552632,3,31.64036
0.276316,2,31.642251
0.0,1,31.643231
0.552632,3,31.64624
0.0,1,31.647218
0.552632,3,31.6501
0.828947,4,31.653998
0.276316,2,31.656032
-0.065789,2,31.658015
0.552632,3,31.660948
0.486842,4,31.665026
0.0,1,31.666055
0.276316,2,31.668213
0.0,1,31.669323
0.697368,3,31.672378
0.0,1,31.673367
0.697368,3,31.676245
0.552632,3,31.679071
0.552632,3,31.681988
0.0,1,31.683028
0.0,1,31.684022
0.552632,3,31.687076
0.0,1,31.688132
0.0,1,31.68914
0.697368,3,31.692144
0.0,1,31.693155
0.276316,2,31.695103
0.0,1,31.696174
0.552632,3,31.699629
0.276316,2,31.701563
0.0,1,31.702524
0.0,1,31.703483
0.697368,3,31.706274
0.0,1,31.707246
0.697368,3,31.710832
0.276316,2,31.712739
0.0,1,31.7137
0.0,1,31.714693
0.552632,3,31.717517
0.276316,2,31.719437
0.210526,3,31.722303
0.697368,3,31.725358
0.552632,3,31.72828
0.0,1,31.729241
0.0,1,31.730185
0.276316,2,31.732147
0.486842,4,31.735967
0.697368,3,31.738898
0.763158,5,31.744747
-0.065789,2,31.747953
0.0,1,31.74953
0.552632,3,31.753414
0.631579,4,31.758255
0.631579,4,31.762241
0.697368,3,31.765267
-0.065789,2,31.767288
0.552632,3,31.770356
0.276316,2,31.772374
0.276316,2,31.774378
0.0,1,31.775474
0.552632,3,31.778405
0.276316,2,31.780359
0.276316,2,31.782327
0.697368,3,31.785238
0.0,1,31.786193
0.0,1,31.787293
0.697368,3,31.79028
0.0,1,31.791324
0.0,1,31.792316
0.973684,4,31.796256
0.0,1,31.797201
0.276316,2,31.799294
0.697368,3,31.802469
0.552632,3,31.805302
0.697368,3,31.808411
0.0,1,31.809329
0.697368,3,31.812822
-0.065789,2,31.814726
0.0,1,31.815697
0.486842,4,31.819591
0.0,1,31.820615
0.697368,3,31.823613
0.0,1,31.824823
0.276316,2,31.826741
0.697368,3,31.829701
0.697368,3,31.832588
0.0,1,31.833598
0.697368,3,31.836398
0.0,1,31.837378
0.276316,2,31.839262
0.697368,3,31.842242
0.552632,3,31.845191
0.828947,4,31.849097
0.697368,3,31.852042
0.276316,2,31.853976
0.697368,3,31.856934
0.0,1,31.85793
0.552632,3,31.860784
0.210526,3,31.863715
0.697368,3,31.866695
0.0,1,31.867635
0.276316,2,31.86962
0.697368,3,31.872531
0.697368,3,31.875403
0.276316,2,31.877409
0.697368,3,31.880434
0.0,1,31.881415
0.0,1,31.882417
0.697368,3,31.885403
0.697368,3,31.888437
0.697368,3,31.891477
0.0,1,31.892478
0.276316,2,31.894505
0.0,1,31.895606
0.697368,3,31.898593
0.0,1,31.899868
-0.065789,2,31.901918
-0.065789,2,31.903833
0.276316,2,31.90586
0.552632,3,31.908883
0.276316,2,31.910825
0.0,1,31.911832
0.0,1,31.912821
0.697368,3,31.915685
0.0,1,31.916609
0.828947,4,31.920334
0.697368,3,31.923326
0.0,1,31.92432
0.276316,2,31.926111
0.276316,2,31.928109
0.552632,3,31.931068
0.0,1,31.932061
0.697368,3,31.934945
-0.065789,2,31.936875
0.697368,3,31.939777
0.0,1,31.940789
0.697368,3,31.943559
-0.065789,2,31.945489
0.697368,3,31.948361
0.0,1,31.949313
0.0,1,31.950269
0.697368,3,31.953138
0.697368,3,31.956067
0.276316,2,31.95801
0.0,1,31.958951
0.697368,3,31.961915
0.276316,2,31.964033
0.0,1,31.964991
0.697368,3,31.967992
0.276316,2,31.969924
0.0,1,31.970937
0.697368,3,31.973827
0.697368,3,31.977663
-0.065789,2,31.979659
0.0,1,31.980626
0.552632,3,31.983598
0.552632,3,31.986567
0.697368,3,31.989476
0.0,1,31.990451
0.0,1,31.991856
0.0,1,31.992857
0.697368,3,31.996253
0.697368,3,32.000534
0.552632,3,32.004519
0.276316,2,32.007155
0.0,1,32.008787
0.0,1,32.009947
0.0,1,32.011124
0.0,1,32.012469
0.552632,3,32.015666
0.697368,3,32.018638
0.0,1,32.019669
0.552632,3,32.022567
0.552632,3,32.025605
0.552632,3,32.028481
0.0,1,32.029466
-0.065789,2,32.03145
0.552632,3,32.034425
0.0,1,32.035438
0.276316,2,32.037421
0.552632,3,32.04038
0.276316,2,32.042363
0.0,1,32.043368
0.697368,3,32.046332
0.552632,3,32.049228
0.0,1,32.050199
0.973684,4,32.054083
0.486842,4,32.057983
0.276316,2,32.060093
0.552632,3,32.06305
0.0,1,32.064074
0.0,1,32.065062
0.697368,3,32.068009
0.697368,3,32.07098
0.697368,3,32.073936
0.276316,2,32.075939
0.552632,3,32.078923
0.0,1,32.079956
0.697368,3,32.082927
0.0,1,32.08397
0.276316,2,32.085878
0.973684,4,32.089858
0.697368,3,32.092924
0.552632,3,32.095877
0.0,1,32.0969
0.0,1,32.097924
0.697368,3,32.10083
0.0,1,32.101889
0.697368,3,32.104845
0.828947,4,32.108713
0.697368,3,32.111611
0.0,1,32.1126
0.276316,2,32.114604
0.0,1,32.115606
0.276316,2,32.11762
0.552632,3,32.120618
0.552632,3,32.12364
0.697368,3,32.126623
0.552632,3,32.129612
0.0,1,32.130616
0.0,1,32.131654
0.0,1,32.132668
0.0,1,32.133656
0.276316,2,32.135682
0.0,1,32.136709
0.0,1,32.137782
0.0,1,32.138766
0.0,1,32.139824
0.0,1,32.140872
0.0,1,32.141904
0.276316,2,32.143991
0.0,1,32.145008
0.0,1,32.146044
0.697368,3,32.149131
0.697368,3,32.152071
0.0,1,32.153081
0.0,1,32.154155
0.697368,3,32.157299
0.697368,3,32.160294
0.697368,3,32.163363
0.0,1,32.164377
0.0,1,32.165433
0.973684,4,32.169409
0.697368,3,32.172421
0.276316,2,32.174414
-0.065789,2,32.176499
0.552632,3,32.179614
0.0,1,32.180649
0.0,1,32.181633
0.973684,4,32.185728
0.697368,3,32.188748
0.697368,3,32.19178
0.697368,3,32.194825
0.0,1,32.195849
0.552632,3,32.198747
0.0,1,32.199744
0.552632,3,32.202752
0.276316,2,32.204734
0.552632,3,32.20774
0.276316,2,32.209754
0.0,1,32.210797
0.697368,3,32.213772
0.631579,4,32.217787
0.0,1,32.218823
0.697368,3,32.221846
0.631579,4,32.225876
0.552632,3,32.228915
0.276316,2,32.230955
0.276316,2,32.232851
0.0,1,32.23384
0.552632,3,32.236813
0.276316,2,32.238871
0.0,1,32.23988
0.0,1,32.240894
0.0,1,32.241871
0.552632,3,32.244806
0.276316,2,32.246712
0.0,1,32.247713
0.697368,3,32.250705
-0.065789,2,32.252658
0.0,1,32.253632
0.697368,3,32.256597
0.552632,3,32.259557
0.0,1,32.260555
0.631579,4,32.264507
0.0,1,32.265505
0.0,1,32.266498
0.697368,3,32.269601
0.697368,3,32.272584
0.697368,3,32.276122
0.631579,4,32.280175
0.0,1,32.281166
0.552632,3,32.284092
0.697368,3,32.286989
0.0,1,32.28799
0.552632,3,32.290986
0.0,1,32.292076
0.973684,4,32.296082
0.210526,3,32.299006
0.697368,3,32.301911
0.276316,2,32.303908
0.552632,3,32.306977
0.697368,3,32.309923
0.697368,3,32.312856
0.0,1,32.313886
0.0,1,32.314901
0.0,1,32.315888
0.0,1,32.316869
0.276316,2,32.318898
0.697368,3,32.32181
0.0,1,32.322858
0.276316,2,32.324789
0.552632,3,32.327877
0.276316,2,32.329891
0.552632,3,32.332853
0.0,1,32.333833
0.697368,3,32.3368
0.0,1,32.3378
0.697368,3,32.340775
0.0,1,32.34177
0.552632,3,32.344793
0.697368,3,32.34774
0.697368,3,32.350676
0.0,1,32.35168
0.276316,2,32.353593
0.552632,3,32.35657
0.828947,4,32.360634
0.0,1,32.361669
0.0,1,32.362681
0.552632,3,32.365595
0.697368,3,32.368548
0.697368,3,32.371569
0.0,1,32.372539
0.0,1,32.373515
0.697368,3,32.376263
0.0,1,32.377259
0.0,1,32.378255
0.552632,3,32.381123
0.0,1,32.382078
0.552632,3,32.385074
0.697368,3,32.387992
0.631579,4,32.391926
0.0,1,32.392914
0.552632,3,32.395878
0.0,1,32.396862
0.0,1,32.397863
0.697368,3,32.400868
0.552632,3,32.403862
0.0,1,32.404908
0.276316,2,32.40693
0.0,1,32.407938
0.763158,5,32.41285
0.552632,3,32.415856
0.552632,3,32.418789
0.907895,5,32.42362
0.552632,3,32.426606
0.0,1,32.427613
0.0,1,32.428603
0.697368,3,32.431472
0.276316,2,32.433474
0.697368,3,32.436417
0.0,1,32.437426
0.0,1,32.438406
0.697368,3,32.441287
0.697368,3,32.444319
0.0,1,32.445299
0.697368,3,32.448273
0.0,1,32.449279
0.276316,2,32.451263
0.0,1,32.452251
0.0,1,32.453227
0.0,1,32.454208
0.0,1,32.455191
0.276316,2,32.457144
0.552632,3,32.460097
0.0,1,32.461085
0.552632,3,32.464035
0.552632,3,32.467037
0.697368,3,32.470231
0.0,1,32.471254
-0.065789,2,32.473211
0.697368,3,32.476901
0.0,1,32.478018
0.697368,3,32.481037
0.0,1,32.482055
0.697368,3,32.485049
0.0,1,32.486105
0.552632,3,32.48903
0.697368,3,32.492218
0.0,1,32.493273
0.697368,3,32.496308
0.552632,3,32.499314
0.210526,3,32.502338
0.697368,3,32.505365
0.552632,3,32.508228
0.0,1,32.509316
0.697368,3,32.51228
0.697368,3,32.515275
0.697368,3,32.518267
0.0,1,32.519307
0.0,1,32.520301
0.552632,3,32.523341
0.276316,2,32.52538
0.276316,2,32.527372
0.210526,3,32.53037
0.697368,3,32.533393
0.697368,3,32.536319
0.276316,2,32.538333
0.552632,3,32.541346
0.0,1,32.542392
0.0,1,32.543443
0.0,1,32.544437
0.697368,3,32.547434
0.0,1,32.548445
0.697368,3,32.551405
0.0,1,32.55241
0.973684,4,32.556387
0.0,1,32.557397
0.276316,2,32.559362
0.276316,2,32.561228
0.0,1,32.562264
0.0,1,32.563546
0.276316,2,32.565574
0.697368,3,32.568639
0.0,1,32.569666
0.552632,3,32.57276
0.631579,4,32.576858
0.0,1,32.577969
0.697368,3,32.58647
0.0,1,32.587503
0.697368,3,32.590601
0.697368,3,32.593715
0.552632,3,32.596786
0.552632,3,32.599887
0.697368,3,32.602958
0.0,1,32.604071
0.0,1,32.605131
0.697368,3,32.60831
0.276316,2,32.610619
0.276316,2,32.612783
0.0,1,32.613832
0.276316,2,32.615835
0.697368,3,32.61882
0.276316,2,32.620904
0.0,1,32.621924
0.552632,3,32.625037
0.210526,3,32.628242
0.0,1,32.62926
0.276316,2,32.631298
0.0,1,32.632288
0.0,1,32.633297
0.697368,3,32.636341
0.0,1,32.637388
0.697368,3,32.640452
0.0,1,32.64145
0.276316,2,32.643531
0.0,1,32.644562
0.973684,4,32.648604
0.0,1,32.649622
0.697368,3,32.652594
0.552632,3,32.655643
0.697368,3,32.658631
0.697368,3,32.661691
0.0,1,32.662751
0.697368,3,32.665809
0.0,1,32.666847
0.0,1,32.667856
0.0,1,32.668891
0.0,1,32.669965
0.0,1,32.670965
0.552632,3,32.673903
0.276316,2,32.67595
0.697368,3,32.679062
0.0,1,32.680095
0.697368,3,32.683096
0.0,1,32.684129
0.276316,2,32.686201
0.276316,2,32.688212
0.697368,3,32.691239
0.0,1,32.692264
0.0,1,32.693286
0.0,1,32.694324
0.276316,2,32.696393
0.276316,2,32.698426
0.486842,4,32.702471
0.0,1,32.703507
0.697368,3,32.706624
0.552632,3,32.709678
0.697368,3,32.712697
0.697368,3,32.715606
0.0,1,32.716617
0.0,1,32.717594
0.0,1,32.718579
0.697368,3,32.721525
0.0,1,32.722528
0.0,1,32.723542
0.631579,4,32.727483
0.697368,3,32.730361
0.276316,2,32.732401
0.0,1,32.733405
0.0,1,32.73446
0.697368,3,32.737545
0.0,1,32.738599
0.276316,2,32.740634
0.697368,3,32.743683
0.697368,3,32.746724
0.552632,3,32.749796
0.276316,2,32.751858
0.552632,3,32.754694
0.276316,2,32.756714
0.552632,3,32.759739
0.552632,3,32.762979
0.697368,3,32.766114
0.697368,3,32.769146
0.0,1,32.770203
0.697368,3,32.77332
0.276316,2,32.7753
0.0,1,32.776343
0.973684,4,32.780379
0.697368,3,32.783444
0.0,1,32.784483
0.552632,3,32.787515
0.0,1,32.788521
0.0,1,32.789529
0.552632,3,32.792594
0.697368,3,32.795638
0.0,1,32.796656
0.0,1,32.797669
0.828947,4,32.801731
0.276316,2,32.803753
0.0,1,32.804787
0.210526,3,32.80777
0.0,1,32.808793
0.631579,4,32.81279
-0.065789,2,32.814832
0.0,1,32.815863
0.697368,3,32.818773
0.697368,3,32.821686
0.0,1,32.822689
0.552632,3,32.825529
0.276316,2,32.82762
0.276316,2,32.829646
0.697368,3,32.832564
0.276316,2,32.834547
0.0,1,32.835515
0.973684,4,32.839448
0.0,1,32.840482
0.552632,3,32.843473
0.0,1,32.844496
0.0,1,32.845492
0.697368,3,32.848461
0.552632,3,32.851471
0.552632,3,32.854438
0.0,1,32.855453
0.276316,2,32.857457
0.552632,3,32.860506
0.276316,2,32.862523
0.0,1,32.863534
0.552632,3,32.866503
0.552632,3,32.869344
0.0,1,32.870329
0.552632,3,32.873111
0.0,1,32.874097
0.276316,2,32.87609
0.697368,3,32.879014
0.552632,3,32.882006
0.552632,3,32.885006
0.697368,3,32.887898
0.0,1,32.888918
0.697368,3,32.891895
0.828947,4,32.89587
0.276316,2,32.897855
0.552632,3,32.900817
0.0,1,32.901834
0.552632,3,32.904757
0.552632,3,32.907729
0.0,1,32.908751
0.0,1,32.909736
0.697368,3,32.912762
0.0,1,32.913762
0.697368,3,32.916749
0.276316,2,32.918751
0.0,1,32.919753
0.0,1,32.92081
0.0,1,32.921842
0.276316,2,32.923892
0.552632,3,32.926889
0.631579,4,32.931063
0.0,1,32.932053
0.0,1,32.933057
0.697368,3,32.936029
0.973684,4,32.940058
0.697368,3,32.943113
0.552632,3,32.94614
0.0,1,32.947143
0.552632,3,32.950201
0.907895,5,32.955347
0.276316,2,32.957391
0.486842,4,32.961428
0.0,1,32.962449
0.276316,2,32.964468
0.552632,3,32.967634
0.697368,3,32.970912
0.697368,3,32.973949
0.276316,2,32.976225
0.697368,3,32.979389
0.697368,3,32.982395
0.697368,3,32.985471
0.276316,2,32.98752
0.276316,2,32.989557
0.828947,4,32.993662
0.552632,3,32.996701
0.697368,3,32.999588
0.0,1,33.000641
0.0,1,33.001651
0.697368,3,33.004673
0.0,1,33.005659
0.0,1,33.006692
0.276316,2,33.008687
0.0,1,33.009811
0.0,1,33.010848
0.697368,3,33.013879
0.697368,3,33.016945
0.0,1,33.017971
0.0,1,33.018966
0.565789,5,33.024019
0.0,1,33.025081
0.0,1,33.026096
0.697368,3,33.029099
0.0,1,33.030101
0.973684,4,33.034037
0.697368,3,33.037049
0.697368,3,33.040046
0.0,1,33.041047
0.276316,2,33.043177
0.276316,2,33.045069
0.0,1,33.046119
0.276316,2,33.048149
0.0,1,33.04916
0.697368,3,33.052196
0.276316,2,33.054219
0.552632,3,33.057186
0.0,1,33.058213
0.552632,3,33.061166
0.0,1,33.062159
0.697368,3,33.065183
-0.065789,2,33.067163
0.0,1,33.068193
0.552632,3,33.071136
0.697368,3,33.07408
0.0,1,33.075096
0.552632,3,33.078128
0.697368,3,33.081096
0.552632,3,33.084051
0.0,1,33.085078
0.973684,4,33.089019
0.697368,3,33.092051
0.552632,3,33.095158
0.631579,4,33.099141
0.276316,2,33.10113
0.552632,3,33.104143
-0.065789,2,33.106136
0.697368,3,33.109164
0.276316,2,33.111174
0.697368,3,33.114169
0.552632,3,33.117131
0.0,1,33.118135
0.552632,3,33.121156
0.552632,3,33.12414
0.552632,3,33.127147
0.552632,3,33.130117
0.276316,2,33.132159
0.697368,3,33.135145
0.552632,3,33.138072
0.697368,3,33.141064
0.0,1,33.142069
0.0,1,33.143087
0.0,1,33.144081
0.276316,2,33.146038
0.0,1,33.147045
0.210526,3,33.150044
0.697368,3,33.153088
0.552632,3,33.156068
0.276316,2,33.158074
0.697368,3,33.161041
0.276316,2,33.16311
0.0,1,33.164249
0.0,1,33.165262
0.276316,2,33.167216
0.697368,3,33.17012
0.552632,3,33.173128
0.0,1,33.174148
0.697368,3,33.17773
0.697368,3,33.180712
0.0,1,33.181686
0.0,1,33.182697
0.0,1,33.183687
0.0,1,33.184702
0.631579,4,33.188669
0.276316,2,33.190645
0.0,1,33.191634
0.552632,3,33.194728
0.276316,2,33.19674
0.276316,2,33.198747
0.552632,3,33.201686
0.276316,2,33.203688
0.0,1,33.204663
0.697368,3,33.207648
0.697368,3,33.210777
0.0,1,33.211835
0.552632,3,33.214907
0.0,1,33.215935
0.276316,2,33.217968
0.552632,3,33.220891
0.276316,2,33.22296
0.0,1,33.223963
0.0,1,33.225024
-0.065789,2,33.227056
0.0,1,33.228085
0.697368,3,33.231083
0.0,1,33.232113
-0.065789,2,33.234167
0.552632,3,33.237268
-0.065789,2,33.239319
0.0,1,33.240371
0.552632,3,33.243353
0.697368,3,33.246365
0.697368,3,33.24922
0.0,1,33.250274
0.697368,3,33.253246
0.276316,2,33.25522
-0.065789,2,33.25716
0.0,1,33.258132
-0.065789,2,33.260024
0.0,1,33.260944
0.697368,3,33.263853
0.486842,4,33.267733
0.697368,3,33.270662
0.276316,2,33.27259
0.697368,3,33.275553
0.0,1,33.276579
0.276316,2,33.278568
0.276316,2,33.280502
0.697368,3,40.823939
0.697368,3,40.829406
0.697368,3,40.83389
0.697368,3,40.838672
0.697368,3,40.841526
0.697368,3,40.845494
0.697368,3,40.849391
0.697368,3,40.853734
0.697368,3,40.857536
0.697368,3,40.861279
0.973684,4,40.867385
0.697368,3,40.871019
0.697368,3,40.87494
0.973684,4,40.88073
0.697368,3,40.884531
0.697368,3,40.888429
1.25,5,40.895842
0.697368,3,40.90126
0.697368,3,40.90524
0.697368,3,40.909288
0.697368,3,40.912666
0.697368,3,40.9156
0.697368,3,40.918438
0.697368,3,40.921212
0.697368,3,40.924128
0.697368,3,40.926954
0.697368,3,40.929752
0.697368,3,40.932568
0.697368,3,40.9355
0.697368,3,40.938425
0.697368,3,40.941314
0.697368,3,40.944192
0.697368,3,40.946979
0.697368,3,40.949869
0.697368,3,40.952613
0.697368,3,40.955354
0.697368,3,40.958284
0.697368,3,40.96106
0.697368,3,40.963999
0.697368,3,40.96715
0.973684,4,40.971107
0.697368,3,40.973898
0.697368,3,40.976749
0.697368,3,40.979933
0.697368,3,40.982936
0.973684,4,40.986925
0.697368,3,40.989671
0.697368,3,40.992547
0.697368,3,40.995399
0.697368,3,40.99818
1.25,5,41.003122
0.697368,3,41.005902
0.697368,3,41.008686
0.697368,3,41.011546
0.697368,3,41.014334
0.697368,3,41.017168
0.697368,3,41.02004
0.973684,4,41.023646
0.697368,3,41.026361
0.697368,3,41.029111
0.697368,3,41.032003
0.697368,3,41.034704
0.697368,3,41.037457
0.697368,3,41.040204
0.697368,3,41.042956
0.697368,3,41.045716
0.697368,3,41.048485
0.697368,3,41.051337
0.697368,3,41.054081
0.697368,3,41.056858
0.697368,3,41.059633
0.697368,3,41.062376
0.973684,4,41.06613
0.697368,3,41.069015
0.973684,4,41.072766
0.697368,3,41.075623
0.697368,3,41.078483
0.697368,3,41.081409
0.697368,3,41.084424
0.697368,3,41.087378
0.697368,3,41.090282
0.697368,3,41.119371
0.697368,3,41.121883
0.697368,3,41.1246
0.697368,3,41.127352
0.697368,3,41.130135
0.697368,3,41.133206
0.697368,3,41.136213
