#{"t_start": 1627412238.3335714, "env_id": "CliffWalking-v0"}
r,l,t
-40300,11887,81.970659
-19399,391,83.959078
-28193,572,88.752413
-7093,163,89.085681
-2206,127,90.542365
-16299,261,92.264844
-1192,103,92.473626
-13163,194,94.058235
-29924,620,97.746325
-6686,152,99.265705
-423,27,99.320113
-349,52,99.424193
-8346,129,100.892629
-21828,345,102.820535
-5041,91,104.22385
-1165,76,104.379189
-421,25,104.431108
-1255,67,104.570061
-530,35,104.640494
-4925,74,106.00699
-2295,117,106.236301
-221,23,106.283489
-714,21,106.324276
-1529,44,106.411362
-2914,43,107.697646
-1300,112,107.91885
-1632,48,108.015518
-419,23,108.058311
-3924,63,109.380854
-3715,52,109.479518
-1318,31,109.538469
-231,33,109.608577
-1919,38,109.679021
-3154,85,109.837636
-1937,56,111.189998
-1328,41,111.269638
-121,22,111.311867
-10347,150,112.81084
-1739,56,112.932021
-1326,39,113.016466
-537,42,113.101565
-5587,142,114.606489
-1576,91,114.78673
-213,15,114.817358
-1070,80,114.983394
-17,17,115.01849
-6735,102,116.414964
-723,30,116.475511
-1481,95,116.664891
-1639,55,117.989449
-1227,39,118.067092
-1526,41,118.148054
-4226,68,118.282456
-1626,42,118.36656
-15,15,118.3961
-1438,52,119.684524
-148,49,119.778827
-423,27,119.8327
-633,39,119.907803
-773,80,120.068717
-9504,198,121.551594
-3730,67,121.682095
-2224,46,121.771958
-1068,78,123.055242
-57,57,123.172436
-126,27,123.226874
-251,152,124.734697
-2726,53,124.839869
-9729,126,125.096511
-1015,25,126.357171
-749,56,126.476662
-974,83,126.64294
-1037,47,126.741882
-24,24,126.790174
-123,24,126.835011
-317,20,128.076068
-1733,50,128.174931
-14418,162,128.488275
-4930,79,129.817016
-290,92,129.993729
-291,93,130.170126
-1383,195,131.729497
-219,21,131.769617
-7425,99,133.159055
-220,22,133.200456
-539,44,133.281763
-127,28,133.336242
-353,56,133.441801
-1021,31,133.500026
-515,20,133.537981
-1333,46,134.796407
-3714,51,134.890148
-4519,64,135.018664
-1214,26,135.069699
-416,20,135.108677
-2220,42,135.189479
-2238,60,136.496471
-431,35,136.56393
-416,20,136.603155
-13,13,136.62824
-40,40,136.705252
-621,27,136.757609
-15,15,136.786477
-435,39,136.861724
-316,19,136.897236
-115,16,136.927465
-3043,73,138.28113
-113,14,138.30683
-3540,75,138.452738
-137,38,138.523197
-1317,30,138.579085
-16,16,138.609633
-13,13,138.634718
-427,31,139.89389
-19,19,139.929844
-613,19,139.96624
-434,38,140.042519
-319,22,140.085985
-619,25,140.135203
-59,59,140.25005
-224,26,140.301733
-515,20,140.340834
-2113,34,141.498271
-221,23,141.544164
-3155,86,141.713672
-723,30,141.772899
-1817,35,141.841594
-2616,42,141.924072
-1624,40,143.086974
-316,19,143.124691
-2131,52,143.22717
-523,28,143.282294
-4448,92,143.468666
-738,45,144.737276
-1830,48,144.828812
-514,19,144.864974
-21,21,144.903612
-316,19,144.939679
-2226,48,145.029177
-1131,42,145.107414
-242,44,145.190117
-1315,28,146.409778
-1139,50,146.505786
-37,37,146.574137
-229,31,146.633093
-317,20,146.670618
-720,27,146.721205
-232,34,146.787322
-715,22,146.83027
-323,26,148.07565
-720,27,148.132613
-1316,29,148.186674
-418,22,148.229595
-1325,38,148.302927
-121,22,148.346235
-4443,87,148.512762
-923,32,149.766861
-2227,49,149.862195
-330,33,149.926397
-13,13,149.951737
-1816,34,150.017313
-15,15,150.046494
-16,16,150.078255
-213,15,150.106612
-220,22,150.150219
-117,18,150.185019
-317,20,150.223556
-831,39,151.474797
-413,17,151.50701
-1223,35,151.573925
-472,76,151.719012
-450,54,151.818911
-116,17,151.851427
-420,24,153.069299
-3747,84,153.237363
-2928,57,153.346605
-1515,30,153.404404
-1442,56,153.511118
-2228,50,154.798234
-727,34,154.864102
-317,20,154.903841
-21,21,154.944645
-821,29,155.001666
-1324,37,155.079199
-1028,38,155.152403
-317,20,155.190451
-1623,39,156.450698
-13,13,156.477708
-132,33,156.542062
-415,19,156.578989
-631,37,156.65168
-313,16,156.682625
-132,33,156.748065
-217,19,156.784964
-319,22,156.82844
-418,22,156.871834
-1219,31,156.932282
-4855,103,158.336328
-724,31,158.397636
-14,14,158.425483
-515,20,158.464585
-18,18,158.50028
-214,16,158.532262
-1123,34,158.600178
-426,30,159.780727
-728,35,159.849512
-548,53,159.954366
-1420,34,160.020614
-18,18,160.055555
-825,33,160.11926
-415,19,160.156805
-1334,47,160.248302
-118,19,161.465191
-841,49,161.56082
-223,25,161.609545
-1125,36,161.67922
-631,37,161.751668
-114,15,161.780479
-932,41,161.860548
-129,30,161.919759
-1117,28,163.163061
-214,16,163.194306
-332,35,163.263318
-226,28,163.318106
-620,26,163.368969
-536,41,163.449455
-215,17,163.482397
-16,16,163.514477
-418,22,163.557683
-19,19,163.594802
-216,18,163.630212
-1033,43,164.905748
-729,36,164.97718
-1426,40,165.061318
-627,33,165.124706
-921,30,165.182433
-1820,38,165.253663
-629,35,165.322965
-18,18,166.449695
-1133,44,166.54036
-1138,49,166.639429
-127,28,166.697194
-326,29,166.752387
-917,26,166.801883
-14,14,166.82852
-1323,36,166.901314
-25,25,168.152663
-224,26,168.203949
-17,17,168.236758
-230,32,168.29987
-542,47,168.391395
-1493,107,168.593847
-1115,26,169.830815
-138,39,169.906324
-313,16,169.94065
-22,22,169.989364
-519,24,170.035931
-415,19,170.072884
-217,19,170.109417
-341,44,170.193673
-231,33,170.257671
-321,24,170.304411
-328,31,171.563877
-15,15,171.592909
-619,25,171.640896
-127,28,171.69548
-220,22,171.737812
-413,17,171.771618
-519,24,171.818144
-216,18,171.852563
-34,34,171.918668
-313,16,171.949415
-917,26,171.999538
-314,17,173.205979
-16,16,173.236497
-13,13,173.261081
-516,21,173.301891
-416,20,173.338975
-125,26,173.389204
-245,47,173.483007
-215,17,173.516923
-750,57,173.629529
-713,20,173.669495
-630,36,174.909706
-1423,37,174.982085
-22,22,175.025835
-2338,61,175.144331
-527,32,175.204761
-920,29,175.260717
-14,14,175.287992
-628,34,175.355736
-217,19,176.573379
-38,38,176.648005
-20,20,176.686936
-1331,44,176.773585
-222,24,176.82021
-114,15,176.850636
-418,22,176.899012
-325,28,176.951856
-113,14,176.979093
-1225,37,178.222241
-721,28,178.280588
-415,19,178.324243
-21,21,178.366108
-917,26,178.418185
-1324,37,178.491435
-519,24,178.539232
-25,25,178.593271
-314,17,178.627026
-1338,51,178.725278
-126,27,179.962615
-116,17,179.996108
-727,34,180.061921
-2047,67,180.19275
-1043,53,180.298523
-418,22,180.341771
-432,36,180.414008
-916,25,181.654339
-417,21,181.694991
-1531,46,181.79002
-619,25,181.838785
-22,22,181.879839
-21,21,181.919572
-917,26,181.969767
-114,15,181.99849
-314,17,182.031837
-716,23,182.083764
-733,40,183.341919
-431,35,183.410477
-124,25,183.459332
-315,18,183.493992
-13,13,183.519441
-118,19,183.556897
-13,13,183.582527
-46,46,183.67336
-18,18,183.708691
-248,50,183.806389
-148,49,185.10425
-813,21,185.1443
-2348,71,185.28378
-16,16,185.316328
-120,21,185.357801
-24,24,185.407792
-220,22,185.456859
-1226,38,186.709644
-915,24,186.757418
-13,13,186.78387
-724,31,186.844673
-321,24,186.892218
-424,28,186.94721
-717,24,186.99226
-225,27,187.045127
-218,20,187.083591
-428,32,187.143237
-15,15,187.172083
-565,169,188.701732
-119,20,188.741689
-414,18,188.77714
-14,14,188.804495
-131,32,188.866391
-822,30,190.088551
-14,14,190.115658
-114,15,190.144772
-214,16,190.175421
-228,30,190.233541
-17,17,190.26597
-217,19,190.307714
-120,21,190.349344
-116,17,190.388174
-328,31,190.448762
-30,30,190.507677
-27,27,190.559936
-116,17,191.689824
-1246,58,191.803908
-13,13,191.833406
-520,25,191.881205
-1396,109,192.087948
-21,21,192.127443
-272,74,193.448097
-17,17,193.482257
-16,16,193.513204
-57,57,193.621266
-20,20,193.660339
-25,25,193.709224
-115,16,193.740756
-13,13,193.767452
-139,40,195.051943
-15,15,195.086039
-119,20,195.126384
-426,30,195.185565
-221,23,195.237037
-243,45,195.326964
-22,22,195.375669
-16,16,195.407672
-13,13,195.433245
-31,31,195.499368
-18,18,195.534752
-176,77,196.92048
-32,32,196.981845
-133,34,197.049042
-457,61,197.167536
-124,25,197.224144
-18,18,197.261093
-36,36,198.513224
-300,102,198.707334
-659,362,200.593481
-47458,4195,229.813088
-465,69,229.967156
-2354,77,230.128225
-2517,141,231.611541
-4419,162,231.941396
-132,33,233.240485
-1122,33,233.310424
-228,30,233.368297
-20,20,233.408795
-636,42,233.496265
-117,18,233.531748
-633,39,233.607308
-349,52,234.897604
-3068,98,235.089079
-828,36,235.159225
-1140,51,235.257231
-4464,108,236.661436
-2648,74,236.811378
-1550,65,236.938236
-341,44,237.027302
-3163,94,238.409872
-5370,123,238.66286
-7222,193,240.226478
-19,19,240.262581
-732,39,240.339391
-4266,108,241.746566
-2536,61,241.866878
-2246,68,241.99887
-11059,268,243.708337
-2383,106,245.102721
-1550,65,245.228232
-116,17,245.259752
-2934,63,245.377154
-317,20,245.414838
-220,22,245.455056
-615,21,245.495728
-2440,64,246.704785
-2540,65,246.83374
-415,19,246.871865
-1817,35,246.941586
-28993,382,250.081364
-422,26,250.132437
-1315,28,250.188038
-118,19,250.230669
-3324,57,250.351326
-13,13,250.377673
-514,19,250.417249
-214,16,250.449331
-1220,32,250.516923
-6347,110,251.925188
-1116,27,251.982088
-2326,49,252.076837
-4340,83,252.236921
-1314,27,253.498166
-11154,165,253.821312
-1115,26,253.870702
-4233,75,255.193673
-338,41,255.280511
-219,21,255.32233
-1525,40,255.398038
-743,50,255.494148
-1318,31,255.553433
-1715,32,255.617191
-1818,36,256.884778
-6018,78,257.037757
-7518,93,257.221843
-5823,81,258.595164
-115,16,258.626664
-2155,76,258.774374
-3131,62,258.895007
-15,15,258.924242
-13,13,258.95001
-1467,81,260.309785
-22939,268,262.012016
-130,31,262.072227
-1246,58,262.190703
-2616,42,262.272009
-1118,29,262.328882
-713,20,262.367382
-122,23,262.412745
-117,18,263.64322
-7515,90,263.813817
-4726,73,263.953705
-229,31,264.01329
-8621,107,265.422306
-11038,148,265.713697
-113,14,265.74157
-2640,66,267.061272
-1418,32,267.12438
-15046,14947,367.40269
-23121,252,369.102844
-24748,295,370.910342
-27622,298,372.704304
-3244,76,374.036035
-44130,471,377.389004
-17155,226,377.87078
-12024,144,379.390294
-7729,106,379.607938
-928,37,380.889508
-5229,81,381.058705
-10620,126,381.30816
-2120,41,382.584575
-3022,52,382.689075
-5816,74,382.834092
-4417,61,382.953829
-4518,63,384.252264
-2428,52,384.355239
-4117,58,384.469066
-416,20,384.508878
-725,32,384.571994
-3329,62,384.697205
-4935,84,385.970656
-3213,3015,405.169992
-1034,44,406.46679
-3948,87,406.643947
-1644,60,406.765876
-313,16,406.797754
-960,69,408.128563
-1917,36,408.203623
-281,83,408.374068
-3971,209,409.980445
-928,334,411.846014
-3416,50,411.944975
-4824,72,413.337321
-133,34,413.402597
-3027,57,413.513055
-20,20,413.552353
-4330,73,413.693481
-11463,177,415.269726
-267,69,415.407897
-943,52,416.680832
-2630,56,416.800226
-667,73,416.940747
-1318,31,417.002654
-6423,87,417.179972
-21,21,418.462734
-23,23,418.507804
-4433,77,418.654639
-40,40,418.733419
-1122,33,418.796776
-1063,73,420.168602
-22,22,420.212226
-516,21,420.253008
-338,41,420.336326
-1221,33,420.401242
-1526,41,420.48221
-2843,71,420.622895
-1080,90,421.972433
-5244,96,422.158787
-729,36,422.22816
-830,38,422.303097
-635,41,423.603514
-213,15,423.632203
-3834,72,423.788739
-3584,119,424.020847
-14,14,424.049151
-1833,51,425.364299
-7039,109,425.578665
-2749,76,425.729139
-218,20,425.768717
-8754,141,427.173019
-923,32,427.232722
-2823,51,427.333922
-1970,89,428.608489
-527,32,428.670597
-3330,63,428.791041
-819,27,428.841475
-833,41,428.918734
-4435,79,430.284942
-930,39,430.360063
-7750,127,430.611105
-843,51,430.711998
-855,63,432.040954
-460,64,432.168484
-623,29,432.226654
-1066,76,432.378219
-3561,96,433.762273
-1028,38,433.836352
-402,105,434.047845
-447,51,434.150269
-532,37,435.405294
-2047,67,435.535891
-2726,53,435.63928
-727,34,435.705657
-1327,40,435.789052
-439,43,437.077919
-1732,49,437.173045
-558,63,437.297949
-2041,61,437.424724
-1339,52,437.525606
-41,41,438.794393
-316,19,438.83772
-18,18,438.872821
-825,33,438.936286
-247,49,439.034445
-134,35,439.108498
-1419,33,439.178024
-218,20,439.216887
-117,18,439.250597
-1144,55,440.519578
-119,20,440.558726
-2849,77,440.717504
-521,26,440.769631
-1745,62,440.891203
-378,81,442.251523
-425,29,442.30788
-547,52,442.421537
-1649,65,442.549515
-647,53,443.743044
-529,34,443.810806
-343,46,443.90106
-539,44,443.9889
-6485,149,445.445009
-3240,72,445.592948
-1334,47,445.689119
-416,20,445.729483
-539,44,445.819616
-228,30,445.888905
-327,30,447.133731
-746,53,447.234297
-119,20,447.273592
-1626,42,447.360995
-130,31,447.431513
-2349,72,447.571094
-132,33,448.720012
-1553,68,448.850815
-222,24,448.896864
-7751,227,450.534742
-1047,57,450.648716
-580,85,450.809015
-225,27,450.861186
-1167,78,452.209801
-226,28,452.265327
-320,23,452.310717
-859,67,452.443987
-514,19,452.481181
-113,14,452.508682
-1835,53,453.802255
-438,42,453.883732
-456,60,454.00205
-215,17,454.035485
-2289,111,454.265385
-1132,43,455.529399
-968,77,455.680861
-544,49,455.779701
-231,33,455.844592
-461,65,455.980494
-1948,67,457.286103
-154,55,457.394119
-919,28,457.458673
-236,38,457.533442
-1737,54,457.641937
-327,30,458.910051
-325,28,458.964543
-1026,36,459.035824
-217,19,459.072896
-848,56,459.18213
-133,34,459.247972
-2465,89,460.608146
-1523,38,460.682493
-590,95,460.866191
-122,23,460.91163
-116,17,460.945096
-723,30,461.002268
-255,57,462.315071
-466,70,462.453389
-722,29,462.510651
-116,17,462.544271
-221,23,462.589783
-140,41,462.670303
-419,23,462.715742
-1139,50,464.005486
-541,46,464.094434
-233,35,464.161896
-324,27,464.212345
-573,78,464.358675
-1065,75,465.713402
-1217,29,465.770056
-1128,39,465.84499
-750,57,465.955398
-1020,30,466.013778
-424,28,466.06851
-1326,39,466.143698
-1023,33,467.365992
-925,34,467.439441
-134,35,467.508448
-727,34,467.574458
-119,20,467.613692
-827,35,467.681732
-3152,83,469.017526
-540,45,469.105648
-1829,47,469.20087
-723,30,469.25948
-3739,76,469.415781
-1015,25,469.462158
-644,50,470.747354
-167,68,470.877554
-444,48,470.970383
-272,74,471.127895
-895,103,472.501675
-765,72,472.642528
-428,32,472.704917
-950,59,472.822546
-39,39,474.101059
-427,31,474.162482
-129,30,474.222935
-1446,60,474.341782
-20,20,474.382057
-1035,45,474.475962
-324,27,474.528108
-2431,55,475.824935
-25,25,475.871251
-232,34,475.934194
-144,45,476.01887
-830,38,476.090031
-1137,48,476.181284
-421,25,476.228288
-428,32,477.500977
-7442,116,477.731255
-2671,97,477.925353
-3248,80,479.178285
-151,52,479.280266
-22,22,479.323201
-734,41,479.403789
-456,60,479.520833
-424,28,479.576441
-625,31,480.853936
-236,38,480.928332
-414,18,480.963336
-737,44,481.049902
-1214,26,481.101364
-1136,47,481.193518
-1317,30,481.253465
-2767,94,482.663253
-16,16,482.694789
-1177,88,482.869606
-1561,76,483.018951
-430,34,484.283006
-22,22,484.327227
-115,16,484.359301
-428,32,484.422663
-152,53,484.531274
-330,33,484.597174
-333,36,484.666673
-18,18,484.702565
-227,29,485.9346
-926,35,486.005143
-527,32,486.06935
-829,37,486.142506
-630,36,486.214514
-1858,76,486.367011
-327,30,486.432321
-33,33,487.686856
-144,45,487.773254
-245,47,487.866128
-567,72,488.007358
-613,19,488.045004
-215,17,488.078135
-20,20,488.11761
-57,57,489.417579
-120,21,489.459308
-942,51,489.560786
-410,113,489.7861
-4678,124,491.199227
-20,20,491.237717
-521,26,491.288313
-233,35,491.357744
-527,32,491.419797
-122,23,491.466528
-857,65,492.782591
-1645,61,492.901561
-727,34,492.967012
-237,39,493.042458
-123,24,493.088422
-1342,55,494.385048
-122,23,494.432527
-224,26,494.483127
-320,23,494.527458
-629,35,494.596088
-332,35,494.664861
-331,34,494.732972
-251,53,494.83778
-329,32,496.077676
-631,37,496.149305
-536,41,496.230078
-2848,76,496.380119
-534,39,496.456818
-2554,79,497.805082
-235,37,497.876792
-425,29,497.934042
-667,73,498.080979
-121,22,498.125177
-26,26,498.181958
-425,29,498.238677
-214,16,498.270346
-113,14,499.386919
-745,52,499.494941
-842,50,499.592576
-135,36,499.66202
-747,54,499.767758
-2778,105,501.163883
-328,31,501.223348
-1833,51,501.32503
-219,21,501.367415
-1827,45,501.457274
-1425,39,501.536202
-1117,28,502.774138
-237,39,502.84893
-14,14,502.875214
-732,39,502.956214
-16,16,502.988067
-526,31,503.053679
-1253,65,503.181233
-237,39,503.257672
-2250,72,504.582414
-546,51,504.68208
-2687,113,504.899197
-432,36,506.161081
-1448,62,506.27893
-1235,47,506.371513
-445,49,506.465398
-225,27,506.526631
-128,29,506.581742
-1268,80,507.950095
-427,31,508.010407
-1920,39,508.087837
-3360,93,508.266799
-1039,49,509.575939
-1039,49,509.686532
-26,26,509.739211
-1643,59,509.856847
-841,49,509.954476
-237,39,510.031464
-728,35,511.293936
-1063,73,511.442456
-130,31,511.503202
-124,25,511.554306
-315,18,511.590127
-1331,44,511.675691
-448,52,511.774376
-918,27,512.985599
-14,14,513.013469
-1959,78,513.167236
-825,33,513.230059
-343,46,513.32379
-2451,75,514.696946
-14,14,514.723976
-2030,50,514.820417
-230,32,514.882684
-116,17,514.915762
-124,25,514.964132
-226,28,515.01851
-2073,93,516.439958
-522,27,516.497149
-522,27,516.550375
-833,41,516.631397
-436,40,516.709923
-919,28,516.764277
-30,30,516.826284
-252,54,518.120479
-1146,57,518.238251
-1025,35,518.307838
-7881,159,519.848716
-1628,44,519.938379
-29,29,519.996869
-325,28,520.052788
-117,18,520.092505
-520,25,520.142182
-528,33,520.209353
-213,15,520.239101
-20,20,520.279057
-936,45,521.562791
-1166,77,521.722144
-18,18,521.758082
-1219,31,521.820484
-514,19,521.862562
-336,39,521.940113
-338,41,522.021163
-34,34,523.310436
-1227,39,523.389433
-32,32,523.457929
-1448,62,523.579752
-1033,43,523.664412
-624,30,523.724108
-119,20,523.763972
-121,22,523.807787
-2850,78,525.182848
-1359,72,525.317073
-1713,129,526.761633
-787,94,526.93951
-550,55,527.045622
-244,46,527.136365
-635,41,528.410977
-652,58,528.529467
-645,51,528.630208
-341,44,528.721558
-751,58,528.832708
-340,43,530.09907
-227,29,530.159836
-632,38,530.233954
-1383,96,530.424872
-1368,81,530.582897
-530,35,531.881707
-1050,60,531.998926
-846,54,532.106363
-429,33,532.17215
-516,21,532.213686
-22,22,532.257875
-629,35,532.327689
-24,24,533.580138
-1120,31,533.640212
-138,39,533.716726
-1833,51,533.817578
-49,49,533.912622
-19,19,533.950603
-2659,85,535.325389
-27,27,535.379073
-124,25,535.434991
-123,24,535.482444
-439,43,535.567623
-19,19,535.606126
-324,27,535.665508
-737,44,535.758614
-743,50,537.05209
-114,15,537.081205
-752,59,537.193673
-840,48,537.286849
-313,16,537.317278
-421,25,537.365162
-623,29,537.421761
-23,23,537.466262
-11156,167,539.005214
-3431,65,539.134305
-1335,147,540.640087
-292,94,540.829519
-1237,49,542.123332
-15,15,542.160242
-163,64,542.282285
-1928,47,542.371498
-524,29,542.42698
-115,16,542.457284
-114,15,542.485595
-17,17,542.517508
-124,25,542.565316
-438,42,543.876535
-316,19,543.919211
-157,58,544.028298
-1521,36,544.097752
-56,56,544.20776
-20,20,544.247667
-28,28,544.302637
-834,42,545.591953
-118,19,545.628637
-722,29,545.685207
-1619,35,545.755154
-4426,70,545.893885
-516,21,545.934198
-5838,96,547.306892
-424,28,547.359379
-1424,38,547.434059
-531,36,547.50481
-226,28,547.569582
-318,21,547.611023
-415,19,547.650275
-523,28,547.709155
-1937,56,549.002045
-614,20,549.041705
-232,34,549.109094
-722,29,549.164864
-219,21,549.210106
-635,41,549.288425
-1241,53,549.403616
-13,13,549.428506
-1416,30,550.672277
-3935,74,550.81748
-4261,103,551.02108
-534,39,551.098888
-1221,33,552.374806
-16,16,552.406359
-716,23,552.452305
-15,15,552.482183
-2621,47,552.574776
-3345,78,552.72924
-2118,39,552.805715
-313,16,552.839142
-1240,52,554.149618
-220,22,554.193124
-418,22,554.236367
-321,24,554.283539
-24,24,554.330669
-735,42,554.413085
-1571,86,555.7723
-1756,73,555.918513
-1317,30,555.981709
-836,44,556.068851
-1218,30,556.127959
-322,25,556.177039
-1726,43,556.26563
-1832,50,557.563246
-357,60,557.691591
-1235,47,557.793253
-3892,130,559.238745
-115,16,559.269569
-217,19,559.30741
-433,37,559.380036
-16,16,559.411528
-716,23,559.457302
-3038,68,559.591741
-48,48,559.687043
-1766,83,561.039343
-844,52,561.142704
-20,20,561.179932
-119,20,561.217816
-17,17,561.249586
-729,36,561.31826
-641,47,562.538596
-20,20,562.575921
-1723,40,562.650564
-1016,26,562.709487
-432,36,562.780909
-31,31,562.841488
-2539,64,562.967347
-872,80,564.302479
-725,32,564.365428
-122,23,564.410972
-1232,44,564.497015
-14,14,564.524609
-316,19,564.562439
-1041,51,564.66386
-17,17,565.86984
-1319,32,565.933705
-421,25,565.983078
-215,17,566.017797
-336,39,566.100615
-232,34,566.168176
-13,13,566.193517
-214,16,566.224184
-215,17,566.257319
-324,27,566.313679
-431,35,567.584131
-17,17,567.620323
-220,22,567.669482
-32,32,567.730306
-1521,36,567.800148
-329,32,567.862282
-33,33,567.926143
-613,19,567.962986
-1228,40,568.041142
-632,38,569.317085
-113,14,569.345477
-663,69,569.483287
-214,16,569.514651
-248,50,569.613401
-22,22,569.657397
-227,29,569.713637
-314,17,569.750597
-623,29,570.917422
-225,27,570.971135
-220,22,571.013593
-949,58,571.130209
-829,37,571.200541
-224,26,571.249877
-1341,54,571.355431
-1540,55,572.552448
-19,19,572.596552
-13,13,572.621349
-790,97,572.80966
-331,34,572.877862
-728,35,572.946364
-1125,36,574.209238
-122,23,574.256131
-1228,40,574.336502
-1865,83,574.500639
-1225,37,574.575158
-723,30,574.636306
-237,39,575.908276
-15,15,575.938618
-34,34,576.005642
-221,23,576.052149
-621,27,576.105145
-539,44,576.192039
-416,20,576.232081
-227,29,576.289905
-238,40,576.375328
-3046,76,577.727525
-420,24,577.776058
-421,25,577.824749
-113,14,577.856742
-2630,56,577.965048
-223,25,578.014183
-815,23,578.059986
-13,13,578.086178
-113,14,578.113466
-533,38,579.375285
-13,13,579.400534
-32,32,579.462923
-931,40,579.540692
-14,14,579.568627
-215,17,579.601888
-429,33,579.666987
-818,26,579.716941
-532,37,579.79652
-2852,80,581.111928
-219,21,581.153308
-22,22,581.197328
-3624,60,581.317349
-2055,75,581.468477
-518,23,582.715345
-729,36,582.791376
-623,29,582.849163
-125,26,582.900003
-2657,83,583.066218
-1226,38,583.142405
-216,18,583.177725
-118,19,584.43838
-768,174,584.791751
-228,30,584.853254
-1219,31,584.911763
-1124,35,586.219557
-814,22,586.2691
-21,21,586.310466
-26,26,586.361092
-420,24,586.409049
-549,54,586.520428
-830,38,586.595483
-835,43,586.680044
-934,43,587.870274
-1040,50,587.967965
-1448,62,588.091116
-135,36,588.166995
-19,19,588.205658
-751,58,589.496926
-824,32,589.561842
-213,15,589.591818
-738,45,589.678094
-418,22,589.721611
-462,66,589.852036
-1116,27,589.904801
-121,22,589.955634
-1520,35,591.161472
-926,35,591.235611
-228,30,591.303506
-214,16,591.334556
-1022,32,591.397606
-945,54,591.503226
-123,24,591.551093
-424,28,591.61182
-124,25,591.664722
-14,14,592.887975
-1255,67,593.014118
-20,20,593.051781
-13,13,593.077803
-154,55,593.184172
-353,56,593.294791
-116,17,593.328586
-325,28,594.578087
-517,22,594.623406
-128,29,594.680626
-224,26,594.732485
-528,33,594.796611
-218,20,594.842016
-120,21,594.883325
-139,40,594.961082
-34,34,595.034898
-216,18,595.071188
-623,29,596.385326
-316,19,596.423385
-837,45,596.513132
-128,29,596.571441
-1028,38,596.646642
-115,16,596.678844
-526,31,596.740468
-527,32,596.804054
-114,15,596.834308
-416,20,598.117733
-222,24,598.165553
-316,19,598.203651
-529,34,598.271018
-323,26,598.323188
-232,34,598.391581
-18,18,598.427822
-625,31,598.494288
-852,60,599.79877
-933,42,599.881665
-223,25,599.961635
-738,45,600.049503
-13,13,600.074303
-527,32,600.137823
-938,47,600.227991
-532,37,600.300946
-26,26,601.565119
-921,30,601.623867
-146,47,601.716623
-632,38,601.792013
-734,41,601.873858
-423,27,601.927787
-123,24,601.975427
-1013,23,602.020451
-628,34,603.28804
-722,29,603.353185
-23,23,603.398521
-114,15,603.429122
-15,15,603.458649
-539,44,603.54437
-213,15,603.57421
-213,15,603.604061
-2259,81,604.871972
-322,25,604.921614
-1040,50,605.023633
-34,34,605.087982
-234,36,605.164803
-135,36,605.233699
-220,22,605.276819
-157,58,606.580159
-142,43,606.665773
-17,17,606.700188
-214,16,606.732129
-414,18,606.768117
-213,15,606.79783
-728,35,606.866896
-326,29,606.925235
-113,14,606.952951
-28,28,607.008074
-2755,82,608.401609
-323,26,608.454129
-529,34,608.52183
-215,17,608.555876
-720,27,608.610504
-639,144,610.139128
-13,13,610.165072
-260,62,610.284003
-16,16,610.315981
-1022,32,610.378679
-118,19,610.416636
-234,36,610.487494
-125,26,610.538626
-1529,44,611.821378
-3872,110,612.035715
-1319,32,612.098779
-116,17,612.132893
-2335,58,612.24626
-827,35,613.512168
-614,20,613.550432
-420,24,613.597716
-15,15,613.626681
-1231,43,613.718985
-1728,45,613.806808
-524,29,613.862628
-2675,101,615.265115
-17,17,615.298542
-416,20,615.337613
-119,20,615.377048
-822,30,615.436564
-1217,29,615.493207
-1450,64,615.618365
-825,33,616.904519
-26,26,616.955656
-2936,65,617.087674
-413,17,617.12182
-944,53,617.228689
-318,21,617.270159
-1824,42,617.352148
-1928,47,618.664503
-317,20,618.70464
-124,25,618.752695
-261,63,618.873353
-521,26,618.924956
-418,22,618.966404
-315,18,619.00122
-120,21,619.04233
-124,25,619.097465
-1231,43,620.372816
-250,250,622.053979
-338,239,623.707743
-51800,11309,699.752895
-7327,397,701.771112
-7858,433,704.994981
-3110,140,706.468362
-1305,117,706.70882
-578,83,706.873785
-1516,130,708.324564
-150,150,708.625397
-575,278,710.35985
-1623,237,712.082794
-782,287,715.011739
-2754,279,716.742222
-2159,179,717.109742
-148,49,717.211111
-358,259,720.089963
-2463,186,720.472603
-383,86,721.838179
-736,241,723.549158
-321,24,723.607314
-135,36,723.684566
-681,87,723.862235
-1077,87,724.045507
-1257,168,725.613734
-505,109,727.053404
-726,33,727.12182
-1942,61,727.240677
-24,24,727.288212
-2663,89,727.462981
-1434,48,727.557417
-937,343,730.690221
-2464,88,730.865874
-6253,115,732.299561
-515,20,732.339602
-426,30,732.401374
-540,45,732.498163
-14,14,732.53021
-920,29,732.589769
-718,25,732.644905
-134,35,732.715326
-1173,282,735.66981
-15344,197,736.071155
-3539,272,737.856238
-638,44,739.182899
-13450,184,739.550797
-3625,61,739.669698
-267,267,742.613399
-3220,52,742.717244
-15977,236,744.423457
-1726,43,744.516377
-414,18,744.558917
-29,29,744.620667
-26,26,744.671677
-1824,42,744.752784
-722,29,744.810271
-822,30,744.868943
-1153,262,747.731964
-1023,33,747.812812
-1627,43,747.89771
-18,18,747.933789
-217,19,747.972345
-1723,40,748.050428
-825,33,748.116084
-1018,28,748.171239
-2480,302,751.191126
-629,35,751.261682
-943,52,751.366282
-60,60,751.488423
-217,19,751.526829
-125,26,751.580118
-59,59,752.867037
-25254,306,754.712713
-526,31,754.773543
-53,53,754.877373
-427,31,754.93857
-918,27,754.991251
-1127,38,755.068027
-20312,314,758.044174
-833,41,758.125578
-220,22,758.168037
-1745,656,761.8295
-2419,43,763.099056
-720,27,763.152918
-1346,59,763.270895
-1821,39,763.349401
-1923,42,763.433779
-4328,71,764.760219
-7821,99,764.960044
-13251,183,766.572493
-2735,62,766.699884
-8920,109,766.93165
-7749,324,770.042586
-4079,119,770.283481
-6520,382,773.35309
-313,16,773.388031
-10537,142,773.663606
-1788,105,775.076767
-4625,71,775.217683
-40,40,775.302972
-2446,70,775.435628
-621,27,775.495084
-10043,143,776.991864
-5162,113,777.209897
-258,60,778.542396
-3451,85,778.71011
-4152,291,780.523673
-2472,96,780.719662
-2617,43,781.97874
-4022,62,782.104567
-2281,103,782.306943
-1021,31,782.366497
-8396,377,785.501589
-424,28,785.557142
-11682,198,787.120791
-4197,138,787.393771
-1152,63,788.710747
-1723,40,788.798156
-817,25,788.84904
-16212,273,790.583033
-940,148,790.880819
-21447,360,793.957333
-3684,120,794.198564
-651,57,795.49984
-2140,61,795.626195
-12088,208,797.212776
-658,64,797.34596
-550,55,797.456027
-1645,61,797.578577
-1358,71,798.920373
-8439,123,799.168364
-10281,183,800.772901
-923,32,800.842447
-107,107,801.072205
-1323,135,802.545164
-10559,164,802.857701
-953,62,804.068633
-1117,28,804.122237
-1834,52,804.224377
-350,53,804.326655
-736,43,804.411496
-217,19,804.449609
-213,15,805.562163
-4433,77,805.725882
-1037,47,805.818284
-770,77,805.97097
-723,30,806.030031
-817,322,809.087061
-18856,244,810.781326
-12959,188,811.159901
-316,19,811.197378
-1803,120,812.530671
-1658,74,812.675858
-2275,97,814.062478
-649,55,814.17123
-226,28,814.226646
-128,29,814.285172
-73,73,814.428724
-244,46,814.520972
-4581,126,815.938896
-121,22,815.988374
-517,22,816.031977
-364,67,816.175006
-620,26,817.309573
-1625,41,817.402624
-4349,92,817.584018
-13182,213,819.230693
-686,92,819.41332
-922,31,819.481093
-4854,102,820.858377
-11062,172,821.199384
-5078,128,822.656075
-225,27,822.709419
-1650,66,822.846437
-593,98,824.170316
-6655,121,824.410466
-7627,202,826.008667
-830,38,826.083528
-2721,147,827.559479
-1131,42,827.640669
-845,53,827.750424
-1542,57,827.863019
-616,22,827.907455
-5783,140,829.40179
-3035,65,829.527979
-1178,89,829.70638
-446,50,830.947582
-4242,84,831.121371
-3338,71,831.260684
-3729,66,832.56533
-1601,116,832.795467
-1764,81,832.959453
-2637,63,834.290342
-1021,31,834.352414
-431,35,834.423623
-826,133,834.693221
-436,40,834.770282
-2420,44,836.055817
-354,57,836.165242
-1817,35,836.233218
-4952,101,836.434525
-128,29,837.681235
-1016,26,837.737844
-2950,178,838.109633
-214,115,839.52708
-6835,103,839.729657
-1920,39,839.804785
-2939,68,841.027642
-217,19,841.063996
-559,64,841.186609
-1241,53,841.288519
-1965,84,841.446147
-22693,319,844.334589
-921,30,844.394104
-2858,86,844.557031
-2052,72,844.694593
-640,46,845.976783
-7227,99,846.164627
-15147,198,847.723081
-1919,137,847.991912
-3048,78,849.295449
-3491,125,849.538806
-8538,123,850.963943
-2440,262,852.677394
-236,137,852.947183
-318,21,852.989031
-10871,179,854.53101
-2034,54,854.637898
-263,65,854.766032
-833,41,856.02546
-523,28,856.081588
-1350,63,856.204997
-1344,57,856.317287
-85,85,856.484122
-9539,134,857.929494
-13016,245,859.563035
-16,16,859.593935
-1289,101,859.787342
-319,22,859.82962
-21784,301,862.792818
-2775,102,862.988624
-11261,173,864.522675
-337,40,864.605776
-5328,81,864.767081
-1825,43,864.850788
-2230,52,866.132698
-1570,85,866.299045
-162,162,867.802656
-3731,68,867.935576
-9452,146,868.234
-2533,58,869.467598
-124,25,869.518032
-613,118,869.75562
-500,104,871.15666
-2272,94,871.350165
-13729,166,872.893158
-18,18,872.92864
-3053,83,873.089171
-450,54,873.194431
-1764,81,873.354469
-1623,39,874.633343
-316,19,874.670985
-1419,33,874.734179
-736,43,874.816443
-515,20,874.865752
-2633,59,874.981843
-2595,120,876.405181
-3028,58,876.520224
-340,43,876.608087
-3749,86,877.967238
-817,25,878.016059
-918,27,878.068337
-1227,39,878.144258
-425,29,878.200932
-350,53,878.306617
-2365,88,879.609379
-721,28,879.664746
-18518,401,881.60941
-603,108,882.917434
-4129,70,883.058413
-14571,414,886.244272
-849,57,886.36149
-2534,59,886.483846
-623,29,886.540245
-542,47,886.632284
-1924,43,886.71754
-433,37,887.993105
-723,30,888.055562
-7666,142,888.339521
-18,18,888.375425
-4808,155,889.779012
-48,48,889.874346
-295,97,891.152174
-6350,113,891.385014
-7357,130,891.639398
-1502,116,893.043473
-47,47,893.130672
-901,109,894.502244
-2526,51,894.60437
-16371,234,896.287757
-454,58,896.402841
-584,89,896.577585
-2272,94,897.974188
-1032,42,898.062021
-4637,83,898.231061
-2324,47,898.324972
-4637,83,899.690346
-1144,352,901.53731
-8840,128,901.792261
-1106,116,903.219596
-3137,68,903.353193
-1945,64,903.478842
-527,32,904.699948
-354,57,904.813334
-2721,48,904.908906
-742,49,905.016137
-2123,44,905.102715
-4448,92,906.44618
-361,64,906.574781
-2922,51,906.676203
-2640,66,906.805847
-533,38,908.076138
-7568,143,908.362565
-9851,149,909.814838
-2966,95,909.99526
-2940,69,910.129509
-524,29,910.186894
-814,22,911.315546
-618,24,911.366147
-1020,30,911.424985
-824,32,911.488653
-6835,103,911.691749
-1427,41,911.772971
-315,18,911.809062
-2346,267,914.6091
-1923,42,914.691204
-1121,32,914.750446
-14562,207,916.340505
-328,229,918.002181
-7735,112,918.23604
-919,28,918.291958
-2134,55,918.401356
-5472,324,921.432235
-6040,100,921.632969
-714,21,921.674994
-8549,134,923.123114
-4926,75,923.268003
-338,41,923.349799
-1271,83,923.510033
-925,34,923.579314
-3517,52,924.855676
-2223,45,924.941603
-1319,32,925.002479
-1116,27,925.055825
-2131,52,925.161593
-2040,60,925.281702
-1124,134,926.728506
-222,24,926.776631
-1032,42,926.861271
-916,124,928.285085
-1126,37,928.358215
-3839,77,928.514835
-10199,200,930.096624
-1548,63,930.221259
-469,73,931.55066
-519,24,931.600531
-819,27,931.654164
-630,36,931.726826
-15,15,931.756213
-1117,28,931.813022
-6754,121,932.048406
-1104,114,933.460753
-2621,47,933.551702
-1683,99,934.924911
-414,18,934.962781
-2222,44,935.049051
-1923,42,935.131918
-7764,141,935.418808
-2437,160,936.923415
-1792,109,938.336085
-1925,44,938.422897
-1327,40,938.504916
-1228,40,938.583989
-120,21,938.630632
-2529,54,938.737925
-16,16,938.770469
-622,28,938.827991
-762,267,941.696843
-4942,91,941.880694
-2826,54,941.98769
-7495,367,945.111916
-7263,135,945.401217
-4939,88,945.57272
-9000,288,948.500101
-2736,63,948.63061
-1523,38,948.706159
-6638,104,948.914588
-716,23,948.961129
-4546,289,951.900259
-6330,93,952.081446
-20335,436,955.361047
-4220,62,955.484967
-1016,26,955.540334
-1023,33,955.605375
-3730,67,955.738308
-1818,36,955.80934
-3149,278,958.74977
-1022,32,958.813024
-2027,47,958.904195
-3735,72,959.058486
-914,23,959.108039
-614,20,959.15266
-4575,318,962.194546
-20561,266,963.907894
-4626,72,964.047076
-120,21,964.088421
-3117,48,964.182668
-1421,35,964.249992
-2023,43,964.33376
-1375,286,967.274281
-2716,43,967.362568
-2623,49,967.459371
-117,18,967.494825
-829,37,967.572098
-1520,35,967.639966
-315,18,967.676274
-3867,303,970.574817
-1426,40,970.654594
-18888,474,973.957822
-114,15,973.987722
-1015,25,974.036144
-5621,77,974.184255
-8328,111,974.40409
-5343,294,977.372471
-1919,38,977.449312
-714,21,977.492335
-1118,29,977.557111
-2021,41,977.643374
-516,21,977.685631
-7029,297,979.515201
-2621,47,980.801526
-3835,73,980.962908
-16424,386,982.967424
-255,57,984.305885
-11326,139,984.570995
-928,37,984.64221
-5326,79,985.996272
-1718,35,986.066324
-119,20,986.105655
-132,33,986.169727
-116,17,986.202845
-115,16,986.234892
-4049,89,986.409806
-1402,313,989.426771
-22560,285,991.139211
-4515,60,991.251509
-616,22,991.293727
-2422,46,991.37955
-1319,32,991.439151
-5146,295,993.189183
-18537,222,994.814253
-1515,30,994.879246
-2060,278,997.825461
-317,20,997.867541
-314,17,997.90092
-819,27,997.953959
-18,18,997.989853
-1119,30,998.052149
-314,17,998.084048
-118,19,998.12966
-317,20,998.167043
-7073,341,1001.11065
-6635,101,1001.304843
-4521,66,1001.434229
-7612,187,1002.972407
-113,14,1003.001508
-2148,69,1003.13623
-120,21,1003.178506
-322,25,1003.227546
-230,32,1004.477576
-3717,54,1004.594369
-19991,290,1006.348861
-4675,121,1006.580075
-2621,47,1007.882743
-718,25,1007.965137
-517,22,1008.015168
-17189,260,1009.81478
-194,95,1010.005217
-213,114,1011.41323
-19939,238,1011.879572
-1539,54,1013.230616
-513,18,1013.266623
-1421,35,1013.336976
-423,27,1013.390749
-425,29,1013.448433
-226,28,1013.504618
-418,22,1013.548403
-237,39,1013.625497
-572,275,1016.520818
-52,52,1016.619902
-5030,80,1016.767438
-7615,91,1016.936199
-2709,135,1018.371371
-744,150,1019.866503
-26154,315,1021.686175
-8628,114,1021.915612
-8139,120,1023.34001
-135,36,1023.412865
-41,41,1023.493037
-321,24,1023.540414
-219,21,1023.581642
-25,25,1023.630099
-952,61,1023.755636
-6285,147,1025.216697
-10534,139,1026.686711
-214,16,1026.722568
-1456,70,1026.860131
-233,35,1026.928488
-318,21,1026.970013
-22,22,1027.014397
-113,14,1027.042298
-76,76,1028.39107
-846,54,1028.502676
-11455,169,1028.836612
-1411,124,1030.283024
-161,161,1031.793886
-14778,225,1032.22735
-1357,70,1033.560696
-256,58,1033.6848
-335,38,1033.758452
-457,61,1033.879207
-49,49,1035.157962
-5766,123,1035.39221
-8695,181,1036.946442
-213,15,1036.976465
-16,16,1037.007614
-1520,35,1037.076974
-217,19,1037.114536
-135,36,1037.189139
-242,44,1037.273846
-824,32,1037.335207
-253,253,1038.995316
-1231,43,1040.268636
-418,22,1040.316215
-934,43,1040.401024
-233,35,1040.465972
-120,21,1040.506629
-1521,36,1040.582361
-936,45,1040.668941
-2617,142,1042.083804
-936,144,1043.494023
-3849,87,1043.663777
-1415,29,1043.720075
-3621,57,1043.830783
-4622,68,1043.963634
-1214,26,1045.142682
-737,44,1045.226025
-25,25,1045.273422
-19,19,1045.30919
-627,33,1045.372018
-145,46,1045.459852
-60,60,1045.5823
-14,14,1046.79671
-21032,242,1047.255478
-1227,39,1048.527892
-27,27,1048.577233
-571,76,1048.718701
-26,26,1048.7663
-80,80,1048.915153
-42,42,1050.174004
-1927,46,1050.264032
-4923,72,1050.404364
-9773,269,1052.12253
-69,69,1052.255889
-217,19,1052.292111
-319,22,1053.514104
-17,17,1053.548018
-6231,93,1053.72688
-13518,153,1055.266825
-1518,132,1055.53086
-261,63,1055.65656
-152,53,1056.937155
-5621,77,1057.084472
-14,14,1057.110853
-9823,121,1057.338789
-4261,103,1058.655382
-266,68,1058.781549
-235,37,1058.852235
-231,33,1058.917389
-54,54,1060.198014
-20632,238,1060.673506
-1684,100,1062.086754
-515,20,1062.12701
-222,24,1062.174069
-114,15,1062.204095
-417,21,1062.24596
-119,20,1062.285291
-1114,25,1062.334682
-40,40,1062.416001
-279,279,1065.353077
-1223,35,1065.421703
-2815,43,1065.506553
-15627,183,1067.086278
-324,27,1067.13873
-367,70,1067.275901
-631,37,1067.347808
-531,36,1067.417354
-13,13,1067.443395
-535,40,1067.521962
-239,140,1068.998534
-16926,195,1070.477135
-7416,90,1070.65961
-2140,61,1070.778133
-4507,250,1072.467257
-146,47,1073.775783
-24131,272,1075.507493
-219,21,1075.548656
-126,27,1075.600618
-221,23,1075.646082
-317,20,1075.686126
-16,16,1075.717905
-113,14,1075.745087
-843,51,1075.848931
-831,39,1075.925908
-20,20,1075.965923
-505,307,1078.904675
-50125,526,1082.264035
-736,43,1082.346919
-24,24,1082.393734
-17639,14669,1181.194299
-3157,88,1182.589996
-47678,653,1186.353228
-12614,239,1188.025529
-47828,506,1191.489902
-53636,572,1195.027856
-13416,150,1196.452928
-8439,123,1196.70506
-5421,75,1198.028094
-4313,56,1198.151186
-13121,152,1199.54843
-6123,84,1199.719867
-524,29,1199.778537
-19416,309,1201.609139
-1340,53,1201.720397
-5825,83,1203.049349
-1615,31,1203.109143
-714,21,1203.148943
-1616,32,1203.212162
-2525,50,1203.310081
-11326,337,1206.440083
-37658,434,1208.522139
-1022,32,1208.586629
-337,40,1209.86052
-2214,36,1209.940943
-1714,31,1210.00072
-16814,182,1210.363897
-2925,153,1211.9136
-4366,109,1213.308583
-3814,52,1213.413506
-2014,34,1213.48055
-1417,31,1213.542002
-7225,97,1213.731215
-16626,192,1215.278241
-319,22,1215.321773
-2915,44,1215.407408
-816,24,1215.455211
-7873,151,1216.914195
-1210,121,1218.35219
-215,17,1218.387446
-2714,41,1218.466543
-4713,60,1218.584203
-1013,23,1218.62988
-2716,43,1218.716551
-16716,183,1220.270355
-2515,40,1220.34613
-2414,38,1220.418857
-13,13,1220.444939
-1313,26,1220.495663
-1213,25,1220.543707
-835,43,1221.801044
-1108,217,1223.322972
-12531,156,1223.629322
-9814,112,1224.941483
-414,18,1224.978505
-6813,81,1225.139247
-2813,41,1225.219237
-2414,38,1225.293196
-2015,35,1225.361771
-1013,23,1225.40687
-913,22,1226.637236
-1819,37,1226.707064
-417,21,1226.74645
-1123,34,1226.813303
-1614,30,1226.873413
-414,18,1226.912763
-513,18,1226.948448
-1013,23,1226.993556
-1616,32,1227.05373
-913,22,1227.096888
-740,146,1228.562991
-1304,116,1229.986019
-2715,42,1230.072206
-4122,63,1230.198908
-12433,157,1231.677283
-117,18,1231.713585
-113,14,1231.741186
-413,17,1231.775304
-1114,25,1231.825294
-216,18,1231.861622
-713,20,1231.901174
-614,20,1231.940992
-613,19,1231.979044
-117,18,1232.014937
-515,20,1232.05532
-13,13,1232.080934
-619,25,1232.130651
-613,19,1232.168602
-362,263,1235.014611
-2313,36,1235.084903
-1313,26,1235.135506
-1116,27,1235.193921
-4123,64,1235.320378
-1114,25,1235.369161
-813,21,1235.410859
-4931,80,1236.738278
-125,26,1236.789852
-625,31,1236.850641
-216,18,1236.886655
-359,62,1237.008809
-339,42,1237.090349
-3224,56,1238.307783
-214,16,1238.340298
-1314,27,1238.393589
-2315,38,1238.467812
-326,29,1238.525167
-3017,47,1238.617413
-2313,36,1238.688143
-720,27,1238.742359
-621,27,1238.795407
-1164,174,1240.260849
-181,82,1240.423255
-116,17,1241.649312
-416,20,1241.688039
-628,34,1241.75747
-320,23,1241.802008
-114,15,1241.830678
-415,19,1241.867658
-113,14,1241.895565
-3322,55,1242.002563
-124,25,1242.051239
-528,33,1242.115161
-447,51,1243.409516
-31,31,1243.470769
-171,72,1243.610779
-631,37,1243.68429
-835,43,1243.767983
-1025,35,1245.025532
-517,22,1245.069091
-515,20,1245.108448
-3719,56,1245.219758
-714,21,1245.261428
-3021,51,1245.360855
-2016,36,1245.432294
-3131,62,1246.733351
-120,21,1246.773693
-218,218,1248.402743
-21,21,1248.446029
-213,15,1248.474943
-1319,32,1248.536231
-731,38,1248.608327
-1024,34,1248.674416
-1622,38,1248.745615
-1551,66,1248.872674
-861,267,1251.746112
-1927,46,1251.842375
-1633,49,1251.943557
-4951,100,1252.146448
-2795,320,1255.203783
-3181,112,1255.43308
-16,16,1255.46437
-1644,60,1255.581046
-234,36,1255.649257
-1372,283,1258.639126
-3152,83,1258.818425
-528,33,1258.883816
-2039,59,1258.997259
-4693,337,1262.071914
-1417,31,1262.150013
-921,30,1262.210471
-522,27,1262.268299
-4571,116,1262.502848
-2606,329,1265.579026
-1732,49,1265.67511
-3858,96,1265.864533
-229,31,1265.925963
-624,30,1265.984771
-1438,250,1267.661124
-233,35,1268.939656
-619,25,1268.992224
-1631,47,1269.084882
-17,17,1269.118554
-7572,147,1269.421628
-975,282,1272.377014
-1732,49,1272.473884
-1715,32,1272.538261
-725,32,1272.602747
-3127,58,1272.71823
-1219,31,1272.788313
-4763,308,1275.868331
-917,26,1275.922062
-14147,485,1279.28426
-2133,54,1279.388648
-5349,102,1279.584541
-515,20,1279.630265
-3234,66,1279.756202
-1358,269,1282.637485
-1228,40,1282.719259
-7677,153,1283.024594
-3585,318,1286.023083
-5671,127,1286.277907
-4568,113,1286.499687
-1170,279,1289.414685
-1627,43,1289.505173
-1223,35,1289.573849
-1423,37,1289.646523
-17,17,1289.679941
-3933,72,1289.824783
-1224,36,1289.894957
-1157,266,1292.746141
-15,15,1292.777551
-120,21,1292.818472
-317,20,1292.856902
-2129,50,1292.955163
-715,22,1292.997988
-2218,40,1293.077287
-215,17,1293.110344
-954,63,1293.241273
-267,168,1294.787613
-142,43,1294.870577
-447,51,1296.149177
-421,25,1296.203026
-517,22,1296.247084
-3946,85,1296.420653
-617,23,1296.467332
-5148,99,1296.665207
-260,260,1299.570803
-614,20,1299.611299
-4551,96,1299.795162
-15,15,1299.82507
-5844,102,1300.02378
-1861,277,1302.862518
-217,19,1302.906578
-10587,192,1303.289765
-2035,55,1304.534336
-128,29,1304.593868
-126,27,1304.648244
-23,23,1304.694542
-623,29,1304.75683
-15,15,1304.786575
-22,22,1304.829356
-116,17,1304.863033
-130,31,1304.924475
-228,30,1304.984981
-117,18,1305.019866
-271,271,1307.876965
-6020,80,1308.036499
-4433,77,1308.18997
-7288,358,1311.37709
-6043,103,1311.58293
-2723,50,1311.682349
-4027,67,1311.818814
-541,46,1313.084665
-383,185,1313.447699
-48,48,1314.730792
-1825,43,1314.818014
-10270,172,1315.165597
-3238,70,1316.513211
-940,49,1316.611808
-44,44,1316.702077
-626,32,1316.767565
-156,57,1316.883643
-348,51,1318.149802
-123,24,1318.204424
-1125,36,1318.275985
-1126,37,1318.359069
-421,25,1318.413259
-418,22,1318.456822
-228,30,1318.515505
-1421,35,1318.584278
-319,22,1318.627006
-376,277,1321.568076
-422,26,1321.622285
-920,29,1321.677045
-2421,45,1321.764051
-1521,36,1321.838534
-1517,32,1321.902117
-25,25,1321.952284
-526,31,1322.013422
-215,17,1322.046738
-470,272,1324.954755
-125,26,1325.007324
-318,21,1325.049825
-921,30,1325.114878
-1020,30,1325.173102
-529,34,1325.245016
-2719,46,1325.33589
-1423,37,1325.414617
-313,16,1325.451172
-1463,275,1328.263646
-29,29,1328.32112
-1222,34,1328.398727
-16,16,1328.430657
-1721,38,1328.505347
-1628,44,1328.590658
-520,25,1328.63849
-922,31,1328.706954
-415,19,1328.744603
-774,279,1331.646134
-4628,74,1331.802767
-5927,86,1331.978612
-817,25,1332.029334
-415,19,1332.066731
-630,36,1332.139032
-663,267,1335.034408
-923,32,1335.102595
-216,18,1335.138433
-723,30,1335.199219
-717,24,1335.246467
-617,23,1335.296597
-716,23,1335.33968
-1516,31,1335.397785
-1317,30,1335.455063
-1315,28,1335.513974
-1460,272,1338.431496
-2442,66,1338.566707
-1417,31,1338.629054
-120,21,1338.670429
-121,22,1338.715161
-835,43,1338.79862
-19,19,1338.836206
-30,30,1338.895056
-643,148,1340.382734
-430,133,1341.727668
-126,27,1341.781777
-621,27,1341.834111
-419,23,1341.878581
-1617,33,1341.943172
-2426,50,1342.039629
-4227,69,1342.173743
-2481,204,1343.716828
-289,91,1345.078648
-1021,31,1345.144493
-1329,42,1345.223004
-326,29,1345.280723
-324,27,1345.335487
-1727,44,1345.417603
-17,17,1345.452077
-13,13,1345.478009
-613,19,1345.521858
-1264,274,1348.431932
-1517,32,1348.497228
-865,73,1348.641318
-2318,41,1348.723297
-1314,27,1348.777601
-3227,59,1348.896071
-614,20,1348.93486
-332,35,1350.162349
-530,233,1351.805318
-8250,132,1352.061833
-2718,45,1352.152839
-28,28,1352.20947
-2214,36,1352.281457
-530,35,1353.591539
-102,102,1353.783019
-127,127,1355.217221
-116,17,1355.252204
-532,37,1355.32766
-215,17,1355.364658
-1916,35,1355.433889
-413,17,1355.467047
-16,16,1355.498631
-21,21,1355.540959
-419,23,1355.586285
-716,23,1355.632119
-5453,305,1358.578873
-330,33,1358.649093
-914,23,1358.694002
-818,26,1358.745903
-613,19,1358.784471
-124,25,1358.835209
-317,20,1358.874448
-418,22,1358.919123
-122,23,1358.964546
-1116,27,1359.018228
-215,17,1359.051677
-16,16,1359.082963
-1858,175,1360.601859
-227,29,1360.657829
-460,64,1361.947997
-418,22,1361.992155
-16,16,1362.024526
-218,20,1362.064608
-517,22,1362.108797
-315,18,1362.14491
-1214,26,1362.196812
-724,31,1362.258643
-313,16,1362.291372
-20,20,1362.330935
-113,14,1362.359048
-419,23,1362.405322
-1270,280,1365.347619
-29,29,1365.407127
-413,17,1365.440271
-514,19,1365.477101
-914,23,1365.522013
-118,19,1365.559448
-1013,23,1365.604033
-1821,39,1365.680312
-714,21,1365.721512
-118,19,1365.75788
-214,16,1365.789633
-3365,296,1368.797908
-1420,34,1368.866028
-520,25,1368.915925
-118,19,1368.95384
-2621,47,1369.043997
-721,28,1369.103854
-118,19,1369.141116
-2415,39,1369.216374
-1531,46,1370.505118
-476,179,1370.861459
-481,85,1372.180585
-3622,58,1372.294389
-3915,54,1372.40058
-3532,67,1372.531731
-214,16,1372.562959
-2392,115,1374.003103
-377,80,1374.153687
-78,78,1374.311807
-230,32,1375.577016
-3215,47,1375.670532
-5118,69,1375.803088
-413,17,1375.836724
-11274,384,1378.987132
-4026,66,1379.114648
-4719,66,1379.246443
-4632,78,1379.404219
-114,15,1379.435575
-24,24,1380.679327
-194,95,1380.865479
-236,137,1381.133562
-515,20,1382.354146
-114,15,1382.38695
-1219,31,1382.446512
-616,22,1382.488497
-1016,26,1382.538105
-1214,26,1382.588061
-113,14,1382.614624
-2919,48,1382.707481
-224,26,1382.756963
-434,38,1382.832695
-1200,111,1384.229727
-28,28,1384.283259
-1950,69,1384.411123
-1429,43,1384.491674
-1214,26,1385.742826
-2316,39,1385.815391
-215,17,1385.848005
-5416,70,1385.981616
-5514,69,1386.112123
-4652,98,1387.502027
-522,27,1387.554373
-174,174,1387.887494
-214,16,1389.11091
-10621,127,1389.357829
-2818,46,1389.449678
-6334,97,1390.834585
-20,20,1390.87474
-150,51,1390.979169
-129,30,1391.042371
-425,29,1391.099958
-339,42,1391.18371
-316,19,1391.222312
-929,38,1391.297707
-22371,294,1394.264108
-14,14,1394.291309
-516,21,1394.331718
-116,17,1394.364838
-428,32,1394.42706
-318,21,1394.467627
-131,32,1394.529892
-121,22,1394.572865
-813,21,1394.613878
-1221,33,1394.683019
-229,31,1395.946416
-21338,251,1397.614495
-525,30,1397.672377
-322,25,1397.720007
-315,18,1397.754948
-616,22,1397.798373
-716,23,1397.842566
-41,41,1397.921625
-725,32,1397.982891
-13,13,1398.009563
-13,13,1398.04312
-14,14,1398.074034
-13,13,1399.198207
-12448,172,1399.511771
-6330,93,1400.877105
-1523,38,1400.95296
-128,29,1401.010354
-19,19,1401.048303
-714,21,1401.088928
-31,31,1401.147795
-819,27,1401.198682
-117,18,1401.233526
-1025,35,1401.300118
-316,19,1401.337246
-25533,288,1404.222161
-113,14,1404.249638
-516,21,1404.290833
-146,47,1404.379899
-634,40,1404.456969
-626,32,1404.517603
-434,38,1404.589233
-417,21,1404.630839
-218,20,1405.844817
-21573,288,1407.611432
-15,15,1407.641091
-344,47,1407.732216
-1019,29,1407.788054
-27,27,1407.840993
-416,20,1407.879529
-115,16,1407.911249
-414,18,1407.945308
-213,15,1407.974722
-113,14,1408.001853
-216,18,1409.273165
-22802,329,1411.158479
-1132,43,1411.243857
-2040,60,1411.366921
-629,35,1411.437795
-24,24,1411.486667
-1419,33,1412.688061
-3025,55,1412.793447
-2426,50,1412.888956
-11865,183,1414.456037
-86,86,1414.622936
-217,19,1414.660907
-243,45,1414.754499
-870,78,1416.133645
-11041,151,1416.422129
-15,15,1416.455804
-520,25,1416.503023
-4320,63,1417.807194
-321,24,1417.853191
-223,25,1417.901022
-627,33,1417.964962
-42,42,1418.044663
-815,23,1418.087845
-1516,31,1418.147581
-930,39,1418.2237
-414,18,1418.263782
-13843,181,1419.849602
-18,18,1419.885682
-4628,74,1421.219619
-1433,47,1421.311867
-716,23,1421.356931
-115,16,1421.388431
-825,33,1421.453393
-24,24,1421.500701
-230,32,1421.563647
-116,17,1421.597335
-723,30,1421.655152
-124,25,1422.942702
-1517,32,1423.012502
-18752,239,1424.731264
-420,24,1424.778671
-218,20,1424.818257
-223,25,1424.868194
-117,18,1424.903343
-129,30,1424.964234
-718,25,1425.015244
-322,25,1425.065061
-420,24,1425.113884
-627,33,1425.180346
-10543,148,1426.672208
-11350,163,1428.171641
-1040,50,1428.271271
-563,68,1428.412487
-16,16,1428.446969
-330,33,1428.510277
-119,20,1428.54897
-1221,33,1429.844538
-1739,56,1429.960568
-940,49,1430.060706
-2833,61,1430.185492
-32,32,1430.247411
-319,22,1430.290363
-1121,32,1431.577482
-232,34,1431.649606
-220,22,1431.694172
-430,34,1431.7668
-631,37,1431.841374
-1315,28,1431.898077
-2364,87,1432.069606
-333,36,1433.366981
-1022,32,1433.428421
-346,49,1433.52545
-424,28,1433.58534
-114,15,1433.614872
-2152,73,1433.755216
-1383,96,1435.118141
-1030,40,1435.197809
-17,17,1435.231465
-1179,90,1435.410998
-316,19,1435.447784
-220,22,1435.490278
-621,27,1436.736678
-1762,79,1436.88693
-3267,99,1437.083759
-14,14,1437.111481
-1832,50,1438.423259
-1633,49,1438.520477
-116,17,1438.555005
-1330,43,1438.640712
-14,14,1438.669338
-319,22,1438.714175
-630,36,1438.787209
-731,38,1438.863826
-515,20,1438.909978
-28,28,1440.178076
-529,34,1440.244092
-735,42,1440.326793
-30,30,1440.385292
-134,35,1440.457774
-316,19,1440.496894
-120,21,1440.537436
-539,44,1440.625851
-1943,62,1441.962759
-651,57,1442.07571
-930,39,1442.157089
-627,33,1442.221315
-418,22,1442.264437
-323,26,1442.316259
-222,24,1442.367533
-439,43,1443.672061
-2142,63,1443.799194
-626,32,1443.863069
-834,42,1443.946112
-315,18,1443.982722
-37,37,1444.056735
-513,18,1444.093008
-19,19,1445.333791
-1626,42,1445.418146
-338,41,1445.499058
-225,27,1445.55296
-227,29,1445.610774
-1313,26,1445.662687
-1846,64,1445.792257
-1220,32,1447.075693
-13,13,1447.104657
-144,45,1447.193757
-1133,44,1447.281782
-332,35,1447.350198
-813,21,1447.391741
-427,31,1447.452008
-17,17,1447.485464
-223,25,1447.540013
-115,16,1448.771771
-1739,56,1448.886304
-617,23,1448.93835
-620,26,1448.989182
-124,25,1449.037725
-115,16,1449.068691
-23,23,1449.114212
-432,36,1449.186832
-629,35,1449.264855
-237,39,1450.538785
-318,21,1450.581098
-216,18,1450.62308
-2144,65,1450.755754
-315,18,1450.791794
-314,17,1450.82573
-1733,50,1450.924443
-431,35,1450.994253
-2360,83,1452.388397
-825,33,1452.451463
-114,15,1452.485313
-15,15,1452.51876
-234,36,1452.590916
-923,32,1452.660095
-31,31,1452.724976
-213,15,1452.757749
-2230,52,1454.034678
-127,28,1454.09034
-1257,69,1454.228878
-1941,60,1454.348912
-314,17,1454.38253
-1734,51,1455.675297
-527,32,1455.738287
-629,35,1455.806922
-1958,77,1455.958297
-834,42,1456.047286
-217,19,1456.082959
-120,21,1456.123432
-525,30,1457.388542
-115,16,1457.419252
-1126,37,1457.491484
-442,46,1457.579386
-114,15,1457.615168
-317,20,1457.65934
-17,17,1457.692155
-225,27,1457.745924
-2173,94,1459.133113
-929,38,1459.215041
-14,14,1459.242679
-533,38,1459.317931
-327,30,1459.378382
-55,55,1459.488146
-28,28,1459.54452
-213,15,1459.574612
-331,34,1460.83392
-1616,32,1460.898975
-924,33,1460.966065
-116,17,1460.999993
-317,20,1461.039871
-2419,43,1461.125259
-1529,44,1461.214254
-232,34,1461.281385
-216,18,1462.538717
-115,16,1462.571261
-327,30,1462.633093
-15,15,1462.662668
-515,20,1462.702397
-23,23,1462.7479
-331,34,1462.811945
-22,22,1462.861318
-650,56,1462.974606
-320,23,1464.232982
-3533,68,1464.372354
-113,14,1464.400265
-1217,29,1464.457633
-5324,77,1464.610509
-632,38,1464.686302
-315,18,1464.721999
-2413,37,1466.051755
-1713,30,1466.110558
-114,15,1466.140875
-619,25,1466.189953
-636,42,1466.272029
-822,30,1466.330652
-416,20,1466.370536
-416,20,1466.415822
-28,28,1466.470916
-420,24,1467.701708
-20255,257,1469.447856
-20,20,1469.493643
-218,20,1469.534507
-15,15,1469.564991
-125,26,1469.617103
-123,24,1469.666355
-214,16,1469.698166
-21,21,1469.745148
-25,25,1469.794779
-19,19,1469.83277
-426,30,1469.89208
-16,16,1469.924383
-15,15,1469.953952
-24845,293,1472.929307
-232,34,1473.001562
-32,32,1473.065285
-19,19,1473.103238
-125,26,1473.155394
-119,20,1473.193712
-18,18,1473.227335
-114,15,1473.261538
-14,14,1473.288874
-16,16,1473.320841
-13,13,1473.34717
-215,17,1474.562902
-23446,280,1476.298934
-26,26,1476.352608
-730,37,1476.424947
-527,32,1476.488507
-114,15,1476.518661
-338,41,1476.599054
-129,30,1476.662562
-321,24,1476.711524
-121,22,1476.75486
-24738,285,1479.632375
-617,23,1479.677614
-1322,35,1479.746803
-121,22,1479.790005
-842,50,1479.887394
-319,22,1479.93149
-1670,86,1481.292521
-2221,43,1481.385819
-5022,72,1481.525087
-8617,103,1481.72635
-1316,29,1481.784812
-34,34,1483.047691
-624,30,1483.115637
-2623,49,1483.214593
-426,30,1483.272948
-1523,38,1483.353416
-122,23,1483.400413
-21,21,1483.443376
-21,21,1483.485039
-1827,45,1484.738563
-12582,207,1485.15222
-1040,50,1486.417573
-723,30,1486.477994
-16,16,1486.510442
-634,40,1486.59064
-119,20,1486.631065
-640,46,1486.719505
-2646,72,1488.037688
-429,33,1488.111636
-727,34,1488.178498
-639,45,1488.266203
-1431,45,1488.3554
-829,37,1488.427414
-1429,43,1488.521111
-21,21,1489.769803
-19,19,1489.809899
-118,19,1489.84907
-320,23,1489.894905
-128,29,1489.953589
-819,27,1490.007549
-625,31,1490.072482
-17,17,1490.106371
-921,30,1490.165659
-628,34,1490.231093
-34,34,1491.435916
-426,30,1491.494048
-1153,64,1491.618224
-2453,77,1491.774493
-1250,62,1491.899399
-319,22,1493.088813
-322,25,1493.139301
-314,17,1493.172475
-414,18,1493.208525
-123,24,1493.256683
-120,21,1493.303909
-134,35,1493.377763
-217,19,1493.414775
-423,27,1493.469146
-113,14,1493.497174
-22,22,1493.541508
-419,23,1493.588835
-527,32,1494.865799
-134,35,1494.934636
-219,21,1494.976459
-116,17,1495.00948
-517,22,1495.052931
-1547,62,1495.178837
-141,42,1495.261191
-1124,35,1496.528728
-328,31,1496.590759
-537,42,1496.675008
-22,22,1496.718116
-517,22,1496.761706
-213,15,1496.791574
-17,17,1496.824838
-938,47,1496.918966
-114,15,1496.952762
-928,37,1498.188536
-318,21,1498.237963
-830,38,1498.319454
-116,17,1498.353753
-1453,67,1498.498923
-1945,64,1498.629202
-325,28,1498.685328
-216,18,1498.722006
-227,29,1499.994255
-641,47,1500.089154
-115,16,1500.121612
-13,13,1500.14804
-333,36,1500.220503
-316,19,1500.2592
-422,26,1500.311446
-13,13,1500.337039
-127,28,1500.392524
-114,15,1500.422634
-1139,50,1501.620463
-17,17,1501.653681
-624,30,1501.712874
-338,41,1501.79319
-318,21,1501.834755
-230,32,1501.900143
-47,47,1501.989959
-623,29,1502.052421
-114,15,1503.272375
-1677,93,1503.45986
-738,45,1503.551471
-452,56,1503.665682
-21,21,1503.709084
-1245,57,1505.031599
-15,15,1505.061588
-14,14,1505.089467
-1717,34,1505.160938
-18,18,1505.196981
-917,26,1505.253683
-236,38,1505.327436
-1735,52,1505.432652
-930,39,1506.66272
-114,15,1506.695707
-221,23,1506.745326
-1238,50,1506.84433
-528,33,1506.910525
-413,17,1506.950684
-824,32,1507.017348
-31,31,1507.078715
-521,26,1507.13284
-124,25,1508.365644
-615,21,1508.41125
-218,20,1508.451616
-2216,38,1508.534569
-1315,28,1508.598118
-518,23,1508.644303
-2332,55,1508.753839
-836,44,1508.841477
-741,48,1510.153086
-214,16,1510.184938
-119,20,1510.224144
-220,22,1510.272839
-621,27,1510.325629
-735,42,1510.409492
-1326,39,1510.486506
-232,34,1510.553069
-431,35,1511.845299
-2042,62,1511.978571
-1316,29,1512.036421
-1922,41,1512.121388
-1647,63,1512.249765
-414,18,1512.286332
-915,24,1512.335253
-419,23,1513.611207
-538,43,1513.694494
-1428,42,1513.783558
-318,21,1513.825101
-425,29,1513.88307
-13,13,1513.909377
-1819,37,1513.983488
-531,36,1514.0588
-646,52,1515.37283
-621,27,1515.426818
-417,21,1515.46806
-21,21,1515.508999
-423,27,1515.562236
-732,39,1515.640003
-652,58,1515.758677
-515,20,1515.803613
-21,21,1517.036796
-620,26,1517.093309
-15,15,1517.128803
-117,18,1517.164869
-753,60,1517.284515
-526,31,1517.351447
-3156,87,1517.521262
-730,37,1518.786464
-13,13,1518.81202
-119,20,1518.850734
-438,42,1518.933791
-725,32,1518.996457
-526,31,1519.057663
-1028,38,1519.13194
-2191,112,1520.558511
-317,20,1520.597971
-124,25,1520.647267
-638,44,1520.734365
-1315,28,1520.790136
-316,19,1520.827886
-522,27,1520.881379
-526,31,1520.94271
-1130,41,1522.235969
-517,22,1522.280843
-120,21,1522.32285
-117,18,1522.358464
-515,20,1522.398886
-426,30,1522.458805
-216,18,1522.496502
-432,36,1522.573183
-18,18,1522.614012
-122,23,1522.660422
-13,13,1522.685663
-17,17,1523.914277
-13,13,1523.940854
-846,54,1524.049204
-216,18,1524.085844
-216,18,1524.122316
-834,42,1524.205131
-413,17,1524.238563
-13,13,1524.267037
-313,16,1524.299564
-324,27,1524.353007
-319,22,1524.396611
-828,36,1525.660406
-321,24,1525.708769
-46,46,1525.800109
-2597,122,1526.051254
-3347,80,1527.392562
-318,21,1527.439425
-1325,38,1527.54608
-1633,49,1527.642241
-420,24,1527.689918
-214,16,1527.721655
-428,32,1527.78519
-16,16,1527.816712
-429,33,1529.089509
-15,15,1529.118785
-317,20,1529.161127
-119,20,1529.199761
-116,17,1529.232154
-734,41,1529.314615
-423,27,1529.367275
-515,20,1529.405017
-426,30,1529.461335
-222,24,1529.508326
-233,35,1530.757805
-1018,28,1530.811805
-513,18,1530.846856
-715,22,1530.889296
-6158,119,1531.116736
-215,17,1531.15155
-3329,62,1532.470579
-2033,53,1532.577479
-13,13,1532.604219
-921,30,1532.664547
-427,31,1532.726949
-13,13,1532.753216
-318,21,1532.795132
-21,21,1532.837738
-426,30,1532.898679
-615,21,1532.939307
-113,14,1534.128098
-21,21,1534.168166
-1122,33,1534.230776
-1618,34,1534.294435
-16,16,1534.324783
-435,39,1534.405725
-129,30,1534.46351
-229,31,1534.525821
-2360,83,1535.805516
-221,23,1535.851018
-121,22,1535.897347
-32,32,1535.957152
-36,36,1536.029451
-352,55,1536.136711
-21,21,1536.178484
-127,28,1537.415213
-420,24,1537.462439
-65,65,1537.589826
-734,41,1537.677424
-272,74,1537.826283
-1041,51,1539.147272
-35,35,1539.218674
-17,17,1539.25143
-119,20,1539.296922
-326,29,1539.358331
-123,24,1539.405234
-216,18,1539.441188
-852,60,1539.557816
-116,17,1539.591531
-416,20,1539.630115
-18,18,1540.867677
-213,15,1540.89871
-740,47,1540.995457
-317,20,1541.033942
-577,82,1541.188841
-1745,62,1541.310456
-327,30,1542.551894
-2860,88,1542.72771
-1627,43,1542.810072
-1021,31,1542.868075
-930,39,1542.942591
-435,39,1543.016256
-1142,53,1544.320289
-1124,35,1544.391864
-522,27,1544.446773
-243,45,1544.538404
-14,14,1544.567157
-1119,30,1544.637131
-213,15,1544.66751
-1337,50,1545.946814
-1852,70,1546.093036
-418,22,1546.138184
-153,54,1546.245989
-516,21,1546.289178
-319,22,1546.3329
-231,33,1546.399248
-525,30,1546.465019
-629,35,1547.702931
-19,19,1547.740979
-514,19,1547.778617
-1828,46,1547.869883
-920,29,1547.925757
-1115,26,1547.976752
-1115,26,1548.025791
-123,24,1548.072797
-2933,62,1549.376234
-16,16,1549.406683
-243,45,1549.492351
-1454,68,1549.622408
-13,13,1549.648229
-126,27,1549.700549
-939,48,1549.793957
-313,16,1551.017086
-131,32,1551.080504
-744,51,1551.1788
-1440,54,1551.285007
-26,26,1551.335793
-217,19,1551.372559
-14,14,1551.403499
-14,14,1551.431246
-315,18,1551.466286
-113,14,1551.494202
-1836,54,1552.730967
-114,15,1552.765212
-120,21,1552.80719
-16,16,1552.840173
-124,25,1552.88984
-815,23,1552.936789
-121,22,1552.981273
-216,18,1553.022107
-1841,59,1553.138905
-725,32,1554.395438
-13,13,1554.420813
-533,38,1554.496328
-14,14,1554.524332
-1023,33,1554.589369
-422,26,1554.641171
-620,26,1554.693109
-1028,38,1554.767913
-121,22,1554.812425
-325,28,1556.05667
-15,15,1556.089876
-326,29,1556.147065
-119,20,1556.187885
-33,33,1556.253359
-119,20,1556.29379
-114,15,1556.323657
-213,15,1556.353171
-19,19,1556.391467
-13,13,1556.417588
-729,36,1556.494287
-123,24,1556.540766
-16,16,1557.659337
-217,19,1557.699085
-315,18,1557.736927
-615,21,1557.779223
-31,31,1557.841013
-1566,81,1558.003723
-832,40,1558.085287
-331,34,1558.154227
-13,13,1559.381177
-736,43,1559.472374
-113,14,1559.500452
-14,14,1559.528351
-1550,65,1559.6569
-1928,47,1559.758867
-17,17,1559.793558
-113,14,1559.822777
-724,31,1559.885057
-417,21,1561.114795
-3157,88,1561.291049
-325,28,1561.357454
-118,19,1561.395583
-2149,70,1561.536056
-230,32,1561.60052
-17,17,1562.811903
-535,40,1562.891951
-17,17,1562.926459
-735,42,1563.010584
-214,16,1563.043151
-565,70,1563.182885
-2138,59,1563.300964
-522,27,1564.5531
-1113,24,1564.599989
-1024,34,1564.666947
-930,39,1564.742982
-617,23,1564.788565
-126,27,1564.845264
-416,20,1564.886928
-1635,51,1564.990759
-523,28,1566.228464
-116,17,1566.262643
-218,20,1566.301731
-221,23,1566.346515
-217,19,1566.383632
-13,13,1566.409791
-23,23,1566.45532
-1465,79,1566.612148
-1377,90,1567.967911
-1238,50,1568.066102
-3063,93,1568.248802
-1236,48,1568.344484
-331,34,1569.611752
-118,19,1569.649245
-22,22,1569.696915
-222,24,1569.743339
-422,26,1569.794585
-15,15,1569.825323
-31,31,1569.886777
-163,64,1570.020052
-231,33,1570.083554
-523,28,1571.331349
-3014,44,1571.416841
-824,32,1571.479995
-1834,52,1571.587381
-1513,28,1571.642294
-3744,81,1571.800244
-220,22,1573.015436
-730,37,1573.087281
-225,27,1573.138489
-221,23,1573.182102
-441,45,1573.272204
-361,64,1573.40474
-215,17,1573.43886
-218,20,1573.479049
-2016,36,1574.743503
-816,24,1574.788459
-9581,176,1575.125572
-2021,41,1576.40552
-244,46,1576.498664
-23,23,1576.542761
-16,16,1576.573701
-18,18,1576.608622
-252,54,1576.714694
-38,38,1576.788395
-157,58,1578.103694
-115,16,1578.136537
-115,16,1578.166353
-241,43,1578.253375
-30,30,1578.310739
-725,32,1578.371632
-15,15,1578.400293
-513,18,1578.435145
-13,13,1578.460315
-34,34,1578.535343
-37,37,1579.822193
-1235,47,1579.919353
-18,18,1579.954853
-622,28,1580.01635
-329,32,1580.079919
-525,30,1580.138972
-643,49,1580.239937
-222,24,1580.286968
-20,20,1581.514238
-6150,111,1581.734177
-4414,58,1581.849063
-1520,35,1581.92052
-1716,33,1581.980817
-943,52,1583.283723
-20,20,1583.323667
-117,18,1583.358493
-113,14,1583.386321
-131,32,1583.447676
-28,28,1583.501094
-14,14,1583.528712
-22,22,1583.571614
-16,16,1583.606346
-24,24,1583.654685
-13,13,1583.680529
-116,17,1584.913816
-2220,42,1584.998138
-4921,70,1585.138524
-6351,114,1585.37551
-2227,49,1586.657601
-17,17,1586.690863
-515,20,1586.730634
-1230,42,1586.813373
-760,67,1586.945105
-228,30,1587.00922
-340,43,1587.093049
-24280,322,1590.075806
-14,14,1590.103715
-114,15,1590.133222
-116,17,1590.16597
-24,24,1590.212139
-333,36,1590.280605
-114,15,1590.308978
-18,18,1590.34341
-127,28,1590.397193
-226,28,1590.451431
-151,52,1591.743098
-21271,382,1593.709342
-678,84,1593.871821
-414,18,1595.078252
-418,22,1595.126722
-7015,85,1595.290735
-2715,42,1595.373297
-3232,64,1595.496609
-2014,34,1596.722726
-315,18,1596.75766
-233,35,1596.82658
-616,22,1596.869807
-28,28,1596.924013
-18,18,1596.959194
-317,20,1596.997755
-318,21,1597.038813
-116,17,1597.07198
-116,17,1597.104805
-527,32,1597.167416
-1220,32,1598.422923
-313,16,1598.454371
-2418,42,1598.544077
-8850,138,1598.79971
-1618,34,1598.865564
-3917,56,1600.155541
-129,30,1600.212566
-113,14,1600.243807
-417,21,1600.285133
-524,29,1600.344192
-21,21,1600.386776
-837,45,1600.480679
-18,18,1600.515705
-313,16,1600.548196
-21,21,1600.58852
-25248,300,1603.546605
-1137,48,1603.641298
-122,23,1603.686459
-419,23,1603.730973
-23,23,1603.77613
-14,14,1603.803388
-131,32,1603.866034
-226,28,1603.923669
-23,23,1603.96832
-4113,54,1605.26652
-19845,243,1606.930285
-215,17,1606.965978
-315,18,1607.0016
-23,23,1607.047553
-1248,60,1607.165951
-50,50,1607.264448
-330,33,1607.329567
-213,15,1607.359165
-3430,64,1608.675486
-1118,29,1608.731026
-1214,26,1608.779903
-313,16,1608.810817
-1414,28,1608.865254
-12050,170,1610.388943
-614,20,1610.427061
-917,26,1610.476461
-14,14,1610.503318
-115,16,1610.533326
-2437,61,1610.657792
-825,33,1610.723237
-19,19,1611.974219
-23437,271,1613.699364
-69,69,1613.837105
-743,50,1613.937386
-631,37,1614.012453
-448,52,1614.116337
-618,24,1615.365702
-717,24,1615.416434
-318,21,1615.462709
-3530,65,1615.59058
-2524,49,1615.688633
-2524,49,1615.784944
-1715,32,1615.849419
-726,33,1617.094652
-318,21,1617.136787
-117,18,1617.175183
-415,19,1617.211117
-1020,30,1617.267408
-21,21,1617.308651
-113,14,1617.340441
-614,20,1617.380537
-317,20,1617.419353
-422,26,1617.476429
-118,19,1617.514226
-631,37,1618.824869
-826,34,1618.892739
-2026,46,1618.982343
-525,30,1619.043074
-7820,98,1619.244
-3342,75,1620.596035
-1018,28,1620.649047
-715,22,1620.691187
-217,19,1620.728323
-1518,33,1620.793364
-229,31,1620.853986
-118,19,1620.891722
-218,20,1620.930501
-838,46,1621.020701
-11023,133,1622.430707
-5125,76,1622.585185
-3628,64,1623.907397
-1615,31,1623.968906
-114,15,1624.004375
-436,40,1624.083291
-13,13,1624.109108
-1033,43,1624.194373
-13,13,1624.220678
-126,27,1624.273197
-13,13,1624.300865
-215,17,1624.337685
-433,37,1625.600363
-337,40,1625.693079
-3620,56,1625.8055
-3627,63,1625.928198
-5525,80,1626.087289
-1020,30,1627.376373
-221,23,1627.423465
-13,13,1627.450189
-118,19,1627.48854
-122,23,1627.53545
-531,36,1627.608259
-515,20,1627.648462
-416,20,1627.689521
-819,27,1627.748751
-127,28,1627.804841
-1313,26,1627.857055
-819,27,1629.169508
-3414,48,1629.262358
-525,30,1629.320831
-6738,105,1629.53103
-4625,71,1630.880938
-214,16,1630.913242
-41,41,1630.994014
-238,40,1631.0723
-1022,32,1631.134582
-215,17,1631.168125
-229,31,1631.229082
-18,18,1631.265789
-14,14,1631.294752
-222,24,1631.342647
-11049,159,1632.865077
-6531,96,1633.050876
-896,104,1634.435744
-315,18,1634.470713
-26,26,1634.52036
-153,54,1634.623446
-1041,51,1634.72182
-220,22,1635.968315
-216,18,1636.003181
-19,19,1636.04076
-121,22,1636.083014
-125,26,1636.134312
-633,39,1636.210271
-1048,58,1636.323354
-217,19,1636.360225
-415,19,1636.397747
-29,29,1637.632353
-14,14,1637.661025
-1328,41,1637.740489
-322,25,1637.789495
-915,24,1637.83481
-132,33,1637.896965
-715,22,1637.939324
-414,18,1637.973917
-29,29,1638.030542
-525,30,1638.088971
-2737,64,1639.419312
-1324,37,1639.49356
-454,58,1639.615699
-916,25,1639.664177
-17,17,1639.69747
-1431,45,1639.796694
-128,29,1641.033179
-516,21,1641.074392
-1033,43,1641.159047
-1636,52,1641.260525
-113,14,1641.28899
-2968,97,1641.47422
-919,28,1642.723356
-20,20,1642.761807
-120,21,1642.801007
-116,17,1642.833205
-1456,70,1642.963777
-617,23,1643.007894
-523,28,1643.068561
-413,17,1643.100709
-417,21,1643.140056
-652,58,1644.348553
-426,30,1644.407992
-22,22,1644.451996
-26,26,1644.503812
-742,49,1644.60082
-67,67,1644.734528
-226,28,1644.790288
-421,25,1646.045517
-414,18,1646.084313
-613,19,1646.125495
-1115,26,1646.176712
-1120,31,1646.238735
-334,37,1646.308853
-652,58,1646.42473
-827,35,1646.494163
-767,74,1647.849062
-558,63,1647.966574
-123,24,1648.01322
-522,27,1648.066818
-332,35,1648.134797
-544,49,1649.45625
-219,21,1649.501035
-216,18,1649.536488
-1220,32,1649.600515
-2326,49,1649.696893
-715,22,1649.740494
-913,22,1649.783042
-1415,29,1649.840353
-516,21,1649.881028
-219,21,1649.922291
-1924,43,1651.200697
-215,17,1651.233536
-188,89,1651.409473
-576,81,1651.565955
-44,44,1651.651227
-2026,46,1652.954889
-521,26,1653.005212
-317,20,1653.04446
-129,30,1653.105336
-317,20,1653.145403
-215,17,1653.179003
-819,27,1653.237794
-118,19,1653.275479
-813,21,1653.324172
-313,16,1653.361212
-529,34,1654.605937
-24,24,1654.654094
-20,20,1654.693392
-17,17,1654.727627
-313,16,1654.759382
-15,15,1654.787951
-19,19,1654.823931
-19,19,1654.85936
-15,15,1654.887474
-24,24,1654.932593
-333,36,1655.00077
-1123,34,1656.249224
-15,15,1656.279082
-115,16,1656.310337
-220,22,1656.354072
-217,19,1656.390848
-129,30,1656.450076
-15,15,1656.480061
-24,24,1656.527373
-13,13,1656.552706
-120,21,1656.601558
-313,16,1656.633862
-435,39,1656.711666
-29,29,1657.942724
-127,28,1657.998743
-819,27,1658.053512
-1056,66,1658.187096
-14,14,1658.215292
-116,17,1658.248921
-216,18,1658.283483
-1220,32,1658.345244
-13,13,1658.37043
-28,28,1658.427327
-513,18,1659.675916
-321,24,1659.723295
-124,25,1659.777961
-634,40,1659.859211
-729,36,1659.935619
-321,24,1659.982461
-813,21,1660.027317
-317,20,1660.073956
-15,15,1660.105078
-330,33,1660.168733
-220,22,1661.402894
-26,26,1661.459504
-326,29,1661.520366
-220,22,1661.563989
-2156,77,1661.715955
-1160,71,1661.857569
-1031,41,1663.069616
-128,29,1663.128275
-126,27,1663.183056
-16,16,1663.215514
-327,30,1663.28112
-529,34,1663.347309
-21,21,1663.388609
-19,19,1663.430957
