#{"t_start": 1630957104.5035667, "env_id": "Pendulum-v0"}
r,l,t
-2.552359,1,1.582064
-7.818785,1,1.584761
-2.441879,1,1.587441
-2.54262,1,1.590093
-8.92667,1,1.592071
-3.706862,1,1.59361
-7.342055,1,1.595178
-2.97357,1,1.59674
-4.219081,1,1.598346
-4.905511,1,1.59988
-6.975504,1,1.601433
-5.254238,1,1.60298
-2.502413,1,1.604541
-3.88863,1,1.606274
-1.104844,1,1.6085
-0.084469,1,1.610684
-0.110233,1,1.61277
-0.948,1,1.614897
-0.148053,1,1.616894
-7.522713,1,1.618451
-0.342465,1,1.62003
-0.374058,1,1.62161
-1.977749,1,1.623188
-9.109909,1,1.624755
-3.717894,1,1.626285
-3.761931,1,1.627826
-0.384924,1,1.629371
-8.399998,1,1.630913
-3.680044,1,1.632484
-8.523042,1,1.634044
-0.649921,1,1.635586
-0.66267,1,1.637166
-0.373806,1,1.638816
-2.052767,1,1.640518
-1.947817,1,1.642038
-7.202696,1,1.643553
-4.77586,1,1.645387
-9.566287,1,1.647522
-2.891408,1,1.649458
-1.31988,1,1.651447
-7.477748,1,1.653285
-0.026476,1,1.654681
-9.47341,1,1.656175
-2.216694,1,1.657708
-5.070282,1,1.659176
-6.497258,1,1.660699
-3.739196,1,1.662218
-0.340489,1,1.663721
-7.027397,1,1.665245
-1.415754,1,1.666758
-6.667373,1,1.668278
-6.233536,1,1.669808
-2.888496,1,1.671311
-5.582785,1,1.67284
-0.367792,1,1.67435
-5.10216,1,1.675877
-7.557982,1,1.67743
-2.220399,1,1.678936
-0.842155,1,1.680452
-0.096964,1,1.681975
-1.787871,1,1.683488
-0.733875,1,1.684993
-5.902821,1,1.68645
-8.067207,1,1.68795
-0.313027,1,1.689435
-5.253082,1,1.690954
-5.007873,1,1.692469
-0.176874,1,1.69401
-0.537821,1,1.695524
-9.346713,1,1.697281
-4.206556,1,1.699229
-7.638053,1,1.701203
-0.149199,1,1.703161
-7.09611,1,1.705025
-3.289351,1,1.706511
-0.124896,1,1.707996
-5.686789,1,1.709495
-0.915256,1,1.710999
-0.038086,1,1.712544
-1.376606,1,1.714076
-0.398377,1,1.71559
-0.103334,1,1.717124
-0.027532,1,1.718658
-4.852762,1,1.720187
-0.534895,1,1.721708
-8.826018,1,1.723211
-1.76418,1,1.724731
-2.711025,1,1.726268
-3.412969,1,1.727787
-2.817439,1,1.729313
-0.737019,1,1.730833
-6.731313,1,1.732349
-8.596921,1,1.735683
-1.181067,1,1.737101
-0.971874,1,1.738374
-4.854883,1,1.739637
-1.097723,1,1.741099
-0.234704,1,1.742867
-2.753118,1,1.744587
-0.139571,1,1.74635
-4.884129,1,1.74809
-1.938824,1,1.749422
-7.515806,1,1.750676
-3.013998,1,1.752006
-5.50066,1,1.753347
-2.91261,1,1.754687
-0.254936,1,1.756034
-8.664421,1,1.757368
-2.376589,1,1.758747
-0.851424,1,1.76005
-0.049635,1,1.761353
-2.339601,1,1.762639
-8.865721,1,1.764031
-0.154031,1,1.765369
-4.119032,1,1.76679
-0.519929,1,1.76826
-8.151321,1,1.769659
-3.285681,1,1.770869
-1.094781,1,1.772124
-4.889732,1,1.773448
-4.53704,1,1.774718
-3.510857,1,1.776027
-9.432431,1,1.777298
-0.082618,1,1.778574
-6.400695,1,1.779825
-8.827267,1,1.781127
-7.827944,1,1.782378
-1.287864,1,1.783621
-4.22415,1,1.784955
-3.098655,1,1.786247
-2.584562,1,1.78747
-2.786098,1,1.788726
-6.574933,1,1.790034
-1.297268,1,1.791312
-4.852083,1,1.79266
-2.42497,1,1.793978
-2.32755,1,1.795307
-0.707276,1,1.796822
-0.277095,1,1.79831
-1.669632,1,1.79966
-1.291634,1,1.80096
-5.055813,1,1.802256
-1.062249,1,1.803537
-0.049021,1,1.804851
-1.583333,1,1.806134
-0.303795,1,1.807427
-0.093259,1,1.808739
-0.686103,1,1.810084
-0.382049,1,1.811737
-3.32276,1,1.813336
-0.127191,1,1.81471
-6.576969,1,1.816067
-2.406289,1,1.81741
-0.938999,1,1.818656
-3.039925,1,1.819909
-3.643809,1,1.821269
-1.558705,1,1.822571
-1.008578,1,1.823922
-1.785003,1,1.825202
-2.303298,1,1.826486
-1.824236,1,1.828055
-4.220933,1,1.829283
-4.366124,1,1.830542
-1.019431,1,1.831798
-1.762547,1,1.833064
-9.690112,1,1.834307
-9.019971,1,1.835582
-0.958507,1,1.836864
-3.579708,1,1.838107
-7.497785,1,1.839349
-1.401724,1,1.840608
-0.84772,1,1.841868
-7.97369,1,1.843109
-3.915123,1,1.844381
-0.129402,1,1.845623
-0.618096,1,1.846936
-0.109624,1,1.848219
-1.682749,1,1.8495
-0.092273,1,1.850741
-5.872287,1,1.851987
-5.225611,1,1.8532
-0.060403,1,1.854439
-7.341324,1,1.855656
-8.979563,1,1.856939
-5.960245,1,1.858194
-0.423306,1,1.859452
-4.540638,1,1.860691
-0.725281,1,1.861936
-4.556842,1,1.863192
-0.428404,1,1.86449
-5.641198,1,1.865757
-0.531276,1,1.867024
-4.110017,1,1.868304
-6.54404,1,1.869578
-0.019427,1,1.870839
-1.125162,1,1.872121
-3.488904,1,1.873322
-9.145954,1,1.874563
-3.628218,1,1.87583
-2.188801,1,1.877111
-7.17443,1,1.878359
-9.778493,1,1.879613
-7.342842,1,1.880867
-1.991522,1,1.882105
-6.461068,1,1.883351
-1.644679,1,1.884606
-0.130877,1,1.885807
-3.882792,1,1.887082
-0.037622,1,1.888369
-6.60082,1,1.889649
-2.632628,1,1.890931
-7.723815,1,1.892255
-7.411525,1,1.893695
-4.425928,1,1.895175
-9.435831,1,1.896657
-3.759888,1,1.898024
-0.01735,1,1.899333
-1.083283,1,1.900666
-0.475889,1,1.901907
-2.390467,1,1.903242
-3.785013,1,1.904481
-9.372836,1,1.905753
-5.236329,1,1.907026
-1.014842,1,1.908307
-2.274821,1,1.909577
-2.306073,1,1.91085
-2.104467,1,1.912366
-0.644236,1,1.914186
-2.798756,1,1.915566
-7.671285,1,1.916846
-6.154545,1,1.918098
-0.177693,1,1.919361
-0.011547,1,1.920661
-1.324326,1,1.921929
-1.361562,1,1.923193
-0.157789,1,1.924516
-5.41615,1,1.925804
-0.808008,1,1.927091
-5.259782,1,1.928551
-1.281225,1,1.929801
-3.07146,1,1.931044
-0.445892,1,1.932338
-0.057754,1,1.933614
-0.413722,1,1.934881
-4.548423,1,1.936161
-5.756669,1,1.93747
-5.852898,1,1.938758
-0.993411,1,1.940072
-0.294156,1,1.94136
-0.068624,1,1.942634
-8.411471,1,1.943933
-9.588111,1,1.94515
-1.027075,1,1.946438
-2.200089,1,1.947727
-2.248307,1,1.949002
-0.087281,1,1.950284
-3.827008,1,1.95156
-2.650697,1,1.95283
-1.999512,1,1.954071
-0.725211,1,1.955338
-0.3082,1,1.956626
-0.195528,1,1.957929
-0.113197,1,1.95924
-7.616043,1,1.96053
-4.878855,1,1.961816
-4.428005,1,1.963084
-0.316469,1,1.964395
-8.268947,1,1.965697
-1.268309,1,1.966969
-4.114484,1,1.968249
-6.857535,1,1.969534
-2.044501,1,1.970857
-7.733895,1,1.97216
-0.653666,1,1.973447
-2.333073,1,1.974728
-2.545911,1,1.976036
-4.118317,1,1.977322
-2.609631,1,1.978535
-0.710676,1,1.979817
-4.122311,1,1.981106
-8.254456,1,1.98238
-0.384052,1,1.983647
-1.582613,1,1.984899
-0.558891,1,1.986157
-5.89079,1,1.987389
-7.140134,1,1.988664
-0.151447,1,1.98991
-1.0126,1,1.991154
-1.195458,1,1.992483
-2.316429,1,1.993788
-3.171113,1,1.995093
-1.453012,1,1.996473
-1.339873,1,1.997773
-1.670878,1,1.999074
-7.036366,1,2.000366
-8.323058,1,2.001638
-0.258693,1,2.002923
-5.76314,1,2.004252
-0.301662,1,2.005529
-7.742983,1,2.006809
-7.537492,1,2.008107
-6.332945,1,2.0094
-0.521736,1,2.010708
-0.795352,1,2.011969
-2.591365,1,2.013239
-3.910334,1,2.014521
-9.105904,1,2.015799
-0.101671,1,2.017047
-4.166514,1,2.018296
-0.026208,1,2.019546
-0.355948,1,2.020855
-1.552528,1,2.022117
-9.55833,1,2.023382
-2.901961,1,2.024657
-6.512649,1,2.025944
-0.542227,1,2.027225
-3.830866,1,2.028483
-3.209917,1,2.029774
-0.759936,1,2.031078
-1.099588,1,2.032396
-0.41578,1,2.033665
-1.68526,1,2.034933
-1.317605,1,2.036276
-0.027143,1,2.037573
-8.462457,1,2.038862
-0.627012,1,2.040163
-6.723585,1,2.041499
-6.818393,1,2.042871
-3.192117,1,2.044176
-1.514693,1,2.045486
-4.510202,1,2.046816
-3.529951,1,2.048137
-2.671518,1,2.049442
-0.71936,1,2.050713
-2.457759,1,2.052005
-0.137889,1,2.05328
-7.745436,1,2.054542
-3.102638,1,2.055831
-0.405889,1,2.057132
-1.97349,1,2.058411
-7.984,1,2.059714
-0.989049,1,2.061127
-1.015992,1,2.062432
-4.55087,1,2.063723
-0.39248,1,2.06503
-3.122701,1,2.066331
-0.279907,1,2.067727
-0.599468,1,2.068986
-0.781105,1,2.070229
-1.127254,1,2.071526
-6.389867,1,2.072772
-2.02476,1,2.074112
-3.293296,1,2.07535
-8.349901,1,2.076609
-2.738658,1,2.07791
-1.827624,1,2.079595
-0.255675,1,2.080895
-3.577182,1,2.082154
-7.243608,1,2.08341
-0.098698,1,2.084671
-1.359698,1,2.085952
-6.193396,1,2.087243
-0.055699,1,2.088488
-8.078522,1,2.09014
-0.143041,1,2.091427
-2.303229,1,2.0927
-2.481296,1,2.093951
-9.757019,1,2.095507
-9.836186,1,2.097155
-1.347073,1,2.098474
-0.132833,1,2.099895
-3.010867,1,2.101298
-0.093985,1,2.102639
-7.973723,1,2.104009
-5.123299,1,2.105262
-8.866324,1,2.106508
-0.177192,1,2.107825
-4.293837,1,2.109158
-9.416315,1,2.11047
-3.368202,1,2.111919
-0.250022,1,2.114213
-3.982596,1,2.116111
-0.048964,1,2.117766
-4.910481,1,2.119415
-0.276273,1,2.121147
-9.669656,1,2.122865
-3.626193,1,2.12425
-0.929365,1,2.125612
-2.642441,1,2.126974
-1.988818,1,2.128571
-6.988617,1,2.129957
-0.762982,1,2.131765
-2.92134,1,2.133092
-5.683658,1,2.134352
-7.506779,1,2.13562
-6.19224,1,2.136897
-0.545174,1,2.138181
-0.085341,1,2.139458
-0.019907,1,2.140714
-0.38525,1,2.141962
-0.553097,1,2.143203
-0.068279,1,2.144553
-8.192198,1,2.146023
-9.372646,1,2.147315
-4.422819,1,2.148636
-0.160945,1,2.149895
-0.219917,1,2.151152
-9.765374,1,2.152427
-0.429625,1,2.153688
-0.722361,1,2.154947
-0.732721,1,2.156205
-9.087023,1,2.157462
-0.345702,1,2.158718
-7.226397,1,2.159983
-9.021945,1,2.161246
-8.64946,1,2.162504
-1.588062,1,2.163761
-7.847152,1,2.165025
-6.739612,1,2.166286
-5.034008,1,2.16754
-0.414038,1,2.168778
-0.817342,1,2.170002
-5.176286,1,2.171224
-0.022258,1,2.172486
-0.204234,1,2.173735
-0.204202,1,2.174992
-0.191468,1,2.176262
-2.842001,1,2.177509
-1.783166,1,2.17876
-1.361265,1,2.180028
-0.182583,1,2.181278
-2.08142,1,2.182526
-0.747997,1,2.183794
-5.561137,1,2.185056
-4.198355,1,2.186301
-3.377524,1,2.187544
-3.868294,1,2.18886
-2.136073,1,2.19014
-3.201953,1,2.191392
-8.813477,1,2.192692
-0.023501,1,2.193941
-5.458582,1,2.195204
-3.13357,1,2.196469
-2.128598,1,2.197725
-4.872369,1,2.198984
-0.525119,1,2.200261
-3.092217,1,2.201512
-3.308989,1,2.202765
-3.815058,1,2.204026
-3.359669,1,2.205278
-4.601407,1,2.206524
-0.290386,1,2.207768
-9.721924,1,2.209026
-0.002958,1,2.210282
-0.148986,1,2.211573
-6.061141,1,2.212831
-1.568259,1,2.214077
-0.078711,1,2.215327
-8.487177,1,2.216586
-4.912213,1,2.217857
-1.280494,1,2.219118
-4.901316,1,2.220381
-3.955886,1,2.221634
-2.623718,1,2.222893
-2.197923,1,2.224162
-4.021193,1,2.225417
-0.042785,1,2.226662
-1.019081,1,2.22791
-7.71278,1,2.229179
-3.509108,1,2.230424
-1.823233,1,2.231673
-0.728304,1,2.23292
-9.05578,1,2.234163
-5.933153,1,2.23542
-0.720592,1,2.236679
-0.079994,1,2.237925
-9.55466,1,2.239175
-4.112995,1,2.240441
-0.095053,1,2.241693
-0.202355,1,2.242934
-5.527685,1,2.244212
-8.726795,1,2.245466
-3.967658,1,2.246721
-6.735793,1,2.247981
-0.192479,1,2.249243
-6.773162,1,2.25049
-0.560149,1,2.251747
-4.356506,1,2.253008
-2.687229,1,2.254256
-5.634492,1,2.255509
-0.226918,1,2.256765
-3.965834,1,2.258048
-1.925384,1,2.259302
-5.872782,1,2.260562
-3.160164,1,2.261818
-4.843054,1,2.26308
-1.978779,1,2.264353
-4.782554,1,2.265609
-1.769972,1,2.26687
-9.240897,1,2.268142
-5.300867,1,2.269398
-0.993491,1,2.270652
-3.893908,1,2.271906
-5.084946,1,2.273156
-0.538768,1,2.274412
-9.273462,1,2.27567
-5.227347,1,2.276909
-6.93948,1,2.278134
-0.585191,1,2.279387
-6.453421,1,2.280656
-2.773674,1,2.281906
-8.69547,1,2.283162
-1.531474,1,2.284418
-2.075875,1,2.285676
-4.039598,1,2.286923
-6.809775,1,2.288184
-8.844368,1,2.289438
-3.338466,1,2.290688
-0.285932,1,2.291941
-4.801193,1,2.293201
-3.570429,1,2.294448
-8.838635,1,2.295693
-1.602727,1,2.296954
-0.570297,1,2.298328
-3.010691,1,2.299589
-7.964644,1,2.300811
-6.456251,1,2.302035
-0.010557,1,2.303245
-3.56612,1,2.304513
-0.038602,1,2.30575
-2.541761,1,2.306981
-9.467607,1,2.308228
-0.024031,1,2.309468
-0.049249,1,2.310708
-0.320506,1,2.311976
-0.095631,1,2.313216
-3.291653,1,2.31446
-0.146386,1,2.315698
-8.786255,1,2.31691
-8.916054,1,2.318127
-9.734863,1,2.319371
-2.116016,1,2.3206
-0.084823,1,2.3218
-9.585351,1,2.323001
-3.902579,1,2.324248
-3.960127,1,2.325497
-0.086395,1,2.326732
-6.262026,1,2.327971
-5.521569,1,2.329276
-1.700582,1,2.330508
-0.055112,1,2.331746
-1.54275,1,2.332983
-1.475471,1,2.334222
-1.015025,1,2.335459
-0.120123,1,2.336682
-7.432717,1,2.337883
-6.015372,1,2.339093
-3.120255,1,2.340355
-0.770531,1,2.341588
-0.082364,1,2.342826
-0.06811,1,2.344063
-6.601946,1,2.345298
-0.097931,1,2.346555
-0.507411,1,2.347787
-5.304381,1,2.349041
-3.453028,1,2.35028
-0.454052,1,2.35152
-0.09417,1,2.352745
-3.238281,1,2.35396
-7.838706,1,2.35518
-5.470266,1,2.356426
-0.491983,1,2.357665
-2.901427,1,2.358911
-3.452117,1,2.360157
-1.038047,1,2.361396
-0.41576,1,2.362707
-2.034531,1,2.363963
-0.022985,1,2.365187
-0.695482,1,2.366453
-2.09117,1,2.367908
-1.226258,1,2.369274
-4.089334,1,2.370652
-6.134364,1,2.372348
-2.520146,1,2.373776
-2.914559,1,2.375018
-0.690904,1,2.376255
-1.772359,1,2.377485
-0.22018,1,2.379122
-0.049396,1,2.380437
-0.409538,1,2.381683
-0.878565,1,2.382918
-8.59402,1,2.384172
-0.156091,1,2.385407
-3.942953,1,2.386643
-8.11864,1,2.387879
-0.852416,1,2.389112
-1.628814,1,2.390357
-0.390605,1,2.39158
-4.608343,1,2.392807
-0.343141,1,2.394016
-6.306893,1,2.395357
-4.107366,1,2.396595
-6.334476,1,2.397837
-9.606226,1,2.399082
-1.257716,1,2.400329
-0.038411,1,2.401559
-0.102198,1,2.402784
-5.35561,1,2.404026
-0.030159,1,2.405266
-2.495445,1,2.406498
-1.479721,1,2.407742
-0.160507,1,2.408954
-3.804263,1,2.41015
-0.026085,1,2.411361
-6.744611,1,2.412581
-0.123042,1,2.413808
-1.13437,1,2.415013
-2.223953,1,2.416234
-0.819998,1,2.417452
-3.340959,1,2.418659
-6.734971,1,2.419877
-7.659963,1,2.421094
-7.589923,1,2.422297
-6.970697,1,2.423499
-5.600581,1,2.424719
-2.037667,1,2.42592
-0.785558,1,2.427122
-8.801134,1,2.428342
-9.298801,1,2.429544
-3.089739,1,2.43075
-1.481332,1,2.431963
-5.334983,1,2.433215
-1.310654,1,2.434452
-9.552034,1,2.435692
-2.313144,1,2.436938
-9.373041,1,2.438165
-0.042933,1,2.439399
-2.786269,1,2.440674
-1.70615,1,2.441941
-0.29671,1,2.443191
-3.176906,1,2.444477
-5.625339,1,2.445749
-0.069421,1,2.447067
-3.190417,1,2.448362
-3.566117,1,2.449639
-0.229925,1,2.45092
-3.613674,1,2.452211
-0.637912,1,2.453497
-2.413384,1,2.454756
-1.875558,1,2.456022
-6.8071,1,2.457288
-2.566898,1,2.458542
-5.257718,1,2.459814
-0.037239,1,2.461062
-2.480016,1,2.462324
-0.09781,1,2.463614
-5.808483,1,2.464902
-0.126384,1,2.466185
-6.081975,1,2.467461
-0.156767,1,2.468738
-2.894526,1,2.470012
-4.788485,1,2.471282
-1.59521,1,2.472543
-7.123457,1,2.473802
-0.017873,1,2.475061
-1.952768,1,2.476337
-0.054406,1,2.477588
-2.211903,1,2.478847
-0.07931,1,2.480136
-5.120043,1,2.48141
-0.524034,1,2.482681
-5.555108,1,2.483967
-0.760151,1,2.485245
-0.047552,1,2.486503
-0.876551,1,2.487781
-0.249236,1,2.489055
-0.439819,1,2.490304
-0.866388,1,2.491554
-0.373038,1,2.492834
-4.616957,1,2.494091
-0.291838,1,2.495367
-6.795039,1,2.496645
-1.493528,1,2.497932
-5.426336,1,2.499207
-6.374153,1,2.50049
-8.288046,1,2.501766
-4.356234,1,2.503048
-3.290069,1,2.504332
-6.065145,1,2.505588
-0.624194,1,2.506841
-4.400318,1,2.508111
-9.174065,1,2.509369
-8.737807,1,2.51153
-5.081996,1,2.512938
-7.16429,1,2.514311
-0.045143,1,2.515644
-6.002538,1,2.516993
-9.581683,1,2.51828
-3.591701,1,2.519558
-0.098977,1,2.520852
-0.61725,1,2.522116
-0.215026,1,2.523382
-2.311244,1,2.524657
-2.854235,1,2.525914
-0.122564,1,2.52717
-0.12198,1,2.528452
-3.291766,1,2.529709
-5.02779,1,2.53097
-4.219818,1,2.532949
-6.241199,1,2.535534
-9.416698,1,2.536824
-8.205569,1,2.538117
-0.634163,1,2.539379
-6.823822,1,2.54088
-4.470655,1,2.542573
-7.104588,1,2.544289
-6.607337,1,2.54601
-4.310926,1,2.547702
-0.44817,1,2.549089
-5.01076,1,2.550366
-0.032015,1,2.551646
-2.314271,1,2.552947
-1.026576,1,2.554234
-8.555074,1,2.555508
-1.916718,1,2.556803
-0.044529,1,2.558054
-9.540233,1,2.559306
-9.470737,1,2.560566
-1.727481,1,2.561831
-0.097633,1,2.5631
-4.757164,1,2.564369
-1.861717,1,2.565634
-6.693507,1,2.566911
-7.739205,1,2.568196
-1.450215,1,2.56947
-5.582572,1,2.570761
-0.396706,1,2.572048
-1.350206,1,2.573323
-1.921623,1,2.574605
-5.71861,1,2.57587
-0.25938,1,2.577122
-3.599363,1,2.578383
-4.845979,1,2.57963
-1.060948,1,2.580883
-7.863031,1,2.582112
-7.166555,1,2.583346
-6.955087,1,2.584618
-4.815165,1,2.585874
-0.183779,1,2.587368
-3.248103,1,2.588835
-0.146221,1,2.590271
-0.287571,1,2.591719
-7.184691,1,2.593167
-5.64072,1,2.594418
-6.220449,1,2.595678
-9.75307,1,2.596947
-8.732706,1,2.598196
-4.585845,1,2.599449
-0.166201,1,2.60071
-6.981415,1,2.601958
-0.652411,1,2.603214
-7.524768,1,2.604509
-9.058689,1,2.605753
-0.13409,1,2.607002
-8.679478,1,2.608262
-0.366956,1,2.609564
-6.004351,1,2.610818
-1.248623,1,2.612106
-2.904076,1,2.613349
-2.866932,1,2.614599
-5.889844,1,2.615867
-0.081605,1,2.617111
-4.061763,1,2.618366
-9.165919,1,2.619624
-4.938076,1,2.620929
-8.461339,1,2.62218
-0.045313,1,2.623455
-4.827469,1,2.624721
-0.234038,1,2.625978
-6.559155,1,2.627227
-1.47327,1,2.628524
-2.089584,1,2.630232
-0.620504,1,2.631798
-0.280751,1,2.633052
-0.398972,1,2.634316
-5.70269,1,2.635568
-6.100445,1,2.636829
-5.58269,1,2.638083
-7.403642,1,2.639338
-0.758666,1,2.64061
-2.709915,1,2.641996
-0.690592,1,2.643348
-1.945352,1,2.644694
-6.694137,1,2.646009
-2.121134,1,2.647221
-0.298124,1,2.648495
-4.682816,1,2.649784
-2.48158,1,2.651061
-8.627802,1,2.652321
-8.417999,1,2.653579
-4.359158,1,2.654835
-5.081233,1,2.656103
-1.33727,1,2.657384
-6.465975,1,2.658635
-1.308821,1,2.659865
-0.133033,1,2.661108
-0.558682,1,2.662379
-2.833666,1,2.663687
-4.539809,1,2.664933
-0.400952,1,2.666189
-1.250183,1,2.667451
-0.214617,1,2.66874
-0.505774,1,2.669986
-4.690815,1,2.671234
-2.142107,1,2.672505
-4.773258,1,2.673788
-5.178075,1,2.675036
-3.98032,1,2.676309
-5.259214,1,2.677526
-0.319582,1,2.678782
-0.126028,1,2.68005
-0.101106,1,2.681304
-7.993103,1,2.682559
-0.11865,1,2.683824
-0.087241,1,2.685123
-0.356664,1,2.686373
-3.519565,1,2.687627
-1.327452,1,2.688893
-6.878913,1,2.690144
-6.667355,1,2.691408
-6.604946,1,2.692693
-0.169427,1,2.69392
-4.481496,1,2.69518
-2.27217,1,2.696456
-0.118349,1,2.69772
-0.183169,1,2.698963
-4.847117,1,2.700223
-4.532596,1,2.701501
-0.955786,1,2.702784
-2.401507,1,2.704051
-1.444422,1,2.705277
-2.373886,1,2.706507
-1.537896,1,2.707731
-0.531742,1,2.708968
-1.414764,1,2.710204
-0.265323,1,2.711422
-0.100731,1,2.712762
-6.47607,1,2.714048
-8.859366,1,2.715304
-1.479383,1,2.71656
-3.628198,1,2.717808
-1.055138,1,2.719032
-5.697511,1,2.720333
-0.852814,1,2.7216
-0.009727,1,2.722872
-1.472575,1,2.72416
-5.825885,1,2.725427
-0.088134,1,2.726695
-4.925208,1,2.727985
-5.680194,1,2.729269
-0.584059,1,2.730498
-2.587633,1,2.731718
-0.434565,1,2.732951
-3.70572,1,2.734212
-3.237094,1,2.735471
-1.790246,1,2.736725
-0.028396,1,2.738017
-1.779655,1,2.739254
-4.307983,1,2.740532
-7.519819,1,2.741799
-0.000714,1,2.743059
-5.041666,1,2.744328
-9.496046,1,2.745589
-4.816472,1,2.746811
-1.281538,1,2.748079
-1.48412,1,2.749334
-0.493279,1,2.750591
-1.525483,1,2.751862
-8.726699,1,2.753119
-1.810102,1,2.754391
-7.028976,1,2.755677
-2.297836,1,2.756938
-2.968726,1,2.758188
-8.85374,1,2.759457
-0.468215,1,2.760758
-7.662801,1,2.762036
-0.633125,1,2.763295
-1.039742,1,2.764549
-1.424652,1,2.765821
-4.581258,1,2.767093
-0.248822,1,2.768367
-2.957103,1,2.769628
-4.99248,1,2.770904
-0.202897,1,2.772188
-8.045591,1,2.773499
-2.933886,1,2.774787
-2.936972,1,2.776086
-0.54208,1,2.777377
-4.207673,1,2.778652
-3.201629,1,2.779947
-0.839287,1,2.781265
-5.952011,1,2.782543
-2.455191,1,2.783758
-4.257472,1,2.785028
-2.135088,1,2.786299
-0.510258,1,2.78757
-0.948842,1,2.788817
-4.497383,1,2.790089
-0.09543,1,2.791398
-7.82513,1,2.792691
-0.408296,1,2.793983
-1.967309,1,2.795264
-0.343721,1,2.796569
-9.481996,1,2.79789
-8.649239,1,2.799352
-3.066393,1,2.800604
-6.566031,1,2.80184
-5.858059,1,2.803072
-7.297998,1,2.804348
-0.025226,1,2.80561
-5.521792,1,2.806872
-0.417235,1,2.808198
-0.102902,1,2.809459
-4.561637,1,2.810802
-1.760933,1,2.812151
-0.123459,1,2.813592
-9.194351,1,2.815003
-8.02822,1,2.816325
-0.651477,1,2.817581
-8.329984,1,2.818844
-4.305631,1,2.820117
-2.016362,1,2.821379
-0.698215,1,2.822641
-2.309715,1,2.823914
-9.534322,1,2.825222
-0.145708,1,2.826492
-3.951784,1,2.827785
-1.191631,1,2.829087
-7.425589,1,2.830378
-0.112993,1,2.831675
-0.503619,1,2.832977
-6.240126,1,2.834221
-5.447099,1,2.835516
-3.15602,1,2.836794
-4.530484,1,2.838052
-2.192534,1,2.839303
-0.645573,1,2.84056
-4.814951,1,2.841815
-1.741538,1,2.843118
-0.613603,1,2.8444
-0.35782,1,2.845671
-1.917812,1,2.846928
-9.681607,1,2.848194
-3.308064,1,2.849732
-5.509925,1,2.851487
-0.468839,1,2.853108
-9.512744,1,2.854356
-0.865121,1,2.855593
-2.562164,1,2.856851
-0.084553,1,2.858109
-6.520281,1,2.859361
-0.444299,1,2.860607
-1.717978,1,2.861897
-5.360654,1,2.86315
-0.703848,1,2.864414
-8.750649,1,2.865668
-0.175681,1,2.866918
-0.495061,1,2.868188
-7.754546,1,2.86939
-1.260015,1,2.870626
-5.168878,1,2.871878
-5.067561,1,2.873116
-6.704343,1,2.874407
-0.45372,1,2.875658
-2.757346,1,2.876914
-1.129997,1,2.8782
-3.919843,1,2.879446
-3.004832,1,2.8807
-2.845735,1,2.881953
-4.880571,1,2.883208
-0.199396,1,2.88447
-2.431954,1,2.885733
-9.04026,1,2.886943
-2.205926,1,2.888186
-1.777054,1,2.889421
-0.542767,1,2.8907
-2.294509,1,2.891955
-0.360593,1,2.8932
-4.530256,1,2.89445
-4.976394,1,2.895736
-0.739012,1,2.897012
-0.647145,1,2.898279
-0.257329,1,2.899531
-0.425043,1,2.900789
-7.359913,1,2.902041
-5.694493,1,2.903304
-0.652297,1,2.904522
-3.425672,1,2.905764
-0.415008,1,2.907021
-1.073235,1,2.908275
-0.248939,1,2.909527
-1.558484,1,2.910773
-0.212039,1,2.912074
-1.281453,1,2.913368
-0.38721,1,2.914658
-2.359704,1,2.915926
-7.177948,1,2.91717
-1.6369,1,2.918408
-3.337987,1,2.91965
-0.627113,1,2.920903
-2.172549,1,2.92212
-0.129149,1,2.923383
-1.525912,1,2.924641
-0.321176,1,2.92589
-5.005947,1,2.927128
-2.816626,1,2.928403
-5.815881,1,2.929688
-0.161402,1,2.930968
-0.56083,1,2.932229
-2.183883,1,2.933478
-6.397536,1,2.934729
-0.01017,1,2.935992
-4.426655,1,2.937255
-9.268815,1,2.938458
-5.132372,1,2.939712
-1.323825,1,2.940983
-9.125773,1,2.942244
-1.298311,1,2.943511
-0.493263,1,2.944777
-0.902649,1,2.946135
-1.922186,1,2.947422
-2.543536,1,2.948686
-0.861503,1,2.949953
-0.024857,1,2.951206
-0.335996,1,2.952473
-1.91256,1,2.953733
-0.100676,1,2.955023
-9.713402,1,2.95623
-7.860068,1,2.957484
-4.642555,1,2.958767
-3.27694,1,2.96003
-6.860612,1,2.961291
-0.480054,1,2.962538
-1.940091,1,2.963828
-3.287092,1,2.965099
-1.652002,1,2.966364
-2.256828,1,2.967612
-0.831643,1,2.968876
-0.070926,1,2.970122
-7.913542,1,2.971388
-0.312547,1,2.972657
-5.356679,1,2.973868
-4.642304,1,2.975105
-6.11694,1,2.976359
-0.874553,1,2.977606
-1.473378,1,2.978888
-0.00967,1,2.98016
-0.771031,1,2.981461
-1.676837,1,2.98269
-1.073054,1,2.98395
-1.04796,1,2.985215
-0.624807,1,2.986466
-0.284431,1,2.987722
-4.186142,1,2.989011
-0.05157,1,2.990236
-3.34976,1,2.991497
-3.992047,1,2.992726
-2.036722,1,2.993976
-2.678153,1,2.995281
-1.286771,1,2.99662
-8.286464,1,2.997983
-0.060941,1,2.999901
-3.066987,1,3.001284
-4.859134,1,3.002582
-1.34393,1,3.003975
-0.366502,1,3.005345
-1.009798,1,3.006653
-4.858355,1,3.008023
-1.63559,1,3.009387
-1.135961,1,3.010749
-1.125278,1,3.012152
-0.275753,1,3.013489
-4.238947,1,3.014856
-2.273092,1,3.016224
-6.221973,1,3.017545
-0.908512,1,3.018863
-4.388432,1,3.02016
-7.501288,1,3.021449
-7.600183,1,3.022688
-1.8911,1,3.023988
-4.075001,1,3.025274
-6.62399,1,3.02658
-9.701717,1,3.027856
-4.8508,1,3.029126
-0.161033,1,3.030389
-3.070691,1,3.031692
-2.053329,1,3.032976
-9.000256,1,3.034253
-8.483619,1,3.035527
-8.263391,1,3.036798
-8.189432,1,3.038058
-1.252427,1,3.03932
-9.300287,1,3.040543
-7.820155,1,3.0418
-3.473155,1,3.043069
-2.516105,1,3.044372
-2.7263,1,3.04563
-0.261285,1,3.046895
-1.290771,1,3.048216
-0.056835,1,3.0495
-0.527982,1,3.050781
-2.58557,1,3.052073
-9.813976,1,3.053301
-1.041112,1,3.054557
-0.108106,1,3.055839
-0.054819,1,3.057081
-0.532913,1,3.058406
-1.102776,1,3.059738
-8.249346,1,3.061081
-0.543992,1,3.062423
-8.794191,1,3.063679
-7.258381,1,3.064948
-0.252581,1,3.066241
-0.196983,1,3.067503
-1.965083,1,3.068781
-0.079598,1,3.070053
-0.177146,1,3.071499
-0.10881,1,3.072992
-6.887392,1,3.074373
-6.769933,1,3.075823
-0.711322,1,3.077276
-1.197321,1,3.078726
-0.638165,1,3.080024
-5.352962,1,3.081302
-2.547164,1,3.082636
-1.542735,1,3.083952
-0.174343,1,3.085269
-2.975329,1,3.086695
-1.078876,1,3.088116
-0.061153,1,3.089513
-4.771519,1,3.09085
-2.702485,1,3.092144
-0.553664,1,3.093427
-1.018532,1,3.094697
-0.011045,1,3.095978
-4.319837,1,3.097272
-0.074523,1,3.098555
-2.093316,1,3.099835
-1.52223,1,3.101068
-0.510041,1,3.102345
-1.886724,1,3.103612
-0.155838,1,3.10487
-1.121524,1,3.106122
-0.174494,1,3.107364
-1.505196,1,3.108623
-7.612075,1,3.10987
-3.016971,1,3.111121
-0.219227,1,3.112598
-9.311057,1,3.11385
-0.029581,1,3.115102
-2.032279,1,3.116374
-7.066305,1,3.117623
-8.682519,1,3.118869
-0.059806,1,3.120131
-0.070882,1,3.121379
-0.089398,1,3.122622
-4.652644,1,3.123881
-9.077633,1,3.125145
-0.562387,1,3.126389
-9.669461,1,3.127636
-5.242616,1,3.128895
-0.930775,1,3.130145
-0.290687,1,3.131412
-0.445574,1,3.132645
-0.855586,1,3.13387
-0.037525,1,3.13509
-2.553418,1,3.136343
-0.527487,1,3.137591
-8.142823,1,3.138846
-3.306036,1,3.140124
-3.240895,1,3.141375
-0.286721,1,3.14263
-1.494575,1,3.14388
-0.160271,1,3.145142
-8.810982,1,3.146393
-3.197439,1,3.147659
-5.543668,1,3.14892
-0.198782,1,3.150174
-7.171921,1,3.151419
-1.218257,1,3.15265
-1.940589,1,3.153875
-0.198094,1,3.155097
-1.423345,1,3.156366
-0.002163,1,3.157613
-1.150894,1,3.158859
-4.603231,1,3.160119
-7.021902,1,3.16138
-0.526847,1,3.162629
-1.621875,1,3.163883
-6.484125,1,3.165147
-1.082431,1,3.166401
-5.798478,1,3.167651
-1.40447,1,3.169012
-0.042388,1,3.170258
-5.653497,1,3.17153
-0.111182,1,3.172808
-0.070094,1,3.174167
-3.992746,1,3.175432
-1.159678,1,3.176815
-2.816462,1,3.178546
-1.937636,1,3.180274
-2.13873,1,3.18156
-0.033624,1,3.182833
-0.340958,1,3.184115
-1.389711,1,3.185392
-9.868331,1,3.186657
-4.359206,1,3.187945
-7.645478,1,3.189276
-0.840753,1,3.190548
-1.636424,1,3.191833
-5.138527,1,3.193114
-0.076823,1,3.194392
-3.634642,1,3.195673
-0.062496,1,3.196961
-3.251067,1,3.198237
-5.811007,1,3.199526
-9.43545,1,3.200831
-8.917213,1,3.202108
-5.879817,1,3.203387
-6.762574,1,3.204674
-6.627788,1,3.205953
-1.824703,1,3.207223
-1.704018,1,3.208493
-8.4967,1,3.20974
-2.201853,1,3.210996
-1.491505,1,3.212293
-2.748029,1,3.213575
-7.363398,1,3.214847
-0.153624,1,3.216135
-7.641098,1,3.217411
-9.768878,1,3.218706
-0.984827,1,3.220014
-1.465076,1,3.221293
-3.809232,1,3.222585
-3.365525,1,3.223879
-3.454907,1,3.225188
-9.834123,1,3.226465
-1.414925,1,3.227749
-0.639158,1,3.229038
-3.365356,1,3.230327
-0.178367,1,3.237918
-4.185708,1,3.239325
-1.692405,1,3.240641
-0.163878,1,3.242039
-1.059605,1,3.24398
-0.081287,1,3.245382
-4.88367,1,3.246878
-3.305565,1,3.248256
-0.954153,1,3.249622
-1.609812,1,3.250996
-0.060328,1,3.252403
-6.023169,1,3.253709
-5.624141,1,3.255001
-4.686331,1,3.256311
-0.167226,1,3.257609
-0.324578,1,3.258869
-4.519996,1,3.260142
-2.012078,1,3.261406
-0.002741,1,3.262985
-9.554411,1,3.264403
-0.794931,1,3.265709
-0.198277,1,3.267037
-1.431171,1,3.268413
-3.234657,1,3.269746
-0.076566,1,3.271086
-6.434471,1,3.272499
-3.426818,1,3.273813
-1.055801,1,3.275238
-3.735101,1,3.276695
-4.617971,1,3.278091
-9.53807,1,3.279492
-0.003013,1,3.280933
-3.340278,1,3.28231
-2.738611,1,3.283644
-7.162469,1,3.284908
-7.115626,1,3.286166
-4.734897,1,3.287436
-0.702808,1,3.288713
-0.006787,1,3.289989
-5.319405,1,3.291257
-5.326806,1,3.292556
-0.071012,1,3.293822
-5.576052,1,3.295089
-0.330967,1,3.296389
-6.718477,1,3.29767
-2.652016,1,3.298941
-0.791513,1,3.300248
-0.627151,1,3.301518
-1.415465,1,3.302796
-1.564695,1,3.304082
-3.663774,1,3.305351
-3.955883,1,3.306629
-1.081332,1,3.308019
-0.873814,1,3.309447
-5.47405,1,3.310859
-4.988225,1,3.312821
-2.704142,1,3.314734
-1.889619,1,3.31676
-1.402856,1,3.318554
-3.748369,1,3.320411
-2.41292,1,3.322184
-0.02617,1,3.323979
-0.042255,1,3.325768
-7.41419,1,3.327487
-0.30687,1,3.328982
-5.141495,1,3.330466
-0.138296,1,3.331961
-1.639545,1,3.33344
-2.046549,1,3.334903
-4.08058,1,3.336292
-0.922574,1,3.337655
-1.222519,1,3.338966
-6.469711,1,3.340281
-0.432852,1,3.341594
-1.144859,1,3.342911
-1.517007,1,3.344218
-4.670525,1,3.345518
-5.083752,1,3.346832
-2.870509,1,3.348158
-0.022761,1,3.349458
-3.897448,1,3.350772
-0.168053,1,3.352096
-6.841888,1,3.353399
-3.543371,1,3.354702
-5.719772,1,3.356025
-0.503279,1,3.357331
-0.078965,1,3.358639
-2.749923,1,3.359967
-2.632341,1,3.361274
-3.246519,1,3.362579
-9.058073,1,3.363912
-7.505884,1,3.365222
-2.491485,1,3.366523
-2.358118,1,3.367842
-5.690528,1,3.369139
-7.746763,1,3.370451
-0.096695,1,3.371756
-7.813943,1,3.37307
-0.39098,1,3.374374
-4.88842,1,3.375677
-4.605707,1,3.377002
-3.573077,1,3.378299
-5.679917,1,3.379618
-5.724639,1,3.380943
-2.844224,1,3.382244
-7.54193,1,3.383541
-1.732893,1,3.384854
-0.245879,1,3.38616
-9.335777,1,3.38748
-6.255602,1,3.388779
-3.058763,1,3.390086
-2.537983,1,3.391389
-0.757439,1,3.392694
-6.0947,1,3.394001
-1.511323,1,3.395295
-0.11643,1,3.396668
-6.272812,1,3.397977
-0.62342,1,3.399284
-3.343162,1,3.400598
-0.850672,1,3.401911
-7.237308,1,3.403217
-0.147765,1,3.404609
-3.91747,1,3.405934
-0.090013,1,3.40726
-0.121826,1,3.408763
-0.107061,1,3.410224
-2.603337,1,3.411632
-8.341825,1,3.413029
-7.62706,1,3.414407
-7.08461,1,3.415796
-0.067388,1,3.417173
-1.847234,1,3.418476
-6.745847,1,3.419796
-2.70388,1,3.4211
-4.868651,1,3.422444
-7.391157,1,3.423941
-0.550397,1,3.425322
-6.172379,1,3.426702
-0.103792,1,3.428113
-0.528583,1,3.429417
-8.326813,1,3.43071
-0.929061,1,3.43202
-2.33329,1,3.433311
-0.337813,1,3.434605
-6.291944,1,3.435916
-0.677763,1,3.437206
-7.36219,1,3.4385
-0.358825,1,3.4398
-2.243095,1,3.441089
-0.927937,1,3.442371
-0.045406,1,3.443668
-1.915816,1,3.444958
-2.254796,1,3.44627
-2.220733,1,3.447602
-3.320465,1,3.448956
-4.682543,1,3.450281
-3.45388,1,3.451596
-4.081954,1,3.452874
-2.014785,1,3.454176
-5.920902,1,3.455497
-4.605126,1,3.456842
-0.858899,1,3.458163
-2.646473,1,3.459487
-9.307117,1,3.460821
-1.627478,1,3.462153
-0.698147,1,3.463444
-4.465982,1,3.46471
-0.090177,1,3.465953
-0.581586,1,3.467191
-3.411374,1,3.468458
-1.327755,1,3.469711
-3.300969,1,3.470944
-6.436995,1,3.472188
-0.514628,1,3.47342
-0.605562,1,3.474674
-8.671312,1,3.475933
-6.308289,1,3.477176
-2.433236,1,3.478428
-0.180813,1,3.479668
-3.250378,1,3.480937
-2.526636,1,3.482237
-5.54374,1,3.483481
-8.459246,1,3.484736
-0.227818,1,3.485992
-0.011055,1,3.487236
-7.432944,1,3.48848
-0.49026,1,3.489685
-2.632462,1,3.490891
-6.812767,1,3.492136
-5.305607,1,3.493368
-0.267762,1,3.494599
-0.827099,1,3.495842
-3.710368,1,3.497076
-3.804513,1,3.498305
-1.274952,1,3.499529
-5.988441,1,3.500772
-2.611552,1,3.501993
-0.098788,1,3.503221
-9.43713,1,3.504465
-3.067969,1,3.505719
-8.455013,1,3.507129
-0.233284,1,3.508531
-4.075404,1,3.509775
-0.095808,1,3.510983
-1.17211,1,3.512214
-8.153429,1,3.51345
-0.246029,1,3.514668
-3.794047,1,3.515911
-1.232623,1,3.517134
-0.776914,1,3.518352
-8.954649,1,3.519564
-0.959817,1,3.5208
-0.098058,1,3.522014
-2.134441,1,3.523226
-0.138962,1,3.524465
-0.095477,1,3.525684
-5.722856,1,3.526902
-8.51537,1,3.528116
-3.515612,1,3.529338
-9.591606,1,3.530547
-5.962267,1,3.531767
-9.007118,1,3.533005
-3.310204,1,3.534225
-1.097139,1,3.535442
-7.80974,1,3.536667
-3.010661,1,3.537884
-8.354969,1,3.539092
-0.072162,1,3.540331
-4.174584,1,3.541542
-1.516109,1,3.542757
-0.325071,1,3.543963
-9.19938,1,3.545178
-0.228756,1,3.546396
-1.667861,1,3.547601
-3.979854,1,3.548836
-2.396637,1,3.550051
-3.313658,1,3.551265
-4.961568,1,3.552492
-0.103567,1,3.553709
-0.019193,1,3.554932
-9.696116,1,3.556161
-2.461674,1,3.557369
-0.869086,1,3.558572
-9.617821,1,3.559779
-0.594621,1,3.560997
-0.162201,1,3.562208
-3.298044,1,3.563422
-8.185242,1,3.564665
-3.696245,1,3.565883
-3.187778,1,3.567096
-0.149786,1,3.568315
-1.191833,1,3.569531
-2.58981,1,3.570773
-2.431662,1,3.572014
-1.650144,1,3.57324
-1.147223,1,3.574457
-9.435095,1,3.575669
-3.35445,1,3.576887
-0.098373,1,3.578094
-9.561521,1,3.579304
-5.282715,1,3.580536
-0.385293,1,3.581751
-1.231389,1,3.582966
-7.766353,1,3.584194
-0.6411,1,3.585406
-9.10458,1,3.586664
-2.676729,1,3.587896
-0.235272,1,3.58918
-0.303436,1,3.590454
-1.856445,1,3.591755
-0.586601,1,3.593066
-1.860572,1,3.594406
-0.086217,1,3.595745
-0.356398,1,3.596997
-8.712328,1,3.598231
-0.330046,1,3.599458
-6.570818,1,3.600706
-9.221891,1,3.601944
-8.190366,1,3.603185
-0.543804,1,3.604453
-0.247018,1,3.605714
-1.000314,1,3.606952
-0.075536,1,3.608201
-2.482366,1,3.609431
-1.381898,1,3.610664
-5.130089,1,3.611903
-3.268281,1,3.613188
-6.29466,1,3.614423
-5.933146,1,3.615653
-7.340975,1,3.616904
-3.295999,1,3.618142
-5.400055,1,3.619375
-3.565744,1,3.620633
-8.278232,1,3.621861
-0.543194,1,3.623106
-0.020236,1,3.624346
-0.979747,1,3.625583
-1.347182,1,3.626815
-1.910666,1,3.628062
-2.645135,1,3.629291
-5.287596,1,3.63053
-4.535662,1,3.63177
-1.707269,1,3.63302
-4.150773,1,3.63426
-4.712349,1,3.635494
-7.154223,1,3.636752
-6.124044,1,3.637986
-5.016626,1,3.639228
-0.835313,1,3.640485
-0.516828,1,3.641739
-0.214868,1,3.642977
-4.963714,1,3.644254
-0.055831,1,3.645488
-0.439318,1,3.646725
-3.011867,1,3.647967
-8.394889,1,3.649197
-0.019189,1,3.650426
-9.793949,1,3.651657
-0.110894,1,3.652919
-5.044974,1,3.654145
-0.701019,1,3.655369
-0.546161,1,3.656611
-1.146883,1,3.657836
-4.031653,1,3.659067
-6.142349,1,3.660336
-6.347993,1,3.661561
-9.732128,1,3.662784
-2.168828,1,3.664005
-4.747148,1,3.665448
-1.744321,1,3.666715
-0.177535,1,3.668001
-1.533251,1,3.669267
-1.46966,1,3.670546
-0.333315,1,3.671816
-0.93915,1,3.673079
-5.096121,1,3.674349
-2.742439,1,3.675642
-1.254495,1,3.676926
-9.539944,1,3.67819
-1.052391,1,3.679451
-3.160175,1,3.680736
-0.013286,1,3.681998
-0.238533,1,3.683271
-4.781808,1,3.684533
-0.103337,1,3.685808
-4.782267,1,3.687079
-5.324643,1,3.688348
-0.270029,1,3.689621
-0.577873,1,3.690894
-5.842878,1,3.692183
-2.924168,1,3.693455
-0.424817,1,3.694752
-2.381318,1,3.696133
-2.175179,1,3.697387
-1.144764,1,3.698645
-1.530935,1,3.699974
-3.02737,1,3.701281
-0.090704,1,3.702722
-1.006187,1,3.704077
-4.780782,1,3.705426
-1.747629,1,3.706763
-7.825788,1,3.708109
-0.042329,1,3.709457
-2.155616,1,3.710724
-0.405067,1,3.712001
-2.440994,1,3.713286
-0.138587,1,3.71455
-6.093274,1,3.715818
-1.078079,1,3.717101
-1.409502,1,3.718383
-6.322778,1,3.719648
-4.315298,1,3.720927
-1.868661,1,3.722197
-5.854416,1,3.723466
-4.250379,1,3.724754
-1.31157,1,3.726019
-8.091796,1,3.727289
-2.684918,1,3.72857
-0.50279,1,3.729841
-1.057337,1,3.731108
-3.089621,1,3.732384
-0.232079,1,3.73365
-5.070158,1,3.734916
-8.463585,1,3.7362
-0.841786,1,3.737479
-0.307714,1,3.738734
-2.393698,1,3.740003
-4.361442,1,3.741272
-1.49894,1,3.742547
-1.408433,1,3.743794
-4.350456,1,3.745065
-0.957858,1,3.74632
-2.132335,1,3.747583
-2.092747,1,3.748869
-7.388707,1,3.75012
-3.2612,1,3.751388
-3.676119,1,3.752656
-0.275148,1,3.753923
-3.688469,1,3.755186
-2.359467,1,3.756462
-9.66228,1,3.757734
-3.060915,1,3.758992
-6.430364,1,3.760267
-5.049742,1,3.761528
-0.548989,1,3.762796
-0.439072,1,3.764054
-6.511095,1,3.765323
-2.835607,1,3.766591
-0.718702,1,3.767864
-0.077054,1,3.769161
-6.042711,1,3.770433
-4.157506,1,3.771699
-3.828743,1,3.773005
-4.912563,1,3.774263
-0.04629,1,3.775529
-1.582423,1,3.776866
-2.813933,1,3.778133
-0.367933,1,3.77944
-6.040575,1,3.780793
-5.582923,1,3.782032
-1.972785,1,3.783329
-0.202748,1,3.784648
-8.207605,1,3.785949
-0.409576,1,3.787216
-0.184894,1,3.788501
-3.503134,1,3.789774
-0.981959,1,3.791082
-6.772406,1,3.792371
-2.826646,1,3.793641
-0.009996,1,3.794918
-1.390776,1,3.796225
-4.160806,1,3.797537
-8.223433,1,3.79879
-1.075657,1,3.800113
-1.116432,1,3.801433
-0.120385,1,3.802726
-1.982837,1,3.804009
-0.457236,1,3.805293
-2.185269,1,3.806567
-3.21265,1,3.807892
-0.331001,1,3.809166
-5.225195,1,3.810447
-2.155245,1,3.811717
-6.531407,1,3.813107
-1.314167,1,3.814441
-5.337014,1,3.815879
-2.18924,1,3.817231
-0.390062,1,3.818573
-9.069255,1,3.819932
-3.968196,1,3.821302
-1.392742,1,3.82265
-2.141365,1,3.824007
-1.532626,1,3.825267
-7.510154,1,3.826563
-7.52631,1,3.827836
-8.910051,1,3.829119
-0.074939,1,3.830461
-5.387655,1,3.831733
-1.01411,1,3.833026
-3.522683,1,3.834255
-4.531206,1,3.835529
-5.741653,1,3.836821
-0.762078,1,3.838137
-6.75823,1,3.839463
-0.088289,1,3.840823
-6.097714,1,3.842283
-0.03362,1,3.843682
-1.794704,1,3.844991
-0.313996,1,3.846259
-0.110611,1,3.847535
-1.141443,1,3.848835
-0.649148,1,3.85014
-5.312658,1,3.851454
-3.392156,1,3.852674
-6.570561,1,3.853961
-1.362311,1,3.855213
-0.722128,1,3.856474
-6.454614,1,3.857729
-2.652317,1,3.859018
-1.730718,1,3.860329
-2.258581,1,3.861635
-0.095184,1,3.862937
-3.305819,1,3.864269
-0.019759,1,3.865564
-1.635995,1,3.866851
-6.798617,1,3.868159
-2.203929,1,3.86947
-3.463882,1,3.870809
-1.543316,1,3.872128
-0.420298,1,3.873432
-0.143209,1,3.874741
-5.922792,1,3.876064
-0.482705,1,3.877398
-0.61064,1,3.878715
-5.923237,1,3.879975
-1.644758,1,3.881264
-2.247224,1,3.88255
-6.57639,1,3.883827
-9.831044,1,3.885134
-0.029416,1,3.886417
-3.46517,1,3.887708
-0.070009,1,3.88901
-1.732259,1,3.890306
-5.59864,1,3.891557
-4.64726,1,3.892861
-0.833939,1,3.894159
-0.315616,1,3.895455
-1.119834,1,3.896811
-2.226674,1,3.898123
-6.822867,1,3.899428
-2.640584,1,3.900742
-1.178279,1,3.902056
-1.169709,1,3.903372
-3.811823,1,3.90467
-1.153208,1,3.90588
-2.736535,1,3.907125
-1.475946,1,3.908423
-0.70835,1,3.909717
-8.053532,1,3.911009
-0.163963,1,3.912323
-9.671211,1,3.913687
-1.110245,1,3.915029
-0.017187,1,3.916354
-1.879145,1,3.91767
-5.144906,1,3.91897
-0.21974,1,3.920294
-5.477696,1,3.921609
-0.184555,1,3.922932
-0.048419,1,3.924196
-4.830696,1,3.925495
-0.400158,1,3.926767
-0.585767,1,3.928054
-1.049205,1,3.929338
-0.088704,1,3.930698
-3.682149,1,3.932059
-4.140059,1,3.933426
-8.57714,1,3.934774
-6.177266,1,3.936137
-5.827234,1,3.937493
-0.037107,1,3.938786
-2.637316,1,3.940089
-5.466216,1,3.941402
-6.968833,1,3.942691
-8.974307,1,3.943999
-1.186036,1,3.945289
-4.921021,1,3.946564
-3.422889,1,3.94786
-0.698963,1,3.949155
-0.434874,1,3.950491
-4.613872,1,3.951804
-4.340507,1,3.95311
-2.472856,1,3.954415
-0.051584,1,3.955721
-0.452636,1,3.95704
-8.607987,1,3.958356
-4.411806,1,3.959622
-0.054439,1,3.960966
-3.581552,1,3.962261
-0.031078,1,3.963542
-8.04028,1,3.964864
-0.636619,1,3.966168
-0.479533,1,3.967452
-0.280691,1,3.968747
-4.657212,1,3.970024
-7.847955,1,3.971335
-0.017005,1,3.972659
-4.347551,1,3.973973
-3.98462,1,3.975285
-0.682578,1,3.976645
-3.352089,1,3.977957
-5.617268,1,3.979274
-5.179536,1,3.980616
-0.07817,1,3.981944
-5.071769,1,3.983258
-3.468817,1,3.984578
-0.050963,1,3.985832
-2.141314,1,3.987135
-0.993942,1,3.988451
-4.076274,1,3.989779
-5.440787,1,3.991095
-3.871254,1,3.992408
-0.026533,1,3.993723
-5.575418,1,3.995061
-5.220591,1,3.996513
-2.698818,1,3.997878
-0.004554,1,3.999175
-2.783531,1,4.000482
-9.515298,1,4.00216
-1.146453,1,4.00399
-2.357926,1,4.005696
-0.103815,1,4.007385
-0.405673,1,4.009103
-1.227302,1,4.010375
-1.835367,1,4.011586
-3.417223,1,4.01286
-9.640704,1,4.014138
-0.313339,1,4.015421
-0.030872,1,4.01672
-4.446101,1,4.018025
-6.001517,1,4.019333
-9.581087,1,4.020671
-9.336421,1,4.021946
-4.331335,1,4.023217
-0.090033,1,4.024488
-0.13911,1,4.025746
-2.748908,1,4.027039
-0.02503,1,4.028279
-0.352841,1,4.029537
-3.625971,1,4.030842
-4.580807,1,4.032164
-0.684336,1,4.033467
-2.197148,1,4.034765
-8.225831,1,4.036078
-4.189883,1,4.037381
-4.329605,1,4.038636
-1.901167,1,4.039888
-0.030927,1,4.041137
-0.132433,1,4.042378
-0.373675,1,4.043619
-0.113615,1,4.044878
-8.326558,1,4.046137
-1.442797,1,4.047435
-0.874101,1,4.048758
-0.886598,1,4.050066
-1.528931,1,4.051368
-5.223576,1,4.052693
-0.82079,1,4.053997
-1.179863,1,4.055311
-9.479012,1,4.056578
-0.392479,1,4.057831
-0.154951,1,4.059073
-3.583547,1,4.060334
-3.779115,1,4.062044
-0.633252,1,4.063699
-0.089095,1,4.0654
-0.008067,1,4.067102
-0.282854,1,4.068954
-0.399112,1,4.070728
-6.572504,1,4.072464
-0.036094,1,4.073857
-0.579111,1,4.07525
-4.574271,1,4.076756
-2.690473,1,4.078163
-0.031159,1,4.07956
-7.303353,1,4.080903
-5.429216,1,4.082219
-9.834832,1,4.083529
-0.038925,1,4.084846
-7.296197,1,4.086171
-9.116495,1,4.087496
-4.854852,1,4.088813
-5.246352,1,4.09008
-0.262544,1,4.091385
-0.006757,1,4.092715
-3.394746,1,4.093981
-4.033406,1,4.095243
-1.143901,1,4.096529
-1.973601,1,4.097816
-6.933984,1,4.09916
-2.134588,1,4.100495
-0.066285,1,4.101785
-0.664636,1,4.103088
-6.474645,1,4.104392
-0.474289,1,4.10569
-4.872431,1,4.106947
-6.526545,1,4.108256
-1.159787,1,4.109529
-3.255092,1,4.110816
-1.203725,1,4.112105
-1.851219,1,4.11347
-4.250127,1,4.114747
-0.19927,1,4.116068
-9.808048,1,4.117365
-0.113419,1,4.118658
-0.878245,1,4.11996
-0.349268,1,4.121257
-6.156603,1,4.122546
-6.385063,1,4.123801
-0.505175,1,4.125084
-0.183539,1,4.126356
-1.856369,1,4.127636
-9.076873,1,4.128921
-4.182683,1,4.130199
-4.816192,1,4.13157
-1.393348,1,4.132896
-6.750762,1,4.134166
-0.98306,1,4.13543
-8.798533,1,4.136707
-4.836346,1,4.13797
-6.668934,1,4.139228
-5.117935,1,4.140489
-2.735878,1,4.141761
-1.719073,1,4.143057
-2.767062,1,4.144344
-0.332529,1,4.145617
-0.328107,1,4.146867
-0.502753,1,4.148121
-3.171864,1,4.149385
-2.549143,1,4.150671
-8.772018,1,4.151945
-1.906674,1,4.15321
-5.968516,1,4.154472
-4.320583,1,4.155739
-0.573628,1,4.157008
-6.406298,1,4.158277
-0.222911,1,4.159504
-0.263018,1,4.160774
-1.314544,1,4.162035
-2.517784,1,4.163286
-5.480685,1,4.164567
-9.320085,1,4.165848
-4.579783,1,4.16716
-4.30161,1,4.168487
-0.178686,1,4.169754
-2.020177,1,4.171021
-3.708523,1,4.172322
-2.438634,1,4.17361
-0.151863,1,4.174896
-4.967044,1,4.176191
-4.567033,1,4.177501
-0.033435,1,4.178879
-0.163102,1,4.180251
-1.522731,1,4.181602
-0.235328,1,4.182959
-9.193432,1,4.184397
-4.086995,1,4.185683
-7.696939,1,4.186968
-3.998208,1,4.188292
-1.184203,1,4.189614
-0.563898,1,4.19091
-3.874142,1,4.192204
-0.096478,1,4.193452
-6.489111,1,4.194729
-0.558646,1,4.196015
-0.463991,1,4.197298
-1.392655,1,4.198563
-0.05215,1,4.199851
-1.806301,1,4.201134
-3.207943,1,4.202471
-5.658502,1,4.203829
-5.886293,1,4.205215
-2.079153,1,4.206586
-5.262923,1,4.207962
-0.045636,1,4.209331
-0.63449,1,4.210698
-0.302972,1,4.212019
-0.221773,1,4.213733
-0.439056,1,4.215375
-1.206058,1,4.217201
-4.285588,1,4.218882
-4.023291,1,4.220619
-3.20568,1,4.222345
-7.465474,1,4.223941
-1.160742,1,4.225304
-1.224379,1,4.226669
-3.99777,1,4.22804
-0.118101,1,4.229332
-0.689712,1,4.230652
-3.432218,1,4.231989
-3.67814,1,4.233211
-0.768019,1,4.234426
-0.278034,1,4.235642
-3.687854,1,4.236864
-0.081846,1,4.238092
-8.681601,1,4.239341
-1.016814,1,4.240595
-1.446943,1,4.24185
-0.913232,1,4.243092
-2.776827,1,4.244351
-8.860255,1,4.245597
-2.275362,1,4.246851
-2.736147,1,4.248137
-6.494299,1,4.249398
-0.839831,1,4.250658
-0.492912,1,4.251929
-0.47346,1,4.253184
-7.124907,1,4.254439
-3.815966,1,4.255697
-8.916275,1,4.256963
-0.088329,1,4.258222
-4.278798,1,4.259468
-0.022524,1,4.260717
-5.289333,1,4.261969
-1.922932,1,4.263257
-0.028844,1,4.264531
-0.02618,1,4.265775
-3.088301,1,4.267022
-0.676022,1,4.268275
-0.007934,1,4.269543
-7.101475,1,4.270834
-0.040237,1,4.27214
-1.568957,1,4.273444
-0.018334,1,4.274735
-0.184112,1,4.276042
-2.519711,1,4.2773
-3.740611,1,4.278556
-1.60434,1,4.279824
-2.49901,1,4.281089
-0.61429,1,12.584846
-1.099496,1,12.587186
-0.352825,1,12.589781
-0.0886,1,12.592666
-2.281878,1,12.59411
-8.17888,1,12.595559
-1.563493,1,12.598224
-1.738907,1,12.600631
-1.494553,1,12.60304
-2.28789,1,12.605305
-2.701537,1,12.607386
-7.454239,1,12.609539
-1.598948,1,12.611475
-3.684615,1,12.613361
-7.064979,1,12.615459
-3.714399,1,12.61745
-3.664115,1,12.619431
-5.332634,1,12.621566
-1.794295,1,12.623766
-5.457797,1,12.626342
-0.467836,1,12.628567
-0.359301,1,12.630572
-8.899214,1,12.63267
-0.912508,1,12.634705
-1.333926,1,12.636868
-5.33081,1,12.639129
-4.143408,1,12.640818
-2.017828,1,12.64275
-6.594873,1,12.644681
-0.261467,1,12.646661
-0.350512,1,12.648722
-0.415086,1,12.651059
-1.823436,1,12.653023
-1.426516,1,12.654537
-2.167546,1,12.656666
-0.553745,1,12.658196
-1.901581,1,12.660269
-5.748363,1,12.662453
-3.267284,1,12.664663
-0.265184,1,12.667191
-9.578533,1,12.669067
-0.781042,1,12.671227
-9.580633,1,12.673374
-0.179048,1,12.675494
-0.054319,1,12.677613
-8.969115,1,12.679771
-0.919871,1,12.681982
-0.098606,1,12.683991
-6.944894,1,12.686049
-0.053859,1,12.688403
-0.068379,1,12.690559
-0.133643,1,12.692615
-1.176378,1,12.694851
-9.26837,1,12.697106
-5.951209,1,12.699172
-4.222182,1,12.701267
-0.590428,1,12.703501
-0.091388,1,12.705702
-2.104079,1,12.707875
-1.202187,1,12.709898
-1.092219,1,12.712809
-4.611084,1,12.715512
-0.524571,1,12.718174
-0.325633,1,12.719686
-0.011036,1,12.721662
-1.463082,1,12.723716
-4.53888,1,12.725657
-5.383557,1,12.727495
-5.56238,1,12.729453
-2.809233,1,12.731359
-1.475499,1,12.733337
-0.093164,1,12.735128
-6.395158,1,12.73721
-2.666571,1,12.739124
-6.30382,1,12.741092
-0.934992,1,12.74296
-5.278449,1,12.745287
-0.96757,1,12.748171
-0.971812,1,12.751021
-3.239155,1,12.7534
-3.612459,1,12.755343
-0.219528,1,12.757289
-4.20292,1,12.760173
-0.286841,1,12.762889
-1.818725,1,12.765332
-1.689006,1,12.767264
-5.89277,1,12.768727
-1.530174,1,12.770231
-8.939856,1,12.771711
-0.978263,1,12.773214
-1.700873,1,12.774635
-0.382814,1,12.776133
-0.048208,1,12.777631
-4.237011,1,12.779059
-0.371143,1,12.780489
-0.797388,1,12.781866
-0.512774,1,12.78318
-4.808801,1,12.784525
-5.12066,1,12.785876
-9.556306,1,12.787198
-9.462118,1,12.78855
-6.389278,1,12.789893
-5.775996,1,12.791219
-1.327604,1,12.792574
-0.822928,1,12.794159
-2.516893,1,12.795489
-5.831526,1,12.796824
-1.831102,1,12.798186
-6.619999,1,12.799515
-0.19019,1,12.800856
-7.620247,1,12.802183
-0.190836,1,12.803513
-0.859627,1,12.804858
-4.803732,1,12.806253
-9.652696,1,12.807597
-0.026178,1,12.808937
-0.239728,1,12.810283
-0.0761,1,12.811634
-6.407322,1,12.813038
-1.46879,1,12.814346
-0.051949,1,12.815688
-1.806646,1,12.817031
-2.674991,1,12.818384
-1.031258,1,12.819744
-4.239308,1,12.821199
-0.705835,1,12.822567
-0.285281,1,12.823917
-4.196021,1,12.825292
-1.874616,1,12.826639
-5.806135,1,12.828005
-1.659395,1,12.829373
-7.736751,1,12.830716
-4.348258,1,12.832076
-5.799059,1,12.833425
-5.568165,1,12.834775
-0.011963,1,12.836168
-7.257949,1,12.837581
-1.98857,1,12.838924
-1.384343,1,12.840301
-4.944024,1,12.841686
-5.257112,1,12.843048
-3.006491,1,12.844428
-1.224415,1,12.845811
-0.782291,1,12.847172
-1.089949,1,12.84857
-9.870281,1,12.849964
-0.064587,1,12.851347
-5.191053,1,12.852735
-2.811746,1,12.854192
-0.547188,1,12.855576
-0.984709,1,12.857026
-0.033259,1,12.858424
-8.564665,1,12.859854
-1.238081,1,12.86124
-7.63775,1,12.86277
-0.182917,1,12.864188
-9.163259,1,12.865621
-0.417209,1,12.866981
-5.635769,1,12.868375
-7.565967,1,12.869788
-7.764308,1,12.87119
-0.822029,1,12.872672
-6.060951,1,12.874147
-8.076864,1,12.875574
-0.552422,1,12.877022
-5.152605,1,12.878459
-9.312184,1,12.879908
-1.064965,1,12.881346
-2.895686,1,12.882789
-8.726852,1,12.884237
-9.285522,1,12.885671
-5.676301,1,12.887132
-0.264493,1,12.888539
-9.546651,1,12.889912
-7.821104,1,12.891328
-2.627014,1,12.892769
-5.096116,1,12.894196
-8.596773,1,12.895613
-3.791579,1,12.89705
-1.887606,1,12.898463
-2.392566,1,12.899945
-9.180492,1,12.901509
-7.3072,1,12.903044
-1.042484,1,12.9047
-2.795005,1,12.906157
-4.367631,1,12.907615
-2.867808,1,12.909024
-0.627027,1,12.910457
-1.837409,1,12.9119
-2.691358,1,12.91334
-4.124766,1,12.914766
-0.166541,1,12.916253
-0.298652,1,12.917679
-1.76388,1,12.919074
-0.037774,1,12.920485
-3.884674,1,12.921912
-7.163463,1,12.923312
-5.605248,1,12.92473
-1.798683,1,12.926149
-5.565352,1,12.927595
-6.090817,1,12.929117
-0.723901,1,12.930558
-9.666552,1,12.932014
-3.175229,1,12.93346
-0.402477,1,12.934913
-0.650987,1,12.936348
-4.810265,1,12.937841
-2.940576,1,12.939257
-9.027597,1,12.940717
-2.349641,1,12.942128
-2.27826,1,12.943537
-0.249545,1,12.945034
-5.905157,1,12.946526
-4.431542,1,12.948027
-1.754018,1,12.949523
-2.213008,1,12.950981
-0.821804,1,12.952456
-6.417871,1,12.953891
-3.670212,1,12.955305
-0.295262,1,12.956753
-0.11864,1,12.958172
-9.577317,1,12.959614
-0.433035,1,12.961069
-0.487317,1,12.962553
-1.049182,1,12.964048
-0.25642,1,12.965542
-6.902041,1,12.967045
-4.668045,1,12.968543
-1.405905,1,12.970153
-7.161408,1,12.971666
-5.91244,1,12.973132
-2.453955,1,12.974569
-0.463223,1,12.976009
-2.333953,1,12.977441
-2.103857,1,12.978877
-9.061446,1,12.980349
-0.154497,1,12.981802
-5.047251,1,12.983311
-3.021078,1,12.984775
-9.753335,1,12.986226
-3.785655,1,12.987689
-3.541014,1,12.989139
-5.776656,1,12.99058
-0.066979,1,12.992047
-2.45699,1,12.993472
-9.685947,1,12.994905
-9.845061,1,12.996337
-4.142694,1,12.997797
-0.070288,1,12.999253
-1.895109,1,13.000753
-6.208069,1,13.071069
-0.71316,1,13.072503
-1.901327,1,13.07403
-6.056098,1,13.075566
-3.434342,1,13.07736
-8.239164,1,13.079116
-2.027187,1,13.080933
