#{"t_start": 1627414367.5487454, "env_id": "CliffWalking-v0"}
r,l,t
-16023,1173,8.90449
-966,174,10.467672
-1442,155,10.784447
-1149,60,12.111692
-3184,214,12.545202
-3234,66,13.883966
-3667,103,14.089621
-3131,62,14.219746
-822,30,14.281003
-1232,44,15.576432
-8579,164,15.901531
-5726,182,17.45647
-1336,49,17.553144
-1716,33,17.618426
-227,29,17.675392
-618,24,18.840054
-132,33,18.909009
-426,30,18.967697
-2719,145,19.2559
-4278,120,20.704845
-233,35,20.773864
-1868,86,20.942694
-688,94,22.389905
-423,27,22.443083
-1019,29,22.501847
-5033,182,24.08143
-1583,98,24.277565
-1962,81,24.437876
-5248,100,25.84608
-726,33,25.911443
-870,78,26.065301
-438,42,26.147687
-2628,54,26.253536
-2171,92,27.671992
-913,22,27.715933
-323,26,27.768217
-2241,63,27.89187
-327,30,27.951361
-733,40,29.240147
-127,28,29.296168
-1044,54,29.403426
-2025,45,29.500896
-4056,96,29.693492
-327,30,30.929677
-934,43,31.016699
-524,29,31.076261
-1028,38,31.152711
-327,30,31.213112
-1633,49,31.312102
-3227,59,31.437955
-30,30,32.701909
-3035,65,32.830716
-3627,63,32.957475
-1133,44,33.049926
-432,36,33.121976
-2937,66,34.449177
-3954,93,34.634391
-3028,58,34.749448
-440,44,34.836189
-124,25,36.104963
-938,47,36.199746
-363,66,36.331466
-550,55,36.440257
-335,38,36.515888
-3253,85,37.88359
-629,35,37.952855
-121,22,37.995946
-629,35,38.067221
-119,20,38.10807
-727,34,38.176494
-232,34,38.243434
-122,23,38.290166
-729,36,39.575527
-532,37,39.648488
-1731,48,39.741019
-1623,39,39.818404
-1729,46,39.907124
-2943,72,41.257684
-438,42,41.339478
-2419,43,41.429105
-631,37,41.504503
-117,18,41.540592
-427,31,41.607815
-1441,55,41.716205
-1922,41,43.000264
-219,21,43.042358
-1021,31,43.105551
-1740,57,43.218774
-919,28,43.275997
-3227,59,43.394326
-2731,58,44.735143
-1023,33,44.799974
-717,24,44.851768
-230,32,44.916615
-2624,50,45.016259
-522,27,45.071018
-219,21,45.112654
-913,22,45.156432
-116,17,45.191062
-2721,48,46.488954
-2623,49,46.592954
-627,33,46.659574
-1725,42,46.744818
-732,39,46.823488
-1122,33,46.897305
-822,30,48.185828
-1231,43,48.277884
-20,20,48.324969
-715,22,48.368335
-8959,148,48.662351
-934,43,49.973372
-2745,72,50.120679
-920,29,50.177931
-635,41,50.260286
-2213,35,50.331305
-718,25,50.382409
-321,24,50.432285
-3618,54,51.757387
-14,14,51.785833
-2226,48,51.88134
-323,26,51.933469
-329,32,51.997184
-942,51,52.100067
-517,22,52.143669
-523,28,53.394142
-429,33,53.460528
-723,30,53.520013
-329,32,53.585399
-1737,54,53.693555
-415,19,53.731407
-1530,45,53.825883
-1043,53,55.045408
-320,23,55.090187
-34,34,55.157265
-1441,55,55.270768
-219,21,55.311102
-1321,34,55.382306
-417,21,55.421896
-1623,39,55.497489
-216,18,56.747579
-1327,40,56.827764
-2943,72,56.974031
-3622,58,57.088162
-121,22,57.131203
-313,16,57.162895
-915,24,57.210135
-214,16,58.453409
-1327,40,58.53529
-836,44,58.624683
-3221,53,58.729924
-635,41,58.812536
-420,24,58.861855
-3033,63,60.192467
-929,38,60.265781
-218,20,60.311731
-1123,34,60.378513
-1232,44,60.466379
-217,19,60.502946
-617,23,60.547723
-22,22,60.589668
-316,19,60.6264
-925,34,61.89283
-326,29,61.949116
-115,16,61.979922
-326,29,62.037042
-114,15,62.066456
-1213,25,62.116765
-922,31,62.177248
-2326,49,62.273323
-119,20,62.312627
-817,25,62.360995
-824,32,63.633904
-829,37,63.711551
-113,14,63.739552
-413,17,63.773865
-1327,40,63.853693
-14,14,63.881612
-115,16,63.91342
-213,15,63.943844
-23,23,63.989752
-215,17,64.024006
-14,14,64.052914
-116,17,64.086338
-3224,56,65.316768
-50,50,65.415742
-1030,40,65.496042
-3355,88,65.669835
-15,15,65.699393
-417,21,66.957852
-369,72,67.098174
-261,162,67.411611
-217,19,68.668627
-713,20,68.707679
-513,18,68.742475
-335,335,70.617622
-19,19,70.65458
-1326,39,70.734426
-1371,678,75.515869
-1017,27,75.570429
-2217,39,75.647009
-314,17,75.680982
-419,23,75.727048
-350,53,75.83085
-1213,25,77.058008
-414,18,77.09393
-3242,173,77.434044
-519,24,77.482251
-425,29,78.690702
-1014,24,78.746875
-213,15,78.776946
-313,16,78.80983
-15,15,78.839384
-1227,39,78.917874
-1239,51,79.025317
-418,22,79.070735
-1119,30,79.127883
-905,113,80.507476
-613,19,80.545735
-315,18,80.580986
-14,14,80.608712
-1430,44,80.693921
-67,67,80.827175
-116,17,81.970507
-1314,27,82.029313
-127,28,82.09004
-4217,59,82.204959
-2318,41,82.284983
-113,14,82.312699
-1420,34,82.379169
-7062,132,83.856247
-2755,82,84.016322
-1447,61,84.133634
-1213,25,84.183975
-532,136,85.655719
-1120,31,85.71816
-925,34,85.787745
-2726,53,85.893571
-1314,27,87.124872
-615,21,87.166332
-4428,72,87.308557
-1336,49,87.404744
-718,25,87.454299
-1024,34,87.520514
-317,20,87.561633
-15,15,87.590691
-6732,99,89.002547
-713,20,89.042613
-3041,71,89.182816
-614,20,89.223461
-519,24,89.270177
-216,18,89.30674
-517,22,90.575801
-136,37,90.649276
-122,23,90.696664
-1113,24,90.749475
-422,26,90.798868
-2816,44,90.882694
-1326,39,90.955946
-1943,62,92.305425
-116,17,92.339113
-2447,71,92.47962
-115,16,92.515434
-1732,49,92.613059
-816,24,92.658423
-1017,27,92.710155
-113,14,92.736724
-1413,27,94.016974
-225,27,94.07376
-2636,62,94.202325
-620,26,94.254673
-319,22,94.298217
-123,24,94.344532
-618,24,94.391514
-921,30,94.455925
-813,21,94.496975
-714,21,95.663577
-824,32,95.737054
-314,17,95.77336
-330,33,95.844749
-724,31,95.90439
-816,24,95.950567
-523,28,96.004275
-414,18,96.040165
-322,25,96.090532
-416,20,96.134676
-819,27,97.394562
-615,21,97.439107
-1623,39,97.516575
-17,17,97.551139
-414,18,97.58725
-119,20,97.626839
-923,32,97.690499
-213,15,97.720211
-119,20,97.759808
-14,14,97.787122
-922,31,97.849026
-525,30,99.10413
-215,17,99.140487
-325,28,99.196118
-517,22,99.239474
-320,23,99.28355
-149,50,99.380497
-15,15,99.409692
-214,16,99.440536
-313,16,99.471208
-32,32,99.533072
-321,24,99.581713
-218,20,100.809099
-21,21,100.851825
-224,26,100.903638
-222,24,100.950711
-438,42,101.033892
-415,19,101.071436
-21,21,101.113529
-647,53,101.217422
-15,15,101.248245
-220,22,101.291735
-117,18,102.517481
-118,19,102.555672
-415,19,102.59353
-13,13,102.61925
-115,16,102.651209
-15,15,102.679997
-633,39,102.756563
-15,15,102.785929
-14,14,102.81356
-15,15,102.843208
-13,13,102.869361
-315,18,102.904332
-417,21,102.945401
-1220,32,104.209721
-116,17,104.245367
-618,24,104.294393
-116,17,104.328839
-519,24,104.376303
-216,18,104.412122
-320,23,104.45844
-315,18,104.494303
-426,30,104.554842
-219,21,104.597195
-225,27,104.649935
-127,28,104.703876
-19,19,105.946145
-616,22,105.98996
-114,15,106.019454
-18,18,106.056285
-214,16,106.087546
-315,18,106.122705
-414,18,106.157501
-15,15,106.186533
-613,19,106.222852
-14,14,106.251106
-617,23,106.29766
-13,13,106.323663
-214,16,106.35562
-525,30,106.415896
-17,17,107.67965
-13,13,107.706216
-816,24,107.754086
-14,14,107.781793
-316,19,107.819762
-13,13,107.845861
-114,15,107.875776
-13,13,107.902038
-216,18,107.937525
-313,16,107.969852
-113,14,107.997623
-224,26,108.050424
-314,17,108.084311
-217,19,108.122054
-13,13,108.148029
-13,13,109.378768
-13,13,109.405921
-17,17,109.440758
-118,19,109.479136
-120,21,109.521493
-219,21,109.565037
-15,15,109.595253
-13,13,109.621919
-14,14,109.650317
-226,28,109.70708
-13,13,109.733986
-21,21,109.776098
-15,15,109.806231
-430,34,109.876218
-14,14,111.028483
-16,16,111.062472
-213,15,111.093658
-14,14,111.121701
-113,14,111.150254
-220,22,111.19521
-113,14,111.223544
-13,13,111.249771
-13,13,111.276119
-13,13,111.302893
-13,13,111.329027
-13,13,111.355334
-623,29,111.41435
-126,27,111.468811
-327,30,111.52766
-13,13,112.774515
-13,13,112.800662
-115,16,112.832488
-14,14,112.860749
-114,15,112.890093
-113,14,112.91801
-18,18,112.953572
-13,13,112.979464
-213,15,113.009481
-15,15,113.039644
-513,18,113.076241
-124,25,113.125801
-15,15,113.155619
-213,15,113.185644
-13,13,113.212106
-113,14,113.240327
-13,13,114.505287
-13,13,114.533299
-13,13,114.560277
-116,17,114.594357
-13,13,114.619966
-114,15,114.650403
-13,13,114.676347
-13,13,114.701794
-15,15,114.731383
-13,13,114.7574
-120,21,114.799287
-113,14,114.827645
-15,15,114.857655
-519,24,114.905231
-115,16,114.936729
-13,13,114.962354
-115,16,114.994096
-113,14,116.258184
-213,15,116.289786
-121,22,116.33393
-13,13,116.360402
-13,13,116.38684
-13,13,116.41321
-13,13,116.439951
-117,18,116.476954
-13,13,116.503454
-13,13,116.529941
-14,14,116.558165
-120,21,116.600502
-115,16,116.633906
-13,13,116.660205
-13,13,116.686868
-119,20,116.727048
-121,22,117.986055
-15,15,118.022992
-13,13,118.049702
-13,13,118.076787
-15,15,118.10753
-13,13,118.134176
-14,14,118.162899
-13,13,118.189303
-115,16,118.221814
-419,23,118.269316
-113,14,118.298041
-117,18,118.334581
-14,14,118.363453
-13,13,118.390294
-13,13,118.416953
-13,13,118.443305
-13,13,118.469851
-13,13,118.49619
-13,13,119.73853
-214,16,119.77243
-13,13,119.799161
-13,13,119.825389
-13,13,119.851735
-113,14,119.880363
-13,13,119.906431
-13,13,119.932221
-13,13,119.957661
-14,14,119.985761
-13,13,120.011812
-113,14,120.041608
-13,13,120.067208
-13,13,120.092592
-18,18,120.127802
-13,13,120.153922
-113,14,120.180971
-13,13,120.206887
-13,13,120.232487
-113,14,121.460794
-16,16,121.493915
-19,19,121.532322
-13,13,121.55922
-113,14,121.58806
-13,13,121.61445
-14,14,121.642951
-13,13,121.669488
-13,13,121.696013
-13,13,121.722631
-13,13,121.749312
-13,13,121.775902
-13,13,121.802162
-13,13,121.828339
-13,13,121.855726
-113,14,121.884145
-13,13,121.910688
-14,14,121.939314
-13,13,121.96573
-13,13,123.239938
-13,13,123.268574
-13,13,123.296169
-13,13,123.323447
-13,13,123.350787
-113,14,123.380065
-13,13,123.407078
-14,14,123.436342
-115,16,123.469487
-13,13,123.502451
-13,13,123.529057
-217,19,123.572829
-119,20,123.61404
-13,13,123.642296
-13,13,123.673539
-13,13,123.700162
-15,15,123.731435
-13,13,123.758127
-13,13,125.015783
-13,13,125.043984
-13,13,125.070609
-13,13,125.096794
-13,13,125.122854
-13,13,125.149182
-14,14,125.177618
-13,13,125.208471
-13,13,125.236172
-13,13,125.263986
-13,13,125.296597
-13,13,125.32513
-13,13,125.352409
-13,13,125.379207
-13,13,125.406179
-15,15,125.437694
-115,16,125.471039
-13,13,125.497757
-13,13,125.525042
-13,13,126.794917
-13,13,126.822944
-13,13,126.850065
-13,13,126.876591
-13,13,126.903069
-13,13,126.929536
-13,13,126.956036
-13,13,126.985609
-13,13,127.011684
-14,14,127.05394
-13,13,127.082803
-13,13,127.114204
-113,14,127.143244
-13,13,127.170072
-13,13,127.196781
-14,14,127.225478
-13,13,127.253078
-13,13,127.279938
-13,13,127.306925
-13,13,128.597129
-13,13,128.627258
-13,13,128.654467
-13,13,128.680944
-13,13,128.707413
-13,13,128.733915
-13,13,128.760443
-13,13,128.786983
-13,13,128.813617
-13,13,128.839884
-13,13,128.869248
-13,13,128.898861
-13,13,128.925875
-13,13,128.952634
-116,17,128.987282
-113,14,129.015863
-13,13,129.043457
-13,13,129.070729
-13,13,129.097525
-13,13,129.124093
-13,13,130.390457
-13,13,130.417942
-13,13,130.445165
-223,25,130.497085
-13,13,130.524329
-13,13,130.55207
-13,13,130.578938
-13,13,130.605633
-13,13,130.632165
-13,13,130.658799
-13,13,130.685628
-13,13,130.712273
-13,13,130.739294
-13,13,130.766444
-13,13,130.793715
-13,13,130.820945
-13,13,130.849054
-13,13,130.884622
-13,13,130.915718
-13,13,132.189115
-13,13,132.215752
-13,13,132.242201
-13,13,132.267799
-13,13,132.294088
-13,13,132.322213
-13,13,132.352102
-13,13,132.378778
-13,13,132.405244
-13,13,132.432364
-13,13,132.461097
-13,13,132.492605
-13,13,132.523412
-13,13,132.551042
-13,13,132.577654
-13,13,132.60454
-14,14,132.632902
-13,13,132.659819
-13,13,132.690316
-13,13,133.949883
-13,13,133.977429
-13,13,134.003478
-13,13,134.0298
-13,13,134.057572
-13,13,134.083466
-13,13,134.108853
-13,13,134.133848
-13,13,134.159069
-13,13,134.184168
-13,13,134.209484
-13,13,134.240342
-13,13,134.265554
-13,13,134.290903
-15,15,134.320233
-13,13,134.345964
-13,13,134.371511
-13,13,134.398059
-13,13,134.424277
-13,13,134.45107
-13,13,135.711897
-13,13,135.738273
-13,13,135.763953
-13,13,135.789619
-13,13,135.815606
-13,13,135.841418
-13,13,135.867046
-15,15,135.896125
-13,13,135.921239
-13,13,135.946332
-13,13,135.971522
-113,14,135.998739
-13,13,136.024512
-13,13,136.051566
-13,13,136.077988
-15,15,136.107941
-13,13,136.134114
-13,13,136.160053
-13,13,136.185404
-13,13,137.435222
-13,13,137.463489
-13,13,137.490699
-113,14,137.519697
-13,13,137.547642
-13,13,137.575191
-13,13,137.602579
-13,13,137.629865
-13,13,137.657361
-13,13,137.687461
-13,13,137.713109
-13,13,137.739308
-13,13,137.76577
-13,13,137.792027
-13,13,137.818184
-13,13,137.844551
-113,14,137.873039
-13,13,137.899611
-13,13,137.925835
-13,13,137.952409
-114,15,139.205894
-15,15,139.235897
-13,13,139.267182
-13,13,139.293473
-13,13,139.320231
-13,13,139.378659
-13,13,139.404543
-13,13,139.435209
-13,13,139.462126
-13,13,139.489224
-13,13,139.519327
-13,13,139.546073
-13,13,139.572895
-13,13,139.599589
-13,13,139.625827
-13,13,139.651876
-13,13,139.677817
-16,16,139.710044
-13,13,139.736424
-13,13,140.999488
-13,13,141.025828
-13,13,141.051896
-13,13,141.078707
-13,13,141.109489
-13,13,141.140888
-13,13,141.166619
-13,13,141.192767
-13,13,141.219495
-13,13,141.24629
-13,13,141.273304
-13,13,141.300296
-13,13,141.326064
-13,13,141.351283
-13,13,141.376393
-13,13,141.402252
-116,17,141.436213
-13,13,141.462222
-13,13,141.488219
-13,13,142.744189
-13,13,142.770688
-13,13,142.795832
-13,13,142.820942
-13,13,142.846892
-13,13,142.872199
-13,13,142.897497
-13,13,142.922706
-13,13,142.948003
-13,13,142.973352
-13,13,142.998615
-13,13,143.023869
-13,13,143.051041
-13,13,143.078557
-13,13,143.105832
-13,13,143.132707
-13,13,143.159713
-13,13,143.18676
-13,13,143.213789
-13,13,143.240161
-13,13,144.469643
-113,14,144.498838
-13,13,144.525945
-13,13,144.552318
-13,13,144.577939
-13,13,144.603251
-13,13,144.628338
-13,13,144.655133
-13,13,144.680819
-13,13,144.706388
-13,13,144.731533
-13,13,144.763019
-13,13,144.788307
-13,13,144.813969
-13,13,144.839966
-13,13,144.865969
-13,13,144.891845
-13,13,144.917254
-13,13,144.94239
-13,13,146.180595
-13,13,146.212848
-13,13,146.238857
-13,13,146.264408
-13,13,146.290281
-13,13,146.316824
-13,13,146.342978
-13,13,146.368744
-13,13,146.394726
-13,13,146.420449
-13,13,146.447296
-13,13,146.47367
-13,13,146.500018
-13,13,146.526444
-13,13,146.554825
-13,13,146.581557
-13,13,146.60824
-13,13,146.634373
-13,13,146.660445
-13,13,146.686624
-13,13,147.846299
-13,13,147.873352
-13,13,147.898839
-13,13,147.924253
-13,13,147.952593
-13,13,147.979873
-13,13,148.005366
-13,13,148.040876
-13,13,148.067338
-13,13,148.093112
-13,13,148.118919
-13,13,148.144428
-13,13,148.169868
-13,13,148.195022
-13,13,148.220396
-13,13,148.246987
-13,13,148.272717
-13,13,148.30269
-13,13,148.329214
-13,13,148.355168
-14,14,149.503949
-13,13,149.530334
-13,13,149.557026
-13,13,149.583784
-13,13,149.609608
-15,15,149.639191
-13,13,149.664892
-14,14,149.692716
-13,13,149.71845
-15,15,149.747925
-15,15,149.784914
-13,13,149.810068
-13,13,149.83577
-13,13,149.861257
-14,14,149.888888
-13,13,149.914929
-16,16,149.946319
-13,13,149.972025
-13,13,149.997403
-13,13,151.171472
-13,13,151.198531
-13,13,151.223879
-14,14,151.25325
-13,13,151.279634
-13,13,151.305983
-13,13,151.331259
-13,13,151.356501
-15,15,151.385454
-13,13,151.41056
-13,13,151.435759
-13,13,151.461016
-13,13,151.486856
-13,13,151.513865
-13,13,151.539869
-13,13,151.565565
-13,13,151.591254
-13,13,151.617084
-13,13,151.642367
-13,13,152.905784
-13,13,152.934456
-13,13,152.965084
-13,13,152.994459
-13,13,153.019523
-13,13,153.046649
-13,13,153.077481
-15,15,153.106526
-13,13,153.131685
-13,13,153.156931
-13,13,153.1821
-13,13,153.207565
-13,13,153.233375
-13,13,153.258493
-13,13,153.283756
-14,14,153.31057
-13,13,153.335652
-13,13,153.361068
-13,13,153.386232
-13,13,154.639272
-13,13,154.669574
-13,13,154.697532
-13,13,154.727591
-13,13,154.754317
-13,13,154.781389
-13,13,154.808349
-14,14,154.841045
-13,13,154.868071
-13,13,154.893263
-14,14,154.920228
-13,13,154.945332
-13,13,154.9705
-13,13,154.995901
-13,13,155.021067
-13,13,155.046893
-13,13,155.073174
-13,13,155.099366
-13,13,155.125097
-13,13,155.150603
-13,13,156.294693
-13,13,156.321712
-13,13,156.347786
-13,13,156.373714
-13,13,156.399413
-13,13,156.425387
-13,13,156.451414
-13,13,156.477299
-13,13,156.503143
-13,13,156.52863
-13,13,156.555175
-13,13,156.58128
-13,13,156.60692
-13,13,156.633312
-13,13,156.660057
-13,13,156.68653
-13,13,156.712965
-13,13,156.739603
-13,13,156.766035
-13,13,156.792351
-13,13,158.046515
-13,13,158.07322
-13,13,158.099149
-13,13,158.124738
-13,13,158.150276
-13,13,158.176163
-13,13,158.20202
-13,13,158.227988
-13,13,158.253772
-13,13,158.279924
-13,13,158.306037
-13,13,158.332099
-13,13,158.358318
-13,13,158.384482
-13,13,158.418758
-13,13,158.445835
-13,13,158.473529
-13,13,158.500357
-13,13,158.527405
-13,13,159.770347
-13,13,159.800071
-13,13,159.827052
-13,13,159.85324
-13,13,159.879258
-13,13,159.905239
-13,13,159.931184
-13,13,159.956719
-13,13,159.982719
-13,13,160.008995
-13,13,160.035489
-13,13,160.061807
-13,13,160.087968
-13,13,160.114207
-13,13,160.140327
-14,14,160.168541
-13,13,160.194492
-13,13,160.220544
-13,13,160.247573
-13,13,160.274179
-13,13,161.537275
-13,13,161.563896
-13,13,161.590078
-13,13,161.615931
-13,13,161.641892
-13,13,161.66784
-13,13,161.693965
-13,13,161.719809
-13,13,161.745808
-13,13,161.771743
-13,13,161.79772
-13,13,161.823377
-13,13,161.84893
-13,13,161.874746
-13,13,161.900872
-13,13,161.92645
-13,13,161.952385
-13,13,161.978194
-13,13,162.004118
-13,13,162.030088
-13,13,163.345121
-13,13,163.372108
-13,13,163.398241
-13,13,163.424495
-13,13,163.450485
-13,13,163.476394
-13,13,163.502678
-13,13,163.529307
-13,13,163.556948
-13,13,163.583287
-13,13,163.613392
-14,14,163.642078
-13,13,163.668554
-13,13,163.695026
-13,13,163.721576
-13,13,163.747968
-13,13,163.777422
-13,13,163.807942
-13,13,163.834332
-13,13,165.102145
-13,13,165.134267
-13,13,165.165873
-13,13,165.192248
-13,13,165.218607
-13,13,165.245359
-13,13,165.272177
-13,13,165.298707
-13,13,165.325643
-13,13,165.352368
-13,13,165.379102
-13,13,165.405769
-14,14,165.435048
-13,13,165.461791
-13,13,165.488521
-13,13,165.515464
-13,13,165.543463
-13,13,165.57055
-13,13,165.597539
-13,13,165.629431
-13,13,166.896196
-13,13,166.924882
-13,13,166.951901
-13,13,166.984275
-13,13,167.010719
-13,13,167.046338
-13,13,167.074086
-13,13,167.106498
-13,13,167.132954
-13,13,167.159062
-13,13,167.186879
-13,13,167.212553
-13,13,167.238256
-13,13,167.264311
-13,13,167.290281
-13,13,167.316111
-13,13,167.346557
-13,13,167.372495
-13,13,167.398744
-13,13,167.425122
-13,13,168.717114
-13,13,168.744158
-13,13,168.769269
-13,13,168.794424
-13,13,168.82015
-13,13,168.845444
-13,13,168.870614
-13,13,168.895714
-13,13,168.921908
-13,13,168.947213
-13,13,168.972461
-13,13,168.998041
-13,13,169.023517
-13,13,169.051499
-13,13,169.078
-13,13,169.103419
-13,13,169.129725
-13,13,169.156028
-13,13,169.182343
-13,13,170.44305
-13,13,170.471488
-13,13,170.498311
-13,13,170.524835
-13,13,170.552695
-13,13,170.5793
-13,13,170.606011
-13,13,170.632614
-13,13,170.659194
-13,13,170.685678
-13,13,170.71343
-13,13,170.744508
-13,13,170.769732
-13,13,170.794828
-13,13,170.820092
-13,13,170.845412
-13,13,170.870762
-13,13,170.896155
-13,13,170.927297
-13,13,170.952592
-121,22,172.214384
-13,13,172.24025
-13,13,172.266541
-13,13,172.291974
-13,13,172.317613
-13,13,172.343565
-13,13,172.369471
-13,13,172.395311
-13,13,172.421201
-13,13,172.446981
-13,13,172.472317
-13,13,172.505986
-13,13,172.53274
-123,24,172.580503
-13,13,172.606577
-13,13,172.632375
-13,13,172.658442
-13,13,172.684383
-13,13,173.941921
-13,13,173.969262
-13,13,173.995594
-13,13,174.02203
-13,13,174.049966
-13,13,174.077061
-13,13,174.103493
-13,13,174.129819
-13,13,174.156133
-13,13,174.182597
-13,13,174.208979
-13,13,174.235451
-13,13,174.261662
-113,14,174.289871
-13,13,174.315769
-13,13,174.342289
-13,13,174.368338
-13,13,174.394259
-13,13,174.419316
-13,13,174.444936
-13,13,175.686601
-13,13,175.713161
-13,13,175.739305
-13,13,175.770483
-13,13,175.795688
-13,13,175.820994
-13,13,175.847795
-13,13,175.873955
-13,13,175.899206
-13,13,175.92458
-13,13,175.949863
-13,13,175.975134
-13,13,176.000425
-13,13,176.026021
-13,13,176.05409
-13,13,176.080878
-13,13,176.112642
-13,13,176.138513
-13,13,176.16417
-13,13,177.427348
-13,13,177.462621
-13,13,177.490103
-13,13,177.516817
-13,13,177.544408
-13,13,177.571923
-13,13,177.598811
-13,13,177.625229
-13,13,177.652798
-13,13,177.6787
-13,13,177.704445
-13,13,177.734187
-13,13,177.759835
-13,13,177.78551
-13,13,177.811106
-13,13,177.837383
-13,13,177.86401
-13,13,177.8897
-13,13,177.914967
-13,13,177.940454
-13,13,179.174485
-13,13,179.211015
-13,13,179.236483
-13,13,179.261766
-13,13,179.287183
-13,13,179.313468
-13,13,179.339866
-13,13,179.366004
-13,13,179.393735
-13,13,179.423944
-13,13,179.451118
-13,13,179.476874
-13,13,179.507327
-13,13,179.534461
-13,13,179.560456
-13,13,179.58736
-13,13,179.615139
-13,13,179.64033
-13,13,179.665378
-13,13,179.690588
-13,13,180.965633
-13,13,180.992369
-13,13,181.018457
-13,13,181.045669
-13,13,181.07134
-13,13,181.096929
-13,13,181.123062
-13,13,181.148558
-13,13,181.17908
-13,13,181.204228
-13,13,181.229469
-13,13,181.256051
-13,13,181.285329
-13,13,181.310633
-13,13,181.335981
-13,13,181.361405
-13,13,181.386882
-13,13,181.412453
-13,13,181.437918
-13,13,181.463187
-13,13,182.691466
-13,13,182.717541
-13,13,182.743513
-13,13,182.773468
-13,13,182.798655
-13,13,182.823746
-13,13,182.851648
-13,13,182.879576
-13,13,182.905602
-13,13,182.937739
-13,13,182.963998
-13,13,182.989841
-13,13,183.019537
-13,13,183.047135
-13,13,183.074289
-13,13,183.101853
-13,13,183.132401
-13,13,183.157667
-13,13,183.182942
-13,13,184.413473
-13,13,184.441792
-14,14,184.473377
-13,13,184.499451
-13,13,184.52562
-13,13,184.552458
-13,13,184.578105
-13,13,184.603972
-13,13,184.629918
-13,13,184.656018
-13,13,184.682
-13,13,184.710068
-13,13,184.740139
-13,13,184.766268
-13,13,184.791952
-13,13,184.818019
-13,13,184.844643
-13,13,184.870642
-13,13,184.896401
-13,13,184.922406
-13,13,186.159684
-13,13,186.186945
-113,14,186.215677
-13,13,186.242011
-113,14,186.270593
-313,16,186.303041
-13,13,186.3296
-13,13,186.356428
-13,13,186.382976
-13,13,186.409484
-113,14,186.437903
-113,14,186.466317
-13,13,186.492268
-113,14,186.520379
-13,13,186.5481
-313,16,186.580644
-13,13,186.612023
-13,13,186.63897
-13,13,186.670724
-13,13,187.831141
-13,13,187.858806
-13,13,187.885071
-13,13,187.911316
-13,13,187.937548
-13,13,187.963595
-13,13,187.98971
-13,13,188.015877
-13,13,188.042467
-13,13,188.068938
-13,13,188.095146
-13,13,188.121226
-13,13,188.147606
-13,13,188.173917
-513,18,188.210674
-13,13,188.237153
-13,13,188.263506
-13,13,188.289896
-13,13,188.316082
-13,13,189.542068
-13,13,189.570614
-13,13,189.596612
-13,13,189.624611
-13,13,189.651676
-13,13,189.677928
-13,13,189.703857
-13,13,189.729897
-13,13,189.756031
-13,13,189.781809
-13,13,189.807893
-13,13,189.834276
-13,13,189.860696
-13,13,189.886932
-13,13,189.913192
-13,13,189.939464
-13,13,189.965908
-13,13,189.991889
-13,13,190.021801
-13,13,190.048119
-13,13,191.18978
-13,13,191.217235
-13,13,191.243705
-13,13,191.270252
-13,13,191.296513
-13,13,191.322737
-13,13,191.348683
-13,13,191.375057
-13,13,191.401537
-13,13,191.427857
-13,13,191.454823
-13,13,191.481328
-13,13,191.511158
-13,13,191.537273
-13,13,191.564439
-13,13,191.58987
-13,13,191.615091
-13,13,191.641441
-13,13,191.668443
-13,13,192.942963
-13,13,192.972363
-13,13,192.999099
-13,13,193.024723
-13,13,193.051662
-13,13,193.078131
-13,13,193.104325
-13,13,193.130639
-13,13,193.156727
-13,13,193.183075
-13,13,193.208997
-13,13,193.23504
-13,13,193.261865
-13,13,193.291585
-13,13,193.316833
-13,13,193.342167
-13,13,193.367474
-13,13,193.397875
-13,13,193.423462
-13,13,193.449373
-13,13,194.680649
-13,13,194.707003
-13,13,194.733178
-13,13,194.759532
-13,13,194.785857
-13,13,194.811913
-13,13,194.838004
-13,13,194.864019
-13,13,194.893635
-13,13,194.919397
-13,13,194.945142
-13,13,194.976684
-13,13,195.002611
-13,13,195.028433
-13,13,195.056055
-13,13,195.083504
-13,13,195.110073
-13,13,195.140011
-13,13,195.170225
-13,13,195.196251
-13,13,196.458763
-13,13,196.486146
-13,13,196.51223
-13,13,196.538589
-13,13,196.565784
-13,13,196.592308
-13,13,196.618608
-13,13,196.644703
-13,13,196.671054
-13,13,196.697045
-13,13,196.723456
-13,13,196.750162
-13,13,196.776389
-13,13,196.806369
-13,13,196.833839
-13,13,196.86195
-13,13,196.888008
-13,13,196.914322
-13,13,196.940497
-13,13,198.238084
-13,13,198.2693
-13,13,198.295271
-113,14,198.322801
-13,13,198.348299
-13,13,198.373964
-13,13,198.399433
-13,13,198.425082
-13,13,198.45098
-13,13,198.477267
-13,13,198.503486
-13,13,198.529573
-13,13,198.560145
-13,13,198.586574
-13,13,198.613038
-13,13,198.640243
-13,13,198.667854
-13,13,198.694898
-13,13,198.721771
-13,13,198.748785
-13,13,199.994024
-13,13,200.022927
-13,13,200.049732
-13,13,200.076532
-113,14,200.109872
-13,13,200.136646
-113,14,200.16565
-13,13,200.192064
-113,14,200.220705
-13,13,200.247339
-13,13,200.273964
-13,13,200.300618
-113,14,200.329007
-13,13,200.354917
-13,13,200.380359
-13,13,200.40577
-13,13,200.431581
-113,14,200.460576
-13,13,200.487379
-13,13,201.625285
-13,13,201.655472
-13,13,201.682247
-13,13,201.707949
-13,13,201.734116
-13,13,201.760091
-13,13,201.786304
-13,13,201.812643
-13,13,201.838634
-13,13,201.864358
-13,13,201.890267
-13,13,201.916549
-113,14,201.944835
-113,14,201.97295
-113,14,202.000579
-113,14,202.028663
-13,13,202.055986
-13,13,202.082435
-113,14,202.110807
-13,13,202.137542
-13,13,203.370332
-13,13,203.396462
-13,13,203.422112
-13,13,203.448607
-13,13,203.47469
-13,13,203.500463
-13,13,203.526152
-113,14,203.555243
-13,13,203.581891
-13,13,203.607958
-13,13,203.640552
-13,13,203.666651
-13,13,203.692581
-13,13,203.718482
-13,13,203.744556
-13,13,203.77053
-13,13,203.796698
-13,13,203.822578
-13,13,203.848727
-13,13,205.111515
-13,13,205.141199
-13,13,205.168319
-13,13,205.19509
-13,13,205.221851
-13,13,205.249155
-13,13,205.27595
-13,13,205.302594
-13,13,205.329414
-13,13,205.356033
-13,13,205.382297
-13,13,205.409
-13,13,205.435855
-13,13,205.462422
-13,13,205.488761
-13,13,205.515183
-13,13,205.542572
-13,13,205.569505
-13,13,205.596114
-13,13,205.621979
-13,13,206.814861
-13,13,206.842002
-13,13,206.868863
-13,13,206.895705
-13,13,206.922528
-13,13,206.949429
-13,13,206.976502
-13,13,207.002686
-13,13,207.028515
-13,13,207.055194
-13,13,207.084998
-13,13,207.111084
-13,13,207.136905
-13,13,207.162942
-13,13,207.188866
-13,13,207.214671
-13,13,207.240709
-13,13,207.266615
-13,13,207.29281
-13,13,207.318232
-13,13,208.572649
-13,13,208.598388
-13,13,208.62346
-13,13,208.648618
-13,13,208.673901
-13,13,208.699049
-13,13,208.724304
-13,13,208.749623
-13,13,208.775715
-13,13,208.806779
-13,13,208.832982
-13,13,208.859769
-13,13,208.886277
-13,13,208.91273
-13,13,208.938946
-13,13,208.965111
-13,13,208.991367
-13,13,209.017451
-13,13,209.043983
-13,13,210.281668
-13,13,210.311806
-13,13,210.343549
-13,13,210.369946
-13,13,210.396439
-13,13,210.422795
-13,13,210.448918
-13,13,210.474782
-13,13,210.500702
-13,13,210.527021
-13,13,210.553873
-13,13,210.580087
-13,13,210.605939
-13,13,210.631873
-13,13,210.658147
-13,13,210.684056
-13,13,210.710067
-13,13,210.736348
-13,13,210.762381
-13,13,210.788296
-13,13,212.035927
-13,13,212.063986
-13,13,212.089981
-13,13,212.115917
-13,13,212.141963
-13,13,212.167893
-13,13,212.194049
-13,13,212.220105
-13,13,212.246101
-13,13,212.272019
-13,13,212.298001
-13,13,212.329319
-13,13,212.355046
-13,13,212.381318
-13,13,212.407704
-13,13,212.434226
-13,13,212.460866
-13,13,212.4868
-13,13,212.512767
-13,13,212.53942
-13,13,213.755216
-13,13,213.782159
-13,13,213.808279
-13,13,213.834677
-13,13,213.861225
-13,13,213.887081
-13,13,213.912861
-13,13,213.938558
-13,13,213.964325
-13,13,213.990381
-13,13,214.016194
-13,13,214.04228
-13,13,214.068476
-13,13,214.094128
-13,13,214.120028
-13,13,214.145976
-13,13,214.172469
-13,13,214.198566
-13,13,214.224569
-13,13,215.47919
-13,13,215.507674
-13,13,215.533756
-13,13,215.560291
-13,13,215.586004
-113,14,215.613002
-213,15,215.641876
-13,13,215.66719
-13,13,215.692328
-13,13,215.717505
-13,13,215.742731
-113,14,215.769889
-213,15,215.799451
-13,13,215.824673
-113,14,215.851654
-13,13,215.876908
-13,13,215.902021
-13,13,215.927261
-13,13,215.952441
-13,13,215.977721
-13,13,217.228339
-13,13,217.254917
-13,13,217.281109
-13,13,217.30736
-113,14,217.33588
-13,13,217.362464
-13,13,217.388981
-113,14,217.417422
-13,13,217.443954
-13,13,217.470524
-13,13,217.496199
-13,13,217.52229
-13,13,217.549583
-13,13,217.57621
-113,14,217.604283
-13,13,217.630206
-13,13,217.656456
-13,13,217.682829
-13,13,217.709313
-13,13,218.94496
-13,13,218.973169
-13,13,218.999541
-13,13,219.025731
-115,16,219.059115
-13,13,219.091005
-13,13,219.117625
-13,13,219.144455
-13,13,219.171257
-13,13,219.198201
-13,13,219.225116
-13,13,219.252035
-13,13,219.278853
-13,13,219.305627
-13,13,219.33237
-13,13,219.358691
-13,13,219.385684
-13,13,219.418728
-13,13,219.444971
-13,13,219.471071
-13,13,220.72515
-13,13,220.751502
-13,13,220.777514
-13,13,220.80333
-13,13,220.828849
-13,13,220.855328
-13,13,220.88161
-13,13,220.907829
-13,13,220.934055
-13,13,220.959999
-13,13,220.986006
-13,13,221.012109
-13,13,221.042861
-13,13,221.069814
-13,13,221.096116
-13,13,221.122073
-13,13,221.148387
-13,13,221.175012
-13,13,221.201619
-13,13,222.466856
-13,13,222.494909
-13,13,222.521336
-13,13,222.549048
-13,13,222.575939
-13,13,222.607245
-13,13,222.633184
-13,13,222.661602
-13,13,222.68731
-13,13,222.717164
-13,13,222.742254
-13,13,222.767921
-13,13,222.793322
-13,13,222.818577
-13,13,222.844062
-13,13,222.869364
-13,13,222.894896
-13,13,222.920211
-13,13,222.945724
-13,13,222.971109
-13,13,224.194781
-13,13,224.22173
-13,13,224.248031
-13,13,224.274396
-13,13,224.300627
-13,13,224.328301
-13,13,224.353704
-13,13,224.379141
-13,13,224.404311
-13,13,224.429802
-13,13,224.456026
-13,13,224.48148
-13,13,224.506962
-13,13,224.532645
-13,13,224.559343
-13,13,224.589794
-13,13,224.615875
-13,13,224.641998
-13,13,224.668771
-13,13,224.694228
-13,13,225.952401
-13,13,225.978758
-13,13,226.004172
-13,13,226.030004
-13,13,226.05705
-13,13,226.087841
-13,13,226.114074
-13,13,226.140394
-13,13,226.166506
-13,13,226.192988
-13,13,226.219339
-13,13,226.246197
-13,13,226.272225
-13,13,226.298207
-13,13,226.324336
-13,13,226.35031
-13,13,226.376317
-13,13,226.402397
-13,13,226.427965
-13,13,227.708315
-13,13,227.73759
-13,13,227.763684
-13,13,227.789379
-13,13,227.820473
-13,13,227.845692
-13,13,227.870989
-13,13,227.896583
-13,13,227.922201
-13,13,227.952327
-13,13,227.977579
-13,13,228.004012
-13,13,228.0302
-13,13,228.057984
-13,13,228.085301
-13,13,228.111798
-13,13,228.138166
-13,13,228.164479
-13,13,228.191011
-13,13,228.217616
-13,13,229.474611
-13,13,229.501274
-13,13,229.527208
-13,13,229.55386
-13,13,229.579745
-13,13,229.605654
-13,13,229.631777
-13,13,229.657679
-13,13,229.683517
-13,13,229.709506
-13,13,229.735468
-13,13,229.761335
-13,13,229.786909
-13,13,229.812732
-13,13,229.838838
-13,13,229.865159
-13,13,229.891357
-13,13,229.917443
-13,13,229.943691
-13,13,229.969632
-13,13,231.22128
-13,13,231.247483
-13,13,231.274833
-13,13,231.303219
-13,13,231.328569
-13,13,231.353813
-13,13,231.379014
-13,13,231.404326
-13,13,231.429513
-13,13,231.454824
-13,13,231.480023
-13,13,231.505393
-13,13,231.530536
-13,13,231.562403
-13,13,231.588228
-13,13,231.614202
-13,13,231.643595
-13,13,231.669963
-13,13,231.695921
-13,13,232.849305
-13,13,232.877915
-13,13,232.904849
-13,13,232.931162
-13,13,232.957792
-13,13,232.98417
-13,13,233.010674
-13,13,233.037591
-13,13,233.064438
-13,13,233.091111
-13,13,233.118058
-13,13,233.144368
-13,13,233.170743
-13,13,233.197825
-13,13,233.224818
-13,13,233.251744
-13,13,233.277974
-13,13,233.304847
-13,13,233.331537
-13,13,233.358274
-13,13,234.569825
-13,13,234.598471
-13,13,234.625376
-13,13,234.652874
-13,13,234.679872
-13,13,234.70654
-13,13,234.733238
-13,13,234.760122
-13,13,234.786871
-13,13,234.813672
-13,13,234.840384
-13,13,234.867216
-13,13,234.894138
-13,13,234.921329
-13,13,234.948579
-13,13,234.975715
-13,13,235.002854
-13,13,235.030058
-13,13,235.058028
-13,13,235.085324
-13,13,236.356338
-13,13,236.384722
-13,13,236.415797
-13,13,236.441775
-13,13,236.468446
-13,13,236.493904
-13,13,236.519415
-13,13,236.546331
-13,13,236.572731
-13,13,236.598332
-13,13,236.62419
-13,13,236.649975
-13,13,236.67579
-13,13,236.701706
-13,13,236.727671
-13,13,236.753523
-13,13,236.779559
-13,13,236.805539
-13,13,236.831596
-13,13,238.085584
-13,13,238.117339
-13,13,238.143381
-13,13,238.169471
-13,13,238.195459
-13,13,238.221313
-13,13,238.248081
-13,13,238.274254
-13,13,238.299745
-13,13,238.325078
-13,13,238.350723
-13,13,238.376626
-13,13,238.402163
-13,13,238.427953
-13,13,238.453728
-13,13,238.479839
-13,13,238.50569
-13,13,238.531559
-13,13,238.558218
-13,13,238.584235
-13,13,239.818142
-13,13,239.84505
-13,13,239.871409
-13,13,239.903806
-13,13,239.929655
-13,13,239.955807
-13,13,239.981875
-13,13,240.007851
-13,13,240.033773
-13,13,240.060551
-13,13,240.087071
-13,13,240.112645
-13,13,240.138434
-13,13,240.16449
-13,13,240.190223
-13,13,240.21614
-13,13,240.242268
-13,13,240.268378
-13,13,240.294648
-13,13,240.320121
-13,13,241.57171
-13,13,241.598567
-13,13,241.623749
-13,13,241.649092
-13,13,241.674194
-13,13,241.699342
-13,13,241.724463
-13,13,241.750258
-13,13,241.775982
-13,13,241.802102
-13,13,241.827718
-13,13,241.854004
-13,13,241.879809
-13,13,241.90597
-13,13,241.932143
-13,13,241.957979
-13,13,241.983914
-13,13,242.014217
-13,13,242.040732
-13,13,242.067417
-13,13,243.314761
-13,13,243.346269
-13,13,243.372408
-13,13,243.397656
-13,13,243.423214
-13,13,243.448654
-13,13,243.474944
-13,13,243.500868
-13,13,243.52705
-13,13,243.554232
-13,13,243.580741
-13,13,243.607322
-13,13,243.633919
-13,13,243.659897
-13,13,243.685123
-13,13,243.710336
-13,13,243.735559
-13,13,243.761146
-13,13,243.786257
-13,13,245.01631
-13,13,245.04539
-13,13,245.073181
-13,13,245.100323
-13,13,245.126986
-13,13,245.153696
-13,13,245.180053
-13,13,245.206761
-13,13,245.233479
-13,13,245.260314
-13,13,245.287143
-13,13,245.31394
-13,13,245.34081
-13,13,245.367621
-13,13,245.394418
-13,13,245.421188
-13,13,245.448777
-13,13,245.475588
-13,13,245.500748
-113,14,245.528064
-13,13,246.794898
-13,13,246.821124
-13,13,246.846717
-13,13,246.871907
-13,13,246.902102
-13,13,246.927848
-13,13,246.95388
-13,13,246.979991
-13,13,247.006083
-13,13,247.032037
-13,13,247.058773
-13,13,247.086195
-13,13,247.111491
-13,13,247.148301
-13,13,247.173684
-13,13,247.199118
-13,13,247.224191
-13,13,247.250489
-13,13,247.276035
-13,13,247.301394
-13,13,248.528039
-13,13,248.555249
-13,13,248.583025
-13,13,248.608915
-13,13,248.634751
-13,13,248.660302
-13,13,248.685592
-13,13,248.711118
-13,13,248.736646
-13,13,248.762721
-13,13,248.788266
-13,13,248.813998
-13,13,248.839816
-13,13,248.865843
-13,13,248.891911
-13,13,248.917708
-113,14,248.945938
-13,13,248.971806
-13,13,248.997982
-13,13,250.212607
-13,13,250.239376
-13,13,250.270148
-13,13,250.29642
-13,13,250.322217
-13,13,250.348164
-13,13,250.374318
-13,13,250.400192
-13,13,250.425984
-13,13,250.452206
-13,13,250.478142
-13,13,250.504388
-13,13,250.530338
-13,13,250.55691
-13,13,250.582839
-13,13,250.608776
-13,13,250.634946
-13,13,250.661212
-13,13,250.687906
-13,13,250.714097
-13,13,251.942244
-13,13,251.969863
-13,13,251.99601
-13,13,252.021413
-13,13,252.047823
-13,13,252.073863
-13,13,252.099279
-13,13,252.124864
-13,13,252.150465
-13,13,252.176545
-13,13,252.20275
-13,13,252.228594
-13,13,252.254035
-13,13,252.279441
-13,13,252.312483
-13,13,252.338525
-13,13,252.365037
-13,13,252.391659
-13,13,252.41827
-13,13,252.444814
-13,13,253.594092
-13,13,253.621379
-13,13,253.64787
-13,13,253.674373
-13,13,253.700116
-13,13,253.726377
-13,13,253.752927
-13,13,253.779493
-13,13,253.806077
-13,13,253.832776
-13,13,253.859141
-13,13,253.884786
-13,13,253.910334
-13,13,253.936884
-13,13,253.963475
-13,13,253.990182
-13,13,254.016072
-13,13,254.04253
-13,13,254.068589
-13,13,255.219533
-13,13,255.248011
-13,13,255.274279
-13,13,255.299952
-13,13,255.325767
-13,13,255.351607
-13,13,255.377537
-13,13,255.403619
-13,13,255.429739
-13,13,255.455483
-13,13,255.481225
-13,13,255.506743
-13,13,255.532604
-13,13,255.560456
-13,13,255.586199
-13,13,255.612503
-13,13,255.639421
-13,13,255.666179
-13,13,255.692631
-13,13,255.719198
-13,13,256.875712
-13,13,256.905894
-13,13,256.935349
-13,13,256.961623
-13,13,256.987938
-13,13,257.013738
-13,13,257.040628
-13,13,257.067482
-13,13,257.093785
-13,13,257.119855
-13,13,257.154802
-13,13,257.181029
-13,13,257.207316
-13,13,257.233506
-13,13,257.259679
-13,13,257.286144
-13,13,257.31233
-13,13,257.338407
-13,13,257.364298
-13,13,257.390825
-13,13,258.636808
-13,13,258.66434
-13,13,258.690756
-13,13,258.717171
-13,13,258.743837
-13,13,258.770497
-13,13,258.797143
-13,13,258.823317
-13,13,258.84893
-13,13,258.874394
-13,13,258.900134
-13,13,258.926339
-13,13,258.952378
-13,13,258.978693
-13,13,259.005125
-13,13,259.031442
-13,13,259.05814
-13,13,259.084023
-13,13,259.110185
-13,13,260.357305
-13,13,260.384362
-13,13,260.411069
-13,13,260.437677
-13,13,260.46397
-13,13,260.48999
-13,13,260.516218
-13,13,260.542952
-13,13,260.570004
-13,13,260.596254
-13,13,260.622457
-13,13,260.649079
-13,13,260.675569
-13,13,260.701884
-13,13,260.730821
-13,13,260.757091
-13,13,260.783369
-13,13,260.80973
-13,13,260.836074
-13,13,260.86207
-13,13,262.109905
-13,13,262.136263
-13,13,262.162508
-13,13,262.188689
-13,13,262.214263
-13,13,262.24026
-13,13,262.267246
-13,13,262.293707
-13,13,262.319995
-13,13,262.346312
-13,13,262.372576
-13,13,262.39931
-13,13,262.425854
-13,13,262.452293
-13,13,262.478413
-13,13,262.504646
-13,13,262.53684
-13,13,262.562912
-13,13,262.588399
-13,13,262.613875
-13,13,263.849665
-13,13,263.876513
-13,13,263.902296
-13,13,263.928423
-13,13,263.954547
-13,13,263.980548
-13,13,264.006544
-13,13,264.032655
-13,13,264.060489
-13,13,264.086614
-13,13,264.117798
-13,13,264.143077
-13,13,264.168459
-13,13,264.193965
-13,13,264.225694
-13,13,264.252302
-13,13,264.27793
-13,13,264.303351
-13,13,264.32881
-13,13,265.564273
-13,13,265.591876
-13,13,265.618978
-13,13,265.645518
-13,13,265.671898
-13,13,265.698301
-13,13,265.725005
-13,13,265.751553
-13,13,265.777971
-13,13,265.804459
-13,13,265.831065
-13,13,265.858293
-13,13,265.883983
-13,13,265.90932
-13,13,265.934576
-13,13,265.963234
-13,13,265.990058
-13,13,266.015999
-13,13,266.043305
-13,13,266.069804
-13,13,267.307866
-13,13,267.334877
-13,13,267.361193
-13,13,267.387492
-13,13,267.413697
-13,13,267.439459
-13,13,267.464748
-13,13,267.489948
-13,13,267.51524
-13,13,267.54126
-13,13,267.566805
-13,13,267.592475
-13,13,267.617973
-13,13,267.643955
-13,13,267.669748
-13,13,267.695799
-13,13,267.721569
-13,13,267.747201
-13,13,267.772966
-13,13,267.799093
-13,13,269.049808
-13,13,269.077044
-13,13,269.10367
-13,13,269.129501
-13,13,269.15497
-13,13,269.18085
-13,13,269.2068
-13,13,269.232794
-13,13,269.258267
-13,13,269.287072
-13,13,269.313263
-13,13,269.338553
-13,13,269.363829
-13,13,269.389174
-13,13,269.414478
-13,13,269.44012
-13,13,269.465601
-13,13,269.490777
-13,13,269.516054
-13,13,270.757441
-13,13,270.787492
-13,13,270.813603
-13,13,270.839538
-13,13,270.865063
-13,13,270.89039
-13,13,270.916035
-13,13,270.941444
-13,13,270.971103
-13,13,270.999096
-13,13,271.02509
-13,13,271.05157
-13,13,271.077082
-13,13,271.102428
-13,13,271.12783
-13,13,271.153416
-13,13,271.179156
-13,13,271.20568
-13,13,271.231843
-13,13,271.258502
-13,13,272.48979
-13,13,272.516295
-13,13,272.542687
-13,13,272.569961
-13,13,272.596607
-13,13,272.623391
-13,13,272.6501
-13,13,272.675594
-13,13,272.700878
-13,13,272.726429
-13,13,272.751969
-13,13,272.777269
-13,13,272.802521
-13,13,272.82782
-13,13,272.853227
-13,13,272.878669
-13,13,272.904048
-13,13,272.929373
-13,13,272.955494
-13,13,272.981728
-13,13,274.139375
-13,13,274.166263
-13,13,274.192462
-13,13,274.218506
-13,13,274.245918
-13,13,274.273001
-13,13,274.299748
-13,13,274.326509
-13,13,274.353274
-13,13,274.383312
-13,13,274.409216
-13,13,274.435546
-13,13,274.461457
-13,13,274.487431
-13,13,274.513423
-13,13,274.540291
-13,13,274.567646
-13,13,274.594117
-13,13,274.620479
-13,13,274.647
-13,13,275.92377
-13,13,275.949978
-13,13,275.97606
-13,13,276.002001
-13,13,276.027759
-13,13,276.055018
-13,13,276.081801
-13,13,276.107941
-13,13,276.133792
-13,13,276.159918
-13,13,276.186173
-13,13,276.212535
-13,13,276.23916
-13,13,276.265662
-13,13,276.291924
-13,13,276.317921
-13,13,276.343843
-13,13,276.370061
-13,13,276.395934
-13,13,277.657842
-13,13,277.685071
-13,13,277.711191
-13,13,277.737661
-13,13,277.763941
-13,13,277.78986
-13,13,277.81585
-13,13,277.84195
-13,13,277.868923
-13,13,277.894746
-13,13,277.920812
-13,13,277.947468
-13,13,277.974098
-13,13,278.000635
-13,13,278.026491
-13,13,278.053811
-13,13,278.080812
-13,13,278.107626
-13,13,278.133916
-13,13,278.164474
-13,13,279.406122
-13,13,279.432313
-13,13,279.457728
-13,13,279.483246
-13,13,279.508634
-13,13,279.534907
-13,13,279.561255
-13,13,279.58683
-13,13,279.6126
-13,13,279.638573
-13,13,279.664951
-13,13,279.690572
-13,13,279.71589
-13,13,279.741474
-13,13,279.767521
-13,13,279.793469
-13,13,279.819174
-13,13,279.845219
-13,13,279.871264
-13,13,279.897053
-13,13,281.15344
-13,13,281.179207
-13,13,281.204767
-13,13,281.230002
-15,15,281.259268
-13,13,281.290323
-13,13,281.31639
-13,13,281.343079
-13,13,281.370318
-13,13,281.397546
-13,13,281.42458
-13,13,281.45242
-13,13,281.479491
-13,13,281.506114
-15,15,281.537535
-13,13,281.565001
-13,13,281.592078
-13,13,281.618344
-13,13,281.645148
-13,13,282.888807
-13,13,282.91614
-13,13,282.945183
-13,13,282.970733
-13,13,282.996589
-13,13,283.023103
-13,13,283.052902
-13,13,283.078439
-13,13,283.103671
-13,13,283.128807
-13,13,283.154095
-13,13,283.179599
-13,13,283.212332
-13,13,283.239579
-13,13,283.265453
-13,13,283.291058
-13,13,283.316638
-13,13,283.342124
-13,13,283.367662
-13,13,283.39321
-13,13,284.641112
-13,13,284.667809
-13,13,284.694062
-13,13,284.720125
-13,13,284.746016
-13,13,284.77181
-13,13,284.797895
-13,13,284.824004
-13,13,284.849866
-13,13,284.875733
-13,13,284.901689
-13,13,284.927578
-13,13,284.953728
-13,13,284.979781
-13,13,285.005751
-13,13,285.031633
-13,13,285.058319
-13,13,285.084208
-13,13,285.11003
-13,13,286.347009
-13,13,286.379754
-13,13,286.405352
-13,13,286.43065
-13,13,286.456883
-13,13,286.48326
-13,13,286.509844
-13,13,286.536461
-13,13,286.563729
-13,13,286.590186
-13,13,286.616484
-13,13,286.64244
-13,13,286.668181
-13,13,286.69404
-13,13,286.719832
-13,13,286.749595
-13,13,286.775627
-13,13,286.801447
-13,13,286.827189
-13,13,286.85334
-13,13,288.09924
-13,13,288.125903
-13,13,288.15131
-13,13,288.176494
-13,13,288.202047
-13,13,288.2274
-13,13,288.252749
-13,13,288.27816
-13,13,288.304451
-13,13,288.331279
-13,13,288.358148
-13,13,288.384521
-13,13,288.41036
-13,13,288.436466
-13,13,288.462134
-13,13,288.488228
-13,13,288.513643
-13,13,288.540631
-13,13,288.56728
-13,13,288.59386
-13,13,289.824136
-13,13,289.850929
-13,13,289.877178
-13,13,289.902974
-13,13,289.928682
-13,13,289.954455
-13,13,289.980285
-13,13,290.006062
-13,13,290.031886
-13,13,290.058705
-13,13,290.084171
-13,13,290.109615
-13,13,290.134934
-13,13,290.160366
-13,13,290.185729
-13,13,290.211185
-13,13,290.236581
-13,13,290.262006
-13,13,290.29292
-13,13,291.531361
-13,13,291.561977
-13,13,291.589367
-13,13,291.615843
-13,13,291.64234
-13,13,291.668364
-13,13,291.69426
-13,13,291.720651
-13,13,291.746358
-13,13,291.772285
-13,13,291.798415
-13,13,291.82968
-13,13,291.856205
-13,13,291.882672
-13,13,291.908615
-13,13,291.934671
-13,13,291.960798
-13,13,291.986967
-13,13,292.013191
-13,13,292.039609
-13,13,293.278033
-13,13,293.30558
-13,13,293.33199
-13,13,293.35845
-13,13,293.384884
-13,13,293.410918
-13,13,293.437004
-13,13,293.4638
-13,13,293.489262
-13,13,293.514544
-13,13,293.540401
-13,13,293.566556
-13,13,293.592173
-13,13,293.617834
-13,13,293.643791
-13,13,293.669894
-13,13,293.695741
-13,13,293.721845
-13,13,293.747662
-13,13,293.773728
-13,13,295.005404
-13,13,295.032179
-13,13,295.059024
-13,13,295.084926
-13,13,295.110055
-13,13,295.135233
-13,13,295.165972
-13,13,295.192124
-13,13,295.217001
-13,13,295.242954
-13,13,295.269276
-13,13,295.295207
-13,13,295.321504
-13,13,295.34694
-13,13,295.372325
-13,13,295.40287
-13,13,295.431738
-13,13,295.458523
-13,13,295.485314
-13,13,295.511908
-13,13,296.852182
-13,13,296.878614
-13,13,296.903904
-13,13,296.92902
-13,13,296.954275
-13,13,296.979617
-13,13,297.004943
-13,13,297.037833
-13,13,297.06561
-13,13,297.091814
-13,13,297.122826
-13,13,297.149749
-13,13,297.176089
-13,13,297.202413
-13,13,297.238355
-13,13,297.264866
-13,13,297.291524
-13,13,297.3178
-13,13,297.343939
-13,13,298.607583
-13,13,298.637513
-13,13,298.664466
-13,13,298.691074
-13,13,298.717901
-13,13,298.744054
-13,13,298.770969
-13,13,298.797828
-13,13,298.824726
-13,13,298.852211
-13,13,298.883962
-13,13,298.917128
-13,13,298.943103
-13,13,298.969282
-13,13,298.99529
-13,13,299.021568
-13,13,299.049073
-13,13,299.075998
-13,13,299.102264
-13,13,299.128316
-13,13,300.332569
-13,13,300.358968
-13,13,300.384861
-13,13,300.414289
-13,13,300.440763
-13,13,300.466306
-15,15,300.496059
-13,13,300.527336
-13,13,300.554338
-17,17,300.587801
-117,18,300.6277
-13,13,300.658258
-115,16,300.693915
-13,13,300.719331
-13,13,300.744725
-13,13,300.770345
-15,15,300.804306
-19,19,300.841485
-13,13,302.066228
-13,13,302.091956
-17,17,302.125517
-13,13,302.150612
-13,13,302.17607
-13,13,302.201037
-15,15,302.230324
-13,13,302.256906
-13,13,302.286041
-13,13,302.31112
-13,13,302.336265
-13,13,302.361674
-13,13,302.386859
-13,13,302.412348
-13,13,302.438586
-13,13,302.464649
-115,16,302.495627
-115,16,302.527258
-13,13,302.554629
-13,13,303.820685
-13,13,303.855251
-13,13,303.883735
-13,13,303.910349
-13,13,303.937345
-15,15,303.968196
-13,13,303.995358
-13,13,304.022145
-13,13,304.049628
-13,13,304.076683
-13,13,304.102897
-13,13,304.129406
-13,13,304.156279
-13,13,304.186126
-13,13,304.2134
-13,13,304.241517
-13,13,304.268866
-13,13,304.296036
-13,13,304.323482
-13,13,305.601537
-13,13,305.6293
-13,13,305.656324
-13,13,305.682809
-13,13,305.70945
-13,13,305.735834
-13,13,305.762246
-15,15,305.792316
-13,13,305.818467
-13,13,305.845203
-13,13,305.871617
-13,13,305.898237
-13,13,305.92799
-13,13,305.955243
-13,13,305.981395
-13,13,306.007968
-15,15,306.03811
-13,13,306.065624
-117,18,306.102472
-13,13,307.367038
-13,13,307.395293
-13,13,307.42633
-13,13,307.45333
-13,13,307.480524
-13,13,307.507809
-13,13,307.535565
-13,13,307.563088
-13,13,307.589765
-13,13,307.616716
-13,13,307.643646
-13,13,307.670665
-13,13,307.697675
-13,13,307.724758
-13,13,307.751739
-13,13,307.780746
-13,13,307.807819
-13,13,307.835176
-15,15,307.866135
-13,13,307.892921
-13,13,309.178245
-13,13,309.205771
-13,13,309.232397
-13,13,309.259026
-13,13,309.285648
-13,13,309.31233
-13,13,309.339081
-13,13,309.365746
-13,13,309.392409
-13,13,309.419042
-13,13,309.445581
-13,13,309.473307
-13,13,309.500831
-13,13,309.52668
-13,13,309.560162
-13,13,309.586272
-13,13,309.612786
-13,13,309.644715
-13,13,309.6718
-13,13,310.926147
-13,13,310.956013
-13,13,310.981847
-13,13,311.007773
-13,13,311.034829
-13,13,311.061921
-13,13,311.087757
-13,13,311.113625
-13,13,311.139606
-17,17,311.172953
-13,13,311.198087
-13,13,311.229929
-13,13,311.256541
-13,13,311.283061
-13,13,311.309738
-13,13,311.336469
-13,13,311.363081
-15,15,311.393781
-13,13,311.420636
-13,13,311.447822
-13,13,312.721621
-13,13,312.74812
-13,13,312.773508
-13,13,312.798775
-13,13,312.824292
-13,13,312.850113
-13,13,312.877129
-13,13,312.90396
-13,13,312.930715
-13,13,312.957205
-13,13,312.984003
-13,13,313.010866
-13,13,313.037858
-13,13,313.064705
-13,13,313.090346
-13,13,313.118015
-13,13,313.145119
-13,13,313.172071
-13,13,313.197636
-13,13,314.45386
-13,13,314.483045
-13,13,314.50884
-13,13,314.535115
-15,15,314.565989
-13,13,314.591918
-13,13,314.617718
-13,13,314.649561
-13,13,314.676235
-13,13,314.7033
-13,13,314.730455
-13,13,314.757529
-13,13,314.784683
-13,13,314.810605
-13,13,314.837594
-13,13,314.864424
-13,13,314.891297
-13,13,314.918034
-13,13,314.944738
-13,13,314.970868
-13,13,316.20975
-13,13,316.236035
-13,13,316.262326
-13,13,316.288485
-13,13,316.31409
-13,13,316.339402
-13,13,316.364855
-13,13,316.390397
-13,13,316.415588
-13,13,316.441531
-13,13,316.467288
-13,13,316.492929
-13,13,316.518502
-13,13,316.54511
-13,13,316.57125
-13,13,316.597344
-13,13,316.623471
-13,13,316.649618
-13,13,316.675709
-13,13,316.701718
-13,13,317.954493
-13,13,317.980841
-13,13,318.006663
-13,13,318.032872
-13,13,318.060532
-13,13,318.088147
-13,13,318.114178
-13,13,318.147678
-13,13,318.176128
-13,13,318.206214
-13,13,318.231998
-13,13,318.257755
-13,13,318.283904
-13,13,318.309724
-13,13,318.335829
-13,13,318.361802
-13,13,318.387553
-13,13,318.413357
-13,13,318.439372
-13,13,319.707513
-13,13,319.737402
-13,13,319.763935
-13,13,319.789898
-13,13,319.815837
-13,13,319.843174
-13,13,319.869995
-13,13,319.896397
-13,13,319.922192
-13,13,319.947932
-13,13,319.973871
-13,13,320.00028
-13,13,320.026352
-13,13,320.053544
-13,13,320.080052
-13,13,320.106838
-13,13,320.13373
-13,13,320.160823
-13,13,320.191993
-13,13,320.218008
-13,13,321.483237
-13,13,321.514637
-13,13,321.541849
-13,13,321.56929
-13,13,321.596177
-13,13,321.622326
-13,13,321.650182
-13,13,321.677084
-13,13,321.703844
-13,13,321.730581
-13,13,321.760987
-13,13,321.786473
-13,13,321.811889
-13,13,321.837919
-13,13,321.864237
-13,13,321.890765
-13,13,321.917243
-13,13,321.9438
-13,13,321.970283
-13,13,321.996865
-13,13,323.252663
-13,13,323.278336
-13,13,323.303919
-13,13,323.329964
-13,13,323.355676
-13,13,323.388145
-13,13,323.41485
-13,13,323.441851
-13,13,323.468958
-13,13,323.495423
-13,13,323.52172
-13,13,323.555616
-13,13,323.582541
-13,13,323.609451
-116,17,323.644144
-13,13,323.670706
-13,13,323.697555
-13,13,323.723833
-13,13,323.749974
-13,13,325.008656
-13,13,325.037426
-13,13,325.063176
-13,13,325.088395
-13,13,325.113614
-13,13,325.138703
-13,13,325.163804
-13,13,325.18988
-13,13,325.216367
-13,13,325.242777
-13,13,325.270936
-13,13,325.30017
-13,13,325.326203
-13,13,325.352221
-13,13,325.378271
-13,13,325.404602
-13,13,325.431041
-13,13,325.45711
-13,13,325.488409
-13,13,325.515409
-13,13,326.75624
-13,13,326.782596
-13,13,326.808833
-13,13,326.834443
-13,13,326.860222
-13,13,326.886132
-13,13,326.912049
-13,13,326.938011
-13,13,326.963905
-13,13,326.990039
-13,13,327.016378
-13,13,327.044034
-13,13,327.07109
-13,13,327.097911
-13,13,327.124598
-13,13,327.150677
-13,13,327.176837
-13,13,327.203298
-13,13,327.230152
-13,13,328.465791
-13,13,328.49799
-13,13,328.524891
-13,13,328.552388
-13,13,328.578663
-13,13,328.604696
-13,13,328.631226
-13,13,328.657602
-13,13,328.683719
-13,13,328.709869
-13,13,328.735845
-13,13,328.762093
-15,15,328.792749
-13,13,328.81972
-13,13,328.847648
-13,13,328.874448
-13,13,328.900569
-13,13,328.928166
-115,16,328.96515
-13,13,328.991616
-13,13,330.248389
-13,13,330.275598
-13,13,330.309534
-13,13,330.336211
-13,13,330.362409
-13,13,330.394393
-13,13,330.421117
-13,13,330.447282
-13,13,330.473401
-13,13,330.499749
-13,13,330.526185
-13,13,330.553821
-13,13,330.580387
-13,13,330.607011
-13,13,330.633626
-13,13,330.660375
-13,13,330.68681
-13,13,330.713271
-13,13,330.744933
-13,13,331.959115
-13,13,331.988172
-13,13,332.015749
-13,13,332.042012
-13,13,332.073392
-13,13,332.099658
-13,13,332.129362
-13,13,332.155841
-13,13,332.182139
-13,13,332.212711
-13,13,332.23858
-13,13,332.264675
-13,13,332.290656
-13,13,332.315996
-13,13,332.341603
-13,13,332.367482
-13,13,332.394073
-13,13,332.420848
-13,13,332.448125
-13,13,332.474769
-13,13,333.724577
-13,13,333.752208
-13,13,333.778239
-13,13,333.804258
-13,13,333.830325
-13,13,333.856188
-123,24,333.904382
-13,13,333.931179
-13,13,333.95785
-13,13,333.984288
-13,13,334.010782
-13,13,334.037181
-13,13,334.064148
-13,13,334.090149
-13,13,334.122321
-13,13,334.148275
-13,13,334.174571
-13,13,334.201069
-13,13,334.227391
-13,13,335.464614
-13,13,335.491928
-13,13,335.523296
-13,13,335.549722
-13,13,335.576006
-13,13,335.602137
-13,13,335.628369
-13,13,335.654432
-13,13,335.684259
-13,13,335.710727
-13,13,335.736973
-13,13,335.762645
-13,13,335.788309
-13,13,335.81412
-13,13,335.840223
-13,13,335.865966
-13,13,335.891871
-13,13,335.918067
-13,13,335.944071
-13,13,335.96998
-13,13,337.213161
-13,13,337.239245
-13,13,337.26584
-13,13,337.298246
-13,13,337.324399
-13,13,337.350289
-13,13,337.376393
-13,13,337.402513
-13,13,337.428827
-13,13,337.454852
-13,13,337.481246
-13,13,337.512257
-13,13,337.538944
-13,13,337.56553
-123,24,337.614296
-13,13,337.641153
-13,13,337.667525
-13,13,337.693947
-13,13,337.720123
-13,13,338.864562
-13,13,338.891697
-13,13,338.918103
-13,13,338.943986
-13,13,338.969933
-115,16,339.00186
-13,13,339.031576
-13,13,339.060148
-13,13,339.087507
-13,13,339.114411
-13,13,339.141104
-13,13,339.167679
-13,13,339.200164
-13,13,339.225979
-13,13,339.255707
-13,13,339.283527
-13,13,339.314523
-13,13,339.340332
-13,13,339.366193
-13,13,340.607352
-13,13,340.639121
-13,13,340.666278
-13,13,340.696193
-13,13,340.722856
-13,13,340.749326
-13,13,340.775895
-13,13,340.802325
-13,13,340.829138
-13,13,340.856776
-13,13,340.888845
-13,13,340.915751
-13,13,340.942293
-13,13,340.968453
-13,13,340.994907
-13,13,341.02186
-13,13,341.048965
-13,13,341.075535
-13,13,341.101864
-13,13,341.134215
-19,19,342.270776
-13,13,342.297162
-13,13,342.323008
-15,15,342.353054
-15,15,342.38786
-15,15,342.417353
-17,17,342.451793
-13,13,342.4779
-15,15,342.507834
-15,15,342.537853
-17,17,342.57234
-15,15,342.606545
-17,17,342.63986
-13,13,342.669431
-15,15,342.703677
-17,17,342.738569
-13,13,342.764809
-229,31,344.092675
-17,17,344.126729
-121,22,344.170506
-17,17,344.20426
-15,15,344.232719
-15,15,344.26186
-119,20,344.300366
-331,34,344.372789
-739,46,344.466089
-224,26,344.517864
-119,20,345.785376
-119,20,345.828699
-15,15,345.859051
-19,19,345.898132
-229,31,345.966094
-15,15,345.997026
-13,13,346.0238
-220,22,346.070271
-117,18,346.106522
-13,13,346.133084
-115,16,346.165693
-120,21,346.212152
-15,15,346.249842
-119,20,346.288975
-320,23,347.553828
-13,13,347.581161
-13,13,347.607649
-15,15,347.638197
-13,13,347.664621
-13,13,347.691198
-13,13,347.717742
-13,13,347.744509
-13,13,347.770988
-13,13,347.797524
-13,13,347.823875
-13,13,347.851666
-13,13,347.878501
-13,13,347.905423
-13,13,347.932079
-13,13,347.958682
-15,15,347.98929
-13,13,348.016062
-15,15,348.048451
-13,13,349.326362
-13,13,349.354023
-13,13,349.379861
-15,15,349.409816
-13,13,349.435792
-13,13,349.461821
-13,13,349.487794
-13,13,349.513601
-13,13,349.539992
-13,13,349.56627
-13,13,349.592062
-13,13,349.61815
-13,13,349.644022
-13,13,349.669836
-13,13,349.695628
-13,13,349.72159
-13,13,349.747311
-13,13,349.773178
-22,22,349.816633
-13,13,351.081409
-15,15,351.113034
-13,13,351.138965
-15,15,351.169366
-15,15,351.199484
-13,13,351.22578
-13,13,351.251994
-13,13,351.278304
-13,13,351.304438
-13,13,351.330549
-13,13,351.356781
-13,13,351.382575
-13,13,351.408562
-13,13,351.434655
-13,13,351.460588
-13,13,351.486906
-13,13,351.512645
-13,13,351.540033
-13,13,351.566325
-13,13,352.855779
-13,13,352.882486
-13,13,352.908656
-13,13,352.934368
-13,13,352.960903
-13,13,352.986836
-13,13,353.013283
-13,13,353.040165
-13,13,353.067433
-13,13,353.094153
-13,13,353.120497
-13,13,353.146989
-13,13,353.177792
-13,13,353.204245
-13,13,353.230526
-13,13,353.257172
-13,13,353.283659
-13,13,353.310184
-13,13,353.336304
-13,13,353.362244
-13,13,354.554861
-13,13,354.58227
-13,13,354.608267
-13,13,354.634623
-13,13,354.662332
-13,13,354.688838
-13,13,354.715317
-13,13,354.741892
-13,13,354.768135
-13,13,354.794316
-13,13,354.820407
-13,13,354.846698
-13,13,354.873596
-13,13,354.900295
-13,13,354.92667
-13,13,354.953634
-13,13,354.985272
-13,13,355.01145
-15,15,355.042354
-13,13,356.253444
-13,13,356.28204
-13,13,356.314281
-13,13,356.340418
-13,13,356.366572
-13,13,356.397067
-13,13,356.424404
-13,13,356.451458
-13,13,356.477545
-13,13,356.503362
-15,15,356.533246
-13,13,356.560002
-13,13,356.586041
-13,13,356.612097
-13,13,356.6381
-13,13,356.664218
-13,13,356.690272
-13,13,356.716283
-13,13,356.742317
-13,13,356.768524
-13,13,358.005387
-13,13,358.032684
-13,13,358.059844
-13,13,358.086373
-13,13,358.114074
-13,13,358.148085
-13,13,358.174936
-13,13,358.201987
-13,13,358.228736
-13,13,358.25649
-13,13,358.284018
-13,13,358.311242
-13,13,358.338485
-13,13,358.364734
-13,13,358.390649
-13,13,358.416418
-13,13,358.442402
-13,13,358.468279
-13,13,358.493971
-13,13,359.749293
-13,13,359.779352
-13,13,359.805561
-13,13,359.831736
-13,13,359.857956
-13,13,359.883825
-13,13,359.909887
-13,13,359.935934
-13,13,359.962112
-13,13,359.988205
-13,13,360.014726
-15,15,360.045818
-13,13,360.07295
-13,13,360.098606
-13,13,360.125163
-13,13,360.151724
-13,13,360.178209
-13,13,360.204155
-13,13,360.230448
-13,13,360.257079
-15,15,361.513374
-13,13,361.540983
-13,13,361.568507
-13,13,361.594898
-13,13,361.621104
-13,13,361.647292
-13,13,361.67353
-13,13,361.700105
-13,13,361.726362
-13,13,361.752582
-13,13,361.778738
-13,13,361.805012
-13,13,361.831804
-13,13,361.859053
-13,13,361.885956
-13,13,361.912402
-13,13,361.939067
-13,13,361.965374
-13,13,361.992175
-13,13,362.018654
-13,13,363.266554
-13,13,363.293325
-13,13,363.319977
-13,13,363.346278
-13,13,363.372097
-13,13,363.398121
-13,13,363.424325
-13,13,363.451146
-13,13,363.47779
-13,13,363.508994
-13,13,363.535306
-13,13,363.565591
-13,13,363.591621
-13,13,363.618193
-13,13,363.645122
-13,13,363.672153
-13,13,363.698425
-13,13,363.724866
-13,13,363.751791
-13,13,364.97905
-13,13,365.007077
-13,13,365.037044
-13,13,365.066245
-13,13,365.092562
-13,13,365.11887
-13,13,365.145316
-13,13,365.171633
-13,13,365.198253
-13,13,365.22455
-13,13,365.250351
-13,13,365.276026
-13,13,365.302444
-13,13,365.328694
-13,13,365.354984
-13,13,365.381215
-13,13,365.40759
-13,13,365.434469
-13,13,365.461058
-13,13,365.487077
-13,13,366.64202
-13,13,366.669966
-13,13,366.696236
-13,13,366.722353
-13,13,366.74846
-13,13,366.774486
-13,13,366.80029
-13,13,366.826171
-13,13,366.852024
-13,13,366.878085
-13,13,366.908695
-13,13,366.936949
-13,13,366.963279
-13,13,366.989959
-13,13,367.016706
-13,13,367.043982
-13,13,367.070323
-13,13,367.096395
-13,13,367.122684
-13,13,367.153872
-13,13,368.387974
-13,13,368.41497
-13,13,368.442358
-13,13,368.469339
-13,13,368.49595
-13,13,368.522412
-13,13,368.55066
-13,13,368.577021
-13,13,368.603265
-13,13,368.629767
-13,13,368.655802
-13,13,368.681961
-13,13,368.7082
-13,13,368.734349
-13,13,368.760599
-13,13,368.786932
-13,13,368.813236
-13,13,368.839483
-13,13,368.865746
-13,13,370.132976
-13,13,370.161656
-13,13,370.187846
-13,13,370.214142
-13,13,370.241264
-13,13,370.267995
-13,13,370.294343
-13,13,370.320473
-13,13,370.346992
-13,13,370.3732
-13,13,370.399411
-13,13,370.425786
-13,13,370.452783
-13,13,370.479469
-13,13,370.506172
-13,13,370.532517
-13,13,370.560018
-13,13,370.588958
-13,13,370.615394
-13,13,370.641996
-13,13,371.899505
-13,13,371.926814
-13,13,371.953028
-13,13,371.979292
-13,13,372.00565
-13,13,372.032368
-13,13,372.060396
-13,13,372.086679
-13,13,372.112942
-13,13,372.139174
-13,13,372.165792
-13,13,372.192647
-13,13,372.219555
-13,13,372.246462
-13,13,372.27336
-13,13,372.300011
-13,13,372.326431
-13,13,372.353008
-13,13,372.379288
-13,13,372.405262
-13,13,373.650084
-13,13,373.676054
-13,13,373.702063
-13,13,373.728247
-13,13,373.755129
-13,13,373.78168
-13,13,373.809634
-13,13,373.844416
-13,13,373.871201
-13,13,373.897672
-13,13,373.92391
-13,13,373.950206
-13,13,373.976151
-13,13,374.002096
-13,13,374.02823
-13,13,374.055287
-13,13,374.081773
-13,13,374.108382
-13,13,374.134981
-13,13,375.366588
-13,13,375.395189
-13,13,375.421438
-13,13,375.44741
-13,13,375.473039
-13,13,375.503087
-13,13,375.529237
-13,13,375.562541
-13,13,375.588855
-13,13,375.615785
-13,13,375.642858
-13,13,375.670122
-13,13,375.696182
-13,13,375.722486
-13,13,375.753775
-13,13,375.779985
-13,13,375.80599
-13,13,375.832261
-13,13,375.862976
-13,13,375.888851
-13,13,377.115719
-13,13,377.143707
-13,13,377.170303
-13,13,377.196362
-13,13,377.222619
-13,13,377.253339
-13,13,377.279471
-13,13,377.314861
-13,13,377.34074
-13,13,377.368363
-13,13,377.394236
-13,13,377.420182
-13,13,377.44667
-13,13,377.472774
-13,13,377.498806
-13,13,377.524976
-13,13,377.552147
-13,13,377.578349
-13,13,377.604209
-13,13,377.630194
-13,13,378.852992
-13,13,378.880017
-13,13,378.906333
-13,13,378.932249
-13,13,378.958938
-13,13,378.985801
-13,13,379.012641
-13,13,379.039422
-13,13,379.066423
-13,13,379.092537
-13,13,379.118555
-13,13,379.144656
-13,13,379.170895
-13,13,379.197445
-13,13,379.223495
-13,13,379.250296
-13,13,379.276515
-13,13,379.302738
-13,13,379.328642
-13,13,380.569017
-13,13,380.598936
-13,13,380.625089
-13,13,380.651336
-13,13,380.677641
-13,13,380.704224
-13,13,380.730425
-13,13,380.756901
-13,13,380.783556
-13,13,380.810076
-13,13,380.836402
-13,13,380.862535
-13,13,380.889288
-13,13,380.915887
-13,13,380.94219
-13,13,380.968448
-13,13,380.995043
-13,13,381.021808
-13,13,381.049505
-13,13,381.07661
-13,13,382.334392
-13,13,382.361354
-13,13,382.387748
-13,13,382.414078
-13,13,382.444457
-13,13,382.470349
-13,13,382.496355
-13,13,382.522553
-13,13,382.549589
-13,13,382.57602
-13,13,382.602014
-13,13,382.628144
-13,13,382.654022
-13,13,382.680049
-13,13,382.70617
-13,13,382.732432
-13,13,382.758704
-13,13,382.785368
-13,13,382.812082
-13,13,382.839449
-13,13,384.063304
-13,13,384.090735
-13,13,384.11787
-13,13,384.144981
-13,13,384.172207
-13,13,384.203899
-13,13,384.235522
-13,13,384.263131
-13,13,384.290225
-13,13,384.316974
-13,13,384.342872
-13,13,384.369401
-13,13,384.396141
-13,13,384.422275
-13,13,384.448189
-13,13,384.474348
-13,13,384.501302
-13,13,384.52815
-13,13,384.555849
-13,13,384.587864
-13,13,385.782889
-13,13,385.815234
-13,13,385.841885
-13,13,385.8694
-13,13,385.900899
-13,13,385.926675
-13,13,385.952507
-13,13,385.979886
-13,13,386.00588
-13,13,386.031971
-13,13,386.058813
-13,13,386.084885
-13,13,386.110985
-13,13,386.13747
-13,13,386.16411
-13,13,386.190072
-13,13,386.215986
-13,13,386.242432
-13,13,386.268441
-13,13,387.524967
-13,13,387.552096
-13,13,387.5783
-13,13,387.60443
-13,13,387.630315
-13,13,387.657882
-13,13,387.684213
-13,13,387.710282
-13,13,387.736428
-13,13,387.762411
-13,13,387.788198
-13,13,387.814201
-13,13,387.840487
-13,13,387.867062
-13,13,387.893841
-13,13,387.920394
-13,13,387.946484
-13,13,387.973239
-13,13,387.999931
-13,13,388.02964
-13,13,389.266353
-13,13,389.297303
-13,13,389.325285
-13,13,389.351946
-13,13,389.378285
-13,13,389.404799
-13,13,389.432043
-13,13,389.45942
-13,13,389.486287
-13,13,389.513307
-13,13,389.540672
-13,13,389.567479
-13,13,389.594155
-13,13,389.620191
-13,13,389.645952
-13,13,389.672054
-13,13,389.69825
-13,13,389.724568
-13,13,389.751055
-13,13,389.777985
-13,13,391.019765
-13,13,391.047009
-13,13,391.072752
-13,13,391.099015
-13,13,391.125372
-13,13,391.151748
-13,13,391.178041
-13,13,391.204366
-13,13,391.23085
-13,13,391.258631
-13,13,391.290734
-13,13,391.321745
-13,13,391.348248
-13,13,391.374475
-13,13,391.400999
-13,13,391.427299
-13,13,391.453743
-13,13,391.480061
-13,13,391.506509
-13,13,392.72773
-13,13,392.758502
-13,13,392.785696
-13,13,392.812156
-13,13,392.838223
-13,13,392.864462
-13,13,392.890772
-13,13,392.92189
-13,13,392.949695
-13,13,392.980096
-13,13,393.013315
-13,13,393.040894
-13,13,393.068297
-13,13,393.094568
-13,13,393.120768
-13,13,393.147076
-13,13,393.173868
-13,13,393.200475
-13,13,393.226804
-13,13,393.253045
-13,13,394.491328
-13,13,394.518814
-13,13,394.545476
-13,13,394.572268
-13,13,394.59779
-13,13,394.623274
-13,13,394.648991
-13,13,394.674599
-13,13,394.700504
-13,13,394.72645
-13,13,394.752793
-13,13,394.778925
-13,13,394.805223
-13,13,394.831852
-13,13,394.859464
-13,13,394.886164
-13,13,394.912539
-13,13,394.939063
-13,13,394.970094
-13,13,394.996406
-13,13,396.220212
-13,13,396.246909
-13,13,396.272935
-13,13,396.299194
-13,13,396.325941
-13,13,396.351852
-13,13,396.377362
-13,13,396.40377
-13,13,396.430082
-13,13,396.456358
-13,13,396.482543
-13,13,396.508922
-13,13,396.53532
-13,13,396.562644
-13,13,396.588855
-13,13,396.61582
-13,13,396.642889
-13,13,396.67013
-13,13,396.696565
-13,13,397.955447
-13,13,397.982888
-13,13,398.013824
-13,13,398.040716
-13,13,398.068318
-13,13,398.094677
-13,13,398.121688
-13,13,398.148688
-13,13,398.175205
-13,13,398.201162
-13,13,398.227864
-13,13,398.254314
-13,13,398.280373
-13,13,398.306426
-13,13,398.332423
-13,13,398.358112
-13,13,398.38354
-13,13,398.409085
-13,13,398.435128
-13,13,398.46225
-13,13,399.706028
-13,13,399.733972
-13,13,399.760928
-13,13,399.787736
-13,13,399.814291
-13,13,399.840462
-13,13,399.867204
-13,13,399.894092
-13,13,399.920782
-13,13,399.947162
-13,13,399.974033
-13,13,400.000772
-13,13,400.027043
-13,13,400.054614
-13,13,400.081432
-13,13,400.113526
-13,13,400.140183
-13,13,400.166916
-13,13,400.193774
-13,13,400.220207
-13,13,401.365623
-13,13,401.391964
-13,13,401.418586
-13,13,401.445696
-13,13,401.472771
-13,13,401.506624
-13,13,401.533521
-13,13,401.560493
-13,13,401.587245
-13,13,401.614183
-13,13,401.640342
-13,13,401.666694
-13,13,401.693353
-13,13,401.720064
-13,13,401.746418
-13,13,401.77289
-13,13,401.799254
-13,13,401.825456
-13,13,401.851953
-13,13,403.10796
-13,13,403.137191
-13,13,403.163105
-13,13,403.189519
-13,13,403.215955
-13,13,403.242154
-13,13,403.268933
-13,13,403.295384
-13,13,403.321644
-13,13,403.347907
-13,13,403.374182
-13,13,403.400717
-13,13,403.426759
-13,13,403.45283
-15,15,403.482822
-13,13,403.514807
-13,13,403.54197
-13,13,403.568506
-13,13,403.593997
-13,13,403.61995
-13,13,404.760327
-13,13,404.788142
-13,13,404.814666
-13,13,404.840735
-13,13,404.866775
-13,13,404.892835
-13,13,404.919735
-13,13,404.946032
-13,13,404.972154
-13,13,404.998128
-13,13,405.024757
-13,13,405.052383
-13,13,405.079243
-13,13,405.105318
-13,13,405.13132
-13,13,405.157369
-13,13,405.183994
-13,13,405.210437
-13,13,405.236614
-13,13,405.262681
-13,13,406.517044
-13,13,406.545727
-13,13,406.573413
-13,13,406.601639
-13,13,406.628668
-13,13,406.654807
-13,13,406.680905
-13,13,406.707249
-13,13,406.734508
-13,13,406.768556
-13,13,406.795383
-13,13,406.822427
-13,13,406.849452
-13,13,406.876676
-13,13,406.903563
-13,13,406.930269
-13,13,406.956986
-13,13,406.983994
-13,13,407.010405
-13,13,408.296118
-13,13,408.325294
-13,13,408.351978
-13,13,408.378563
-13,13,408.404602
-13,13,408.431175
-13,13,408.457799
-13,13,408.484085
-13,13,408.509789
-13,13,408.536405
-13,13,408.563123
-113,14,408.591644
-13,13,408.617914
-13,13,408.644685
-13,13,408.671077
-13,13,408.697648
-13,13,408.723979
-13,13,408.74994
-13,13,408.776479
-13,13,408.802362
-13,13,410.036474
-13,13,410.066879
-13,13,410.093357
-14,14,410.121669
-13,13,410.147518
-113,14,410.17591
-14,14,410.204304
-13,13,410.230718
-113,14,410.259069
-13,13,410.286019
-13,13,410.312613
-13,13,410.339157
-13,13,410.365348
-13,13,410.391977
-13,13,410.418229
-13,13,410.44471
-13,13,410.471094
-113,14,410.4996
-13,13,410.526056
-113,14,411.737877
-13,13,411.764666
-13,13,411.790682
-13,13,411.816983
-13,13,411.848031
-13,13,411.874066
-13,13,411.900025
-13,13,411.925972
-13,13,411.952101
-13,13,411.978272
-13,13,412.004018
-13,13,412.029699
-13,13,412.055865
-13,13,412.081762
-14,14,412.109465
-13,13,412.135304
-13,13,412.16128
-13,13,412.187268
-13,13,412.213401
-13,13,412.239687
-13,13,413.389916
-13,13,413.418056
-13,13,413.444986
-13,13,413.472594
-13,13,413.499393
-13,13,413.52581
-13,13,413.552918
-13,13,413.579658
-13,13,413.606105
-13,13,413.632328
-13,13,413.658734
-13,13,413.685548
-13,13,413.712167
-13,13,413.738746
-13,13,413.768187
-13,13,413.797552
-13,13,413.823872
-13,13,413.850366
-13,13,413.876889
-113,14,415.122392
-13,13,415.15318
-13,13,415.180299
-13,13,415.206842
-13,13,415.232864
-13,13,415.259494
-13,13,415.285194
-13,13,415.310584
-13,13,415.336264
-13,13,415.362052
-13,13,415.387632
-13,13,415.413498
-13,13,415.439573
-13,13,415.465372
-13,13,415.49139
-13,13,415.51738
-13,13,415.544017
-13,13,415.570231
-13,13,415.595828
-13,13,415.621704
-13,13,416.859286
-13,13,416.885908
-13,13,416.912397
-13,13,416.938144
-13,13,416.963786
-13,13,416.989615
-13,13,417.015637
-13,13,417.043329
-13,13,417.073356
-13,13,417.09967
-13,13,417.125758
-13,13,417.151832
-13,13,417.177837
-13,13,417.203806
-13,13,417.229707
-13,13,417.255607
-13,13,417.281813
-13,13,417.307746
-13,13,417.337205
-13,13,417.363489
-13,13,418.603922
-13,13,418.630119
-13,13,418.655891
-13,13,418.681775
-13,13,418.707761
-13,13,418.733898
-13,13,418.760026
-13,13,418.786039
-13,13,418.812678
-13,13,418.839428
-13,13,418.866297
-13,13,418.892891
-13,13,418.919189
-13,13,418.945266
-13,13,418.971325
-13,13,418.997483
-13,13,419.023475
-13,13,419.04992
-13,13,419.075912
-13,13,419.106022
-13,13,420.350979
-13,13,420.378041
-13,13,420.404017
-13,13,420.429869
-13,13,420.45559
-13,13,420.481687
-13,13,420.507627
-13,13,420.533534
-13,13,420.560123
-13,13,420.586248
-13,13,420.612204
-13,13,420.638051
-13,13,420.664647
-13,13,420.690591
-13,13,420.716381
-13,13,420.742258
-13,13,420.768562
-13,13,420.795176
-13,13,420.821893
-13,13,422.058555
-13,13,422.085948
-13,13,422.112472
-13,13,422.138911
-13,13,422.165394
-13,13,422.191795
-13,13,422.217892
-13,13,422.243613
-13,13,422.269784
-13,13,422.295728
-13,13,422.321951
-13,13,422.348319
-13,13,422.378829
-13,13,422.405691
-13,13,422.432242
-13,13,422.459651
-13,13,422.486125
-13,13,422.519294
-13,13,422.545981
-13,13,422.572557
-13,13,423.819044
-13,13,423.845855
-13,13,423.871897
-13,13,423.898159
-13,13,423.924172
-13,13,423.950498
-13,13,423.976896
-13,13,424.003289
-13,13,424.029562
-13,13,424.056512
-13,13,424.082726
-13,13,424.108568
-13,13,424.134982
-13,13,424.161744
-13,13,424.188022
-13,13,424.213963
-13,13,424.240447
-13,13,424.267589
-13,13,424.293783
-13,13,424.319834
-13,13,425.54073
-13,13,425.568205
-13,13,425.594141
-13,13,425.619928
-13,13,425.646063
-13,13,425.672007
-13,13,425.69947
-13,13,425.733035
-13,13,425.759415
-13,13,425.785983
-13,13,425.812345
-13,13,425.839063
-13,13,425.865743
-13,13,425.89204
-13,13,425.918778
-13,13,425.945124
-13,13,425.971713
-117,18,426.008617
-13,13,426.035
-13,13,427.268726
-13,13,427.297774
-13,13,427.335437
-13,13,427.361104
-13,13,427.386711
-13,13,427.412455
-13,13,427.438312
-13,13,427.464391
-13,13,427.490435
-13,13,427.516755
-13,13,427.543452
-13,13,427.570415
-13,13,427.596405
-13,13,427.622282
-13,13,427.648225
-13,13,427.674054
-13,13,427.699983
-13,13,427.72628
-13,13,427.752363
-13,13,427.77842
-13,13,429.012005
-13,13,429.039448
-113,14,429.068265
-16,16,429.100882
-121,22,429.145242
-13,13,429.171312
-214,16,429.203239
-113,14,429.232058
-113,14,429.2605
-14,14,429.28848
-113,14,429.317138
-13,13,429.343811
-215,17,429.378177
-13,13,429.403978
-113,14,429.431675
-115,16,429.463892
-14,14,429.497068
-215,17,430.743556
-13,13,430.774736
-14,14,430.802646
-13,13,430.828671
-13,13,430.855373
-13,13,430.882069
-13,13,430.908073
-13,13,430.934228
-13,13,430.96022
-13,13,430.986297
-13,13,431.011873
-13,13,431.038533
-13,13,431.064406
-13,13,431.090511
-14,14,431.118686
-13,13,431.144641
-13,13,431.170434
-13,13,431.19645
-13,13,431.222239
-13,13,432.451224
-13,13,432.481253
-13,13,432.507334
-13,13,432.533267
-13,13,432.56606
-13,13,432.592193
-13,13,432.618528
-13,13,432.645345
-13,13,432.671993
-13,13,432.69811
-13,13,432.724431
-13,13,432.755351
-13,13,432.781543
-13,13,432.80786
-13,13,432.834336
-13,13,432.861317
-13,13,432.888302
-13,13,432.914743
-13,13,432.940696
-13,13,432.966811
-13,13,434.201773
-13,13,434.229321
-13,13,434.255743
-13,13,434.281824
-13,13,434.307838
-13,13,434.333845
-13,13,434.359809
-13,13,434.385875
-13,13,434.41182
-13,13,434.438023
-13,13,434.464443
-13,13,434.490826
-13,13,434.51718
-13,13,434.544348
-13,13,434.570957
-13,13,434.596612
-13,13,434.622717
-13,13,434.648479
-13,13,434.674153
-13,13,434.700134
-13,13,435.901661
-13,13,435.928199
-13,13,435.954179
-13,13,435.980144
-13,13,436.005988
-13,13,436.032117
-13,13,436.062908
-13,13,436.0888
-13,13,436.114748
-13,13,436.140784
-13,13,436.166738
-13,13,436.19293
-13,13,436.219527
-13,13,436.252178
-13,13,436.278215
-13,13,436.303946
-13,13,436.329834
-13,13,436.356317
-13,13,436.387323
-13,13,437.629564
-13,13,437.657866
-13,13,437.683999
-13,13,437.709408
-13,13,437.734862
-13,13,437.76036
-13,13,437.786628
-13,13,437.812775
-13,13,437.838585
-13,13,437.863865
-13,13,437.889087
-13,13,437.914343
-13,13,437.939768
-13,13,437.965036
-13,13,437.990362
-13,13,438.015624
-13,13,438.043122
-13,13,438.069944
-13,13,438.096437
-13,13,438.122425
-13,13,439.362439
-13,13,439.388669
-13,13,439.414033
-13,13,439.43927
-13,13,439.464366
-13,13,439.49548
-13,13,439.522064
-13,13,439.54951
-13,13,439.575859
-13,13,439.602498
-13,13,439.628549
-13,13,439.654726
-13,13,439.681049
-13,13,439.707164
-13,13,439.73363
-13,13,439.760171
-13,13,439.78662
-13,13,439.813659
-13,13,439.841161
-13,13,439.868247
-13,13,441.120177
-13,13,441.146943
-13,13,441.172601
-13,13,441.197848
-13,13,441.222958
-13,13,441.248261
-13,13,441.273347
-13,13,441.298591
-13,13,441.323796
-13,13,441.349093
-13,13,441.381751
-13,13,441.408007
-13,13,441.433991
-13,13,441.459904
-13,13,441.485834
-13,13,441.512005
-13,13,441.543758
-13,13,441.570864
-13,13,441.597356
-13,13,442.82943
-13,13,442.864114
-13,13,442.895478
-13,13,442.922024
-14,14,442.950423
-14,14,442.97836
-13,13,443.004022
-13,13,443.030301
-122,23,443.083955
-14,14,443.112417
-14,14,443.146641
-15,15,443.177452
-15,15,443.208349
-13,13,443.235188
-14,14,443.264404
-15,15,443.295342
-14,14,443.324281
-113,14,443.35334
-13,13,444.629104
-16,16,444.662444
-13,13,444.691571
-17,17,444.726526
-13,13,444.757365
-13,13,444.783432
-16,16,444.815181
-14,14,444.843567
-13,13,444.869614
-13,13,444.89571
-15,15,444.925693
-13,13,444.952005
-13,13,444.977906
-15,15,445.007687
-15,15,445.043011
-13,13,445.070035
-14,14,445.098407
-13,13,445.124513
-13,13,445.150926
-14,14,446.395272
-13,13,446.422114
-13,13,446.448975
-13,13,446.47604
-13,13,446.502536
-13,13,446.528217
-13,13,446.554839
-13,13,446.580123
-13,13,446.606096
-13,13,446.63225
-15,15,446.662273
-13,13,446.688204
-13,13,446.714433
-14,14,446.742825
-13,13,446.769047
-14,14,446.797483
-13,13,446.823934
-13,13,446.850065
-13,13,446.876084
-13,13,448.131655
-13,13,448.1635
-13,13,448.188759
-13,13,448.214044
-13,13,448.240179
-13,13,448.27226
-13,13,448.302446
-13,13,448.329114
-13,13,448.355593
-13,13,448.382198
-13,13,448.414632
-13,13,448.440969
-13,13,448.467147
-13,13,448.493303
-13,13,448.520111
-13,13,448.546623
-13,13,448.573293
-13,13,448.599863
-13,13,448.625998
-13,13,448.652113
-13,13,449.899015
-13,13,449.92583
-13,13,449.95194
-13,13,449.978062
-13,13,450.004046
-13,13,450.030537
-13,13,450.058075
-13,13,450.085142
-13,13,450.111884
-13,13,450.138048
-13,13,450.164127
-13,13,450.190306
-13,13,450.221283
-13,13,450.248183
-13,13,450.274575
-13,13,450.30238
-13,13,450.328313
-13,13,450.354308
-13,13,450.380563
-13,13,451.618672
-13,13,451.648312
-13,13,451.674798
-13,13,451.700549
-13,13,451.726395
-13,13,451.75251
-13,13,451.783213
-13,13,451.809187
-13,13,451.835397
-13,13,451.861741
-13,13,451.887857
-13,13,451.913874
-13,13,451.93989
-13,13,451.965936
-13,13,451.992095
-13,13,452.018089
-13,13,452.044914
-13,13,452.071266
-13,13,452.103119
-13,13,452.129589
-13,13,453.391682
-13,13,453.418502
-13,13,453.44481
-13,13,453.475004
-13,13,453.50077
-13,13,453.526455
-13,13,453.553058
-13,13,453.579003
-13,13,453.60515
-15,15,453.635541
-13,13,453.662194
-13,13,453.691385
-13,13,453.716545
-13,13,453.741594
-13,13,453.766568
-13,13,453.791617
-13,13,453.816948
-13,13,453.843106
-13,13,453.869231
-13,13,453.895694
-13,13,455.151541
-13,13,455.178119
-13,13,455.204388
-13,13,455.230473
-13,13,455.256558
-13,13,455.28279
-13,13,455.309021
-13,13,455.335314
-13,13,455.361267
-13,13,455.387225
-13,13,455.413522
-13,13,455.440803
-13,13,455.471824
-13,13,455.498195
-13,13,455.524205
-13,13,455.550924
-13,13,455.577207
-13,13,455.603876
-13,13,455.630204
-13,13,456.857054
-13,13,456.88515
-14,14,456.912705
-15,15,456.942438
-214,16,456.973991
-14,14,457.001828
-13,13,457.027856
-13,13,457.054933
-115,16,457.0865
-114,15,457.11611
-114,15,457.145825
-15,15,457.176218
-13,13,457.202029
-13,13,457.22806
-113,14,457.256491
-14,14,457.284132
-13,13,457.310172
-13,13,457.343371
-13,13,457.369802
-15,15,458.678726
-14,14,458.706231
-13,13,458.731502
-13,13,458.756958
-14,14,458.784635
-13,13,458.810256
-13,13,458.835541
-14,14,458.863372
-13,13,458.888809
-13,13,458.913999
-13,13,458.939351
-14,14,458.967237
-13,13,458.992535
-13,13,459.023259
-13,13,459.050816
-13,13,459.077776
-13,13,459.103882
-13,13,459.129204
-13,13,459.154458
-14,14,460.378254
-14,14,460.406925
-13,13,460.432576
-13,13,460.458353
-13,13,460.48394
-13,13,460.509766
-13,13,460.536022
-13,13,460.562615
-13,13,460.588722
-13,13,460.616266
-13,13,460.642282
-13,13,460.668387
-13,13,460.694088
-13,13,460.720184
-14,14,460.748926
-13,13,460.775403
-13,13,460.801901
-13,13,460.828315
-13,13,460.856036
-13,13,462.099055
-13,13,462.126086
-13,13,462.152885
-13,13,462.178926
-13,13,462.207886
-13,13,462.236485
-13,13,462.262032
-13,13,462.287827
-13,13,462.313678
-13,13,462.339639
-13,13,462.365673
-13,13,462.3916
-13,13,462.417526
-13,13,462.443487
-13,13,462.469396
-13,13,462.495251
-13,13,462.521144
-13,13,462.547317
-13,13,462.573851
-13,13,462.599921
-13,13,463.856742
-13,13,463.890997
-13,13,463.9166
-13,13,463.941967
-13,13,463.967841
-13,13,463.993635
-13,13,464.019619
-13,13,464.045987
-13,13,464.071804
-13,13,464.097558
-13,13,464.12339
-13,13,464.149605
-13,13,464.175604
-13,13,464.201589
-13,13,464.227523
-13,13,464.253485
-13,13,464.27944
-13,13,464.305378
-13,13,464.331365
-13,13,464.357307
-13,13,465.602788
-13,13,465.628959
-13,13,465.655054
-13,13,465.681188
-13,13,465.707686
-13,13,465.734075
-13,13,465.760187
-13,13,465.786378
-13,13,465.812371
-13,13,465.838116
-13,13,465.863709
-13,13,465.889586
-13,13,465.915559
-13,13,465.94171
-13,13,465.967642
-13,13,465.993695
-13,13,466.019628
-13,13,466.045689
-13,13,466.072003
-13,13,467.309475
-13,13,467.344205
-13,13,467.376254
-13,13,467.402395
-13,13,467.428588
-13,13,467.455472
-13,13,467.48196
-13,13,467.508397
-13,13,467.53493
-13,13,467.56166
-13,13,467.588196
-13,13,467.614501
-13,13,467.640474
-13,13,467.66634
-13,13,467.69238
-14,14,467.72034
-13,13,467.746397
-13,13,467.772255
-13,13,467.798244
-13,13,467.824387
-13,13,469.066827
-13,13,469.093897
-13,13,469.12014
-13,13,469.152004
-13,13,469.178353
-13,13,469.204614
-13,13,469.230502
-13,13,469.256924
-13,13,469.283299
-13,13,469.30971
-13,13,469.340069
-13,13,469.365985
-13,13,469.396781
-13,13,469.422127
-13,13,469.447402
-13,13,469.472893
-13,13,469.498514
-13,13,469.523949
-13,13,469.550516
-13,13,469.576074
-13,13,470.800164
-13,13,470.826791
-13,13,470.852867
-13,13,470.878814
-13,13,470.905063
-13,13,470.931389
-13,13,470.957945
-13,13,470.98422
-13,13,471.010607
-13,13,471.037528
-13,13,471.064713
-13,13,471.09081
-13,13,471.116879
-13,13,471.142708
-13,13,471.168256
-13,13,471.193938
-13,13,471.219847
-13,13,471.245829
-13,13,471.271742
-13,13,472.504116
-13,13,472.53339
-13,13,472.560343
-13,13,472.586063
-13,13,472.612205
-13,13,472.638149
-13,13,472.663997
-13,13,472.690112
-13,13,472.716206
-13,13,472.745582
-13,13,472.770652
-13,13,472.795746
-13,13,472.820812
-13,13,472.847176
-13,13,472.872729
-13,13,472.898147
-13,13,472.923378
-13,13,472.948522
-13,13,472.973705
-13,13,472.999336
-13,13,474.26194
-13,13,474.290627
-13,13,474.316313
-13,13,474.342147
-13,13,474.36812
-13,13,474.394018
-13,13,474.41985
-13,13,474.445723
-13,13,474.471481
-13,13,474.497488
-13,13,474.523458
-13,13,474.550039
-13,13,474.575844
-13,13,474.601748
-13,13,474.627563
-13,13,474.659445
-13,13,474.689327
-13,13,474.716028
-14,14,474.744365
-13,13,474.770888
-13,13,476.00689
-13,13,476.034349
-13,13,476.061726
-13,13,476.088105
-13,13,476.114369
-13,13,476.140389
-13,13,476.167135
-13,13,476.193413
-13,13,476.219718
-13,13,476.245808
-13,13,476.272109
-13,13,476.304528
-13,13,476.330617
-13,13,476.356703
-13,13,476.382842
-13,13,476.409034
-13,13,476.435227
-13,13,476.462201
-13,13,476.489373
-13,13,477.730806
-13,13,477.759636
-13,13,477.786186
-13,13,477.81246
-13,13,477.838801
-13,13,477.865143
-13,13,477.891568
-13,13,477.918008
-13,13,477.94453
-13,13,477.971101
-13,13,477.997738
-13,13,478.024142
-13,13,478.051582
-13,13,478.078182
-13,13,478.104306
-13,13,478.131091
-13,13,478.157851
-13,13,478.184512
-13,13,478.211358
-13,13,478.238495
-13,13,479.427455
-13,13,479.454914
-13,13,479.482745
-13,13,479.509576
-13,13,479.536919
-13,13,479.564177
-13,13,479.590304
-13,13,479.616455
-13,13,479.642299
-13,13,479.668814
-13,13,479.695334
-13,13,479.722093
-13,13,479.7487
-13,13,479.775545
-13,13,479.802189
-13,13,479.82873
-13,13,479.855266
-13,13,479.881857
-13,13,479.908324
-13,13,479.934214
-13,13,481.142629
-13,13,481.169233
-13,13,481.195342
-13,13,481.221398
-13,13,481.247864
-13,13,481.273996
-13,13,481.300375
-13,13,481.326946
-13,13,481.353207
-13,13,481.379756
-13,13,481.406333
-13,13,481.432828
-13,13,481.459066
-13,13,481.485832
-13,13,481.512342
-13,13,481.539
-13,13,481.566134
-13,13,481.592674
-13,13,481.619008
-13,13,482.866122
-13,13,482.894939
-13,13,482.921232
-13,13,482.94738
-13,13,482.973608
-13,13,483.000072
-13,13,483.026565
-13,13,483.053733
-13,13,483.081043
-13,13,483.107518
-13,13,483.13388
-13,13,483.16019
-13,13,483.186575
-13,13,483.212886
-13,13,483.239349
-13,13,483.265846
-13,13,483.292503
-13,13,483.318965
-13,13,483.345502
-13,13,483.37208
-13,13,484.604001
-13,13,484.630747
-13,13,484.656643
-13,13,484.682403
-13,13,484.70803
-13,13,484.733907
-13,13,484.759786
-13,13,484.785773
-13,13,484.811806
-13,13,484.838087
-13,13,484.864346
-13,13,484.890347
-13,13,484.916553
-13,13,484.942386
-13,13,484.968055
-13,13,484.993974
-13,13,485.02002
-13,13,485.04644
-13,13,485.07231
-13,13,485.098452
-13,13,486.343795
-13,13,486.370207
-13,13,486.402256
-13,13,486.428589
-13,13,486.454554
-13,13,486.480554
-13,13,486.506551
-14,14,486.534754
-13,13,486.561255
-13,13,486.587466
-13,13,486.614036
-13,13,486.64064
-13,13,486.667787
-13,13,486.694466
-13,13,486.720971
-13,13,486.754691
-13,13,486.781518
-13,13,486.808245
-13,13,486.835019
-13,13,488.082286
-13,13,488.116511
-13,13,488.14305
-13,13,488.169602
-13,13,488.196236
-13,13,488.222987
-13,13,488.249971
-13,13,488.2762
-13,13,488.302877
-13,13,488.329601
-13,13,488.356194
-13,13,488.382319
-13,13,488.408556
-13,13,488.435443
-13,13,488.461752
-13,13,488.487277
-13,13,488.512552
-13,13,488.539434
-13,13,488.56543
-13,13,488.590713
-13,13,489.827393
-13,13,489.856394
-13,13,489.882798
-13,13,489.909598
-13,13,489.936252
-13,13,489.962338
-13,13,489.989082
-13,13,490.01567
-13,13,490.046355
-13,13,490.072955
-13,13,490.099467
-13,13,490.130714
-13,13,490.156684
-13,13,490.183219
-13,13,490.209314
-13,13,490.235492
-13,13,490.266304
-13,13,490.292911
-13,13,490.319293
-13,13,490.345839
-13,13,491.582199
-13,13,491.610102
-13,13,491.636762
-13,13,491.663174
-13,13,491.689699
-13,13,491.716295
-13,13,491.742735
-13,13,491.769365
-13,13,491.796013
-13,13,491.822629
-13,13,491.849128
-13,13,491.875758
-13,13,491.901958
-13,13,491.928478
-13,13,491.955033
-13,13,491.981567
-13,13,492.008019
-13,13,492.035125
-13,13,492.062312
-13,13,492.089133
-13,13,493.328325
-13,13,493.354513
-13,13,493.382692
-13,13,493.408126
-13,13,493.433861
-13,13,493.459777
-13,13,493.485799
-13,13,493.511642
-13,13,493.53811
-13,13,493.563914
-13,13,493.589929
-13,13,493.61604
-13,13,493.641802
-13,13,493.667164
-13,13,493.692967
-13,13,493.719263
-13,13,493.745535
-13,13,493.77183
-13,13,493.79813
-13,13,495.029319
-13,13,495.05707
-13,13,495.082582
-13,13,495.108165
-13,13,495.133497
-13,13,495.158815
-13,13,495.184017
-13,13,495.209285
-13,13,495.234453
-13,13,495.260302
-13,13,495.287167
-13,13,495.319191
-13,13,495.345812
-13,13,495.372205
-13,13,495.398608
-13,13,495.424706
-13,13,495.450297
-13,13,495.475671
-13,13,495.501717
-13,13,495.527404
-13,13,496.7824
-13,13,496.810011
-13,13,496.836487
-13,13,496.862525
-13,13,496.887975
-13,13,496.913765
-13,13,496.939672
-13,13,496.965702
-13,13,496.99167
-13,13,497.017745
-13,13,497.04493
-13,13,497.075679
-13,13,497.101401
-13,13,497.126711
-13,13,497.152604
-13,13,497.178579
-13,13,497.204342
-13,13,497.229785
-13,13,497.256124
-13,13,497.282341
-13,13,498.527484
-13,13,498.554298
-13,13,498.580825
-13,13,498.607038
-13,13,498.63394
-13,13,498.660854
-13,13,498.686744
-13,13,498.712744
-13,13,498.738171
-13,13,498.763504
-13,13,498.788778
-13,13,498.8141
-13,13,498.839823
-13,13,498.865785
-13,13,498.893632
-13,13,498.924324
-13,13,498.951406
-13,13,498.978187
-13,13,499.004299
-13,13,500.162361
-13,13,500.190072
-13,13,500.216804
-13,13,500.242777
-13,13,500.27446
-13,13,500.300405
-13,13,500.330895
-13,13,500.356778
-13,13,500.382637
-13,13,500.408599
-13,13,500.434758
-13,13,500.461491
-13,13,500.488
-13,13,500.514203
-13,13,500.540303
-13,13,500.566743
-13,13,500.592861
-13,13,500.619111
-13,13,500.645217
-13,13,500.6713
-13,13,501.904299
-13,13,501.932123
-13,13,501.959075
-13,13,501.985566
-13,13,502.012258
-13,13,502.039021
-13,13,502.065732
-13,13,502.092011
-13,13,502.118144
-13,13,502.144288
-13,13,502.170084
-13,13,502.196343
-13,13,502.222244
-13,13,502.249179
-13,13,502.27585
-13,13,502.30288
-13,13,502.330041
-13,13,502.356955
-13,13,502.38389
-13,13,502.410526
-13,13,503.630301
-13,13,503.657363
-13,13,503.684024
-13,13,503.710359
-13,13,503.736502
-13,13,503.763454
-13,13,503.79013
-13,13,503.816558
-13,13,503.843363
-13,13,503.870058
-13,13,503.896595
-13,13,503.922707
-13,13,503.954897
-13,13,503.980176
-13,13,504.00625
-13,13,504.03271
-13,13,504.060229
-13,13,504.087265
-13,13,504.118414
-13,13,505.362721
-13,13,505.389004
-13,13,505.415531
-13,13,505.444719
-13,13,505.470511
-13,13,505.497241
-13,13,505.524056
-13,13,505.550982
-13,13,505.578081
-13,13,505.604808
-13,13,505.631867
-13,13,505.658533
-13,13,505.685352
-13,13,505.712169
-13,13,505.738929
-13,13,505.765662
-13,13,505.792235
-13,13,505.818494
-13,13,505.844609
-13,13,505.871494
-13,13,507.120556
-13,13,507.14771
-13,13,507.17379
-13,13,507.199287
-13,13,507.225781
-13,13,507.252194
-13,13,507.278632
-13,13,507.305038
-13,13,507.331946
-13,13,507.359155
-13,13,507.394469
-13,13,507.421655
-13,13,507.448942
-13,13,507.476094
-13,13,507.503203
-13,13,507.53034
-13,13,507.558086
-13,13,507.585437
-13,13,507.612642
-13,13,507.639987
-13,13,508.840326
-13,13,508.868325
-13,13,508.894433
-13,13,508.920501
-13,13,508.94609
-13,13,508.972129
-13,13,508.997944
-13,13,509.023831
-13,13,509.054801
-13,13,509.085242
-13,13,509.119047
-13,13,509.145011
-13,13,509.171279
-13,13,509.201415
-13,13,509.22668
-13,13,509.251977
-13,13,509.277347
-13,13,509.302757
-13,13,509.328183
-13,13,510.584207
-13,13,510.615261
-13,13,510.64164
-13,13,510.668607
-13,13,510.694196
-13,13,510.720098
-13,13,510.746125
-13,13,510.771996
-13,13,510.797971
-13,13,510.823788
-13,13,510.849779
-13,13,510.875758
-13,13,510.901633
-13,13,510.927535
-13,13,510.953473
-13,13,510.979119
-13,13,511.004961
-13,13,511.031
-13,13,511.057679
-13,13,511.082941
-13,13,512.337582
-13,13,512.365126
-13,13,512.392578
-13,13,512.419473
-13,13,512.447129
-13,13,512.474187
-13,13,512.500502
-13,13,512.527382
-13,13,512.559199
-13,13,512.585204
-13,13,512.611132
-13,13,512.637315
-13,13,512.663284
-13,13,512.689372
-13,13,512.718858
-13,13,512.751125
-13,13,512.783014
-13,13,512.809951
-13,13,512.837036
-13,13,512.868291
-13,13,514.12433
-13,13,514.150958
-13,13,514.183102
-13,13,514.20955
-13,13,514.236618
-13,13,514.263451
-13,13,514.289763
-13,13,514.319177
-13,13,514.34632
-13,13,514.372628
-13,13,514.398762
-13,13,514.425052
-13,13,514.451145
-13,13,514.47729
-13,13,514.503414
-13,13,514.52971
-13,13,514.558251
-13,13,514.584569
-13,13,514.611407
-13,13,514.638082
-13,13,515.897482
-13,13,515.923393
-13,13,515.949152
-13,13,515.975354
-13,13,516.007611
-13,13,516.034492
-13,13,516.063034
-13,13,516.088697
-13,13,516.114037
-13,13,516.139421
-13,13,516.164728
-13,13,516.190069
-13,13,516.215388
-13,13,516.241039
-13,13,516.266672
-13,13,516.293572
-13,13,516.321068
-13,13,516.34669
-13,13,516.378487
-13,13,517.618868
-13,13,517.646541
-13,13,517.672175
-13,13,517.697863
-13,13,517.723341
-13,13,517.749107
-13,13,517.774732
-13,13,517.800261
-13,13,517.825701
-13,13,517.852121
-13,13,517.878018
-13,13,517.903591
-13,13,517.92924
-13,13,517.954917
-13,13,517.981106
-13,13,518.006921
-13,13,518.032895
-13,13,518.059244
-13,13,518.084866
-13,13,518.110454
-13,13,519.386046
-13,13,519.413875
-13,13,519.440696
-13,13,519.467506
-13,13,519.494326
-13,13,519.52124
-13,13,519.548829
-13,13,519.575665
-13,13,519.602334
-13,13,519.629096
-13,13,519.656463
-13,13,519.687914
-13,13,519.713391
-13,13,519.739476
-13,13,519.765698
-13,13,519.791221
-13,13,519.817187
-13,13,519.84358
-13,13,519.870259
-13,13,519.896458
-13,13,521.168676
-13,13,521.195951
-13,13,521.222868
-13,13,521.250017
-13,13,521.279577
-13,13,521.304927
-13,13,521.330598
-13,13,521.356335
-13,13,521.38226
-13,13,521.408308
-13,13,521.434439
-13,13,521.461313
-13,13,521.48737
-13,13,521.513373
-13,13,521.539295
-13,13,521.566204
-13,13,521.59246
-13,13,521.619459
-13,13,521.645795
-13,13,522.814711
-17,17,522.848346
-1323,135,523.119418
-655,61,523.24119
-127,28,523.298778
