#{"t_start": 1630878426.6016114, "env_id": "imitationNM/SortingOnions-v0"}
r,l,t
0.0,1,1.720554
0.0,1,1.721866
0.0,1,1.723141
0.0,1,1.724874
0.0,1,1.726059
0.0,1,1.727149
0.276316,2,1.729415
0.0,1,1.730535
0.0,1,1.731601
0.0,1,1.732718
0.0,1,1.733785
0.0,1,1.734951
0.552632,3,1.73847
-0.065789,2,1.740704
0.0,1,1.74199
0.276316,2,1.74412
0.0,1,1.745132
0.276316,2,1.74736
0.0,1,1.748598
0.0,1,1.749749
0.276316,2,1.752094
-0.065789,2,1.75419
0.0,1,1.755197
-0.065789,2,1.757457
0.0,1,1.758601
0.0,1,1.759692
0.0,1,1.760788
0.0,1,1.761956
0.276316,2,1.764101
0.0,1,1.765349
0.0,1,1.766329
0.0,1,1.76735
0.0,1,1.768379
-0.065789,2,1.771058
0.0,1,1.77259
0.0,1,1.774141
0.0,1,1.775848
0.0,1,1.77741
0.0,1,1.778945
0.0,1,1.779928
0.0,1,1.78112
0.276316,2,1.783366
0.0,1,1.784538
0.0,1,1.785697
-0.065789,2,1.787892
0.0,1,1.789081
-0.065789,2,1.79139
0.0,1,1.792418
0.210526,3,1.795765
0.0,1,1.796844
-0.065789,2,1.799985
0.0,1,1.801365
0.0,1,1.802907
0.0,1,1.804268
0.0,1,1.805641
0.0,1,1.807182
0.0,1,1.808496
0.276316,2,1.811354
0.0,1,1.81256
0.0,1,1.813531
0.0,1,1.814782
0.276316,2,1.816919
0.0,1,1.818187
0.0,1,1.819251
0.0,1,1.820244
0.0,1,1.821244
0.0,1,1.822345
0.0,1,1.823429
0.0,1,1.824421
0.0,1,1.825443
0.0,1,1.826462
0.0,1,1.827594
0.0,1,1.82862
-0.065789,2,1.830867
0.0,1,1.831925
-0.065789,2,1.833965
0.0,1,1.835046
0.0,1,1.836074
0.0,1,1.83716
0.0,1,1.838398
0.0,1,1.839439
0.0,1,1.84052
0.276316,2,1.842501
0.0,1,1.843488
0.0,1,1.844541
-0.065789,2,1.846528
0.0,1,1.84779
-0.065789,2,1.849738
0.0,1,1.850786
0.0,1,1.851811
0.0,1,1.852845
0.0,1,1.853878
0.0,1,1.854927
0.0,1,1.855904
-0.065789,2,1.857983
-0.065789,2,1.859935
0.0,1,1.860957
0.0,1,1.86199
0.276316,2,1.863992
0.0,1,1.864976
0.0,1,1.865938
0.0,1,1.86692
0.0,1,1.8679
0.0,1,1.868841
0.0,1,1.869853
0.0,1,1.870808
0.0,1,1.871817
0.276316,2,1.87378
0.0,1,1.874741
0.0,1,1.875733
0.276316,2,1.877735
0.0,1,1.878756
0.0,1,1.879762
0.0,1,1.880762
0.0,1,1.881799
0.0,1,1.882785
-0.065789,2,1.884755
0.276316,2,1.886726
0.0,1,1.887733
0.0,1,1.888751
0.0,1,1.889741
0.0,1,1.890775
0.0,1,1.89174
0.0,1,1.892707
0.0,1,1.893696
0.0,1,1.894727
-0.065789,2,1.896696
0.0,1,1.897674
0.0,1,1.898691
-0.065789,2,1.900667
0.0,1,1.901671
0.0,1,1.902702
-0.065789,2,1.904658
0.0,1,1.905674
0.0,1,1.906661
0.0,1,1.907695
0.210526,3,1.910606
0.0,1,1.911591
0.0,1,1.912576
0.0,1,1.913536
0.0,1,1.914553
0.0,1,1.915547
0.0,1,1.916542
0.0,1,1.91752
0.0,1,1.918484
0.0,1,1.919461
0.0,1,1.92045
0.0,1,1.921448
0.0,1,1.922463
0.210526,3,1.925485
0.210526,3,1.92836
0.0,1,1.929346
0.0,1,1.930316
0.0,1,1.931301
0.0,1,1.932263
0.0,1,1.933261
0.0,1,1.934284
0.0,1,1.936156
0.0,1,1.937919
0.0,1,1.939626
-0.065789,2,1.942627
0.0,1,1.943633
0.276316,2,1.945598
0.0,1,1.94661
0.0,1,1.947618
0.276316,2,1.949604
0.210526,3,1.952764
0.276316,2,1.95482
-0.065789,2,1.956937
0.0,1,1.958083
0.0,1,1.959349
-0.065789,2,1.961564
0.0,1,1.962623
0.276316,2,1.965514
0.0,1,1.966549
0.0,1,1.967573
0.0,1,1.968568
0.0,1,1.969583
0.0,1,1.970499
0.0,1,1.971495
-0.131579,3,1.97495
-0.065789,2,1.977015
-0.065789,2,1.979055
0.0,1,1.980046
0.0,1,1.981051
-0.065789,2,1.983056
0.0,1,1.984067
0.0,1,1.985078
0.276316,2,1.987099
0.0,1,1.988072
0.0,1,1.989088
0.0,1,1.990086
0.276316,2,1.992274
0.0,1,1.99328
0.0,1,1.994269
0.0,1,1.995298
0.276316,2,1.997319
0.552632,3,2.000336
0.0,1,2.001372
0.0,1,2.002381
0.0,1,2.0034
0.0,1,2.004409
0.210526,3,2.00741
0.0,1,2.008411
-0.065789,2,2.010427
0.0,1,2.01147
-0.065789,2,2.013491
0.0,1,2.014517
-0.065789,2,2.016597
0.0,1,2.017644
0.0,1,2.018675
0.0,1,2.019724
-0.065789,2,2.021727
0.276316,2,2.02371
0.0,1,2.02475
0.0,1,2.025742
0.0,1,2.02675
0.0,1,2.027759
0.276316,2,2.029724
0.0,1,2.030739
0.0,1,2.031715
0.276316,2,2.033701
0.0,1,2.034738
-0.065789,2,2.036754
0.0,1,2.037758
0.0,1,2.038775
0.0,1,2.039732
0.0,1,2.040731
0.0,1,2.04174
0.0,1,2.042749
0.0,1,2.04371
0.0,1,2.044683
0.0,1,2.045686
0.078947,5,2.050616
0.0,1,2.051636
0.0,1,2.052665
0.0,1,2.053651
0.0,1,2.054646
0.276316,2,2.056686
0.276316,2,2.058679
0.0,1,2.059729
0.0,1,2.060703
0.0,1,2.061719
0.0,1,2.06272
0.0,1,2.06371
0.276316,2,2.065648
-0.065789,2,2.067647
0.0,1,2.068642
0.0,1,2.069658
0.0,1,2.070693
0.0,1,2.071748
-0.065789,2,2.074168
-0.065789,2,2.076656
0.0,1,2.077655
0.0,1,2.078652
0.0,1,2.079587
0.276316,2,2.081537
0.276316,2,2.083524
0.0,1,2.084476
0.0,1,2.085473
-0.065789,2,2.087487
0.276316,2,2.089427
0.0,1,2.090427
0.0,1,2.091631
0.0,1,2.092643
-0.065789,2,2.094616
0.0,1,2.095622
-0.065789,2,2.097609
0.276316,2,2.100041
0.0,1,2.101418
0.0,1,2.102836
0.0,1,2.103956
0.0,1,2.104941
0.0,1,2.105961
0.276316,2,2.108019
-0.065789,2,2.110005
0.0,1,2.110991
0.0,1,2.111992
0.0,1,2.112978
0.0,1,2.114005
0.0,1,2.114993
-0.065789,2,2.116984
0.0,1,2.11798
0.0,1,2.119013
0.0,1,2.120054
0.697368,3,2.12303
0.0,1,2.124069
0.0,1,2.125077
0.0,1,2.126094
0.276316,2,2.128123
0.0,1,2.129089
0.0,1,2.130114
0.0,1,2.131132
0.0,1,2.132132
0.0,1,2.133118
-0.065789,2,2.135055
0.0,1,2.136085
0.0,1,2.13708
-0.065789,2,2.139209
0.0,1,2.140437
0.0,1,2.141694
0.0,1,2.142848
0.0,1,2.143819
0.0,1,2.144788
0.276316,2,2.14676
-0.065789,2,2.148653
0.0,1,2.149651
-0.065789,2,2.151671
0.276316,2,2.153627
0.0,1,2.154589
0.276316,2,2.156626
0.0,1,2.157643
0.0,1,2.158666
0.0,1,2.159684
0.0,1,2.160687
-0.197368,4,2.164744
0.276316,2,2.166774
0.0,1,2.167793
0.0,1,2.168816
-0.065789,2,2.170724
0.276316,2,2.172714
0.0,1,2.173742
0.552632,3,2.176794
0.0,1,2.177819
-0.065789,2,2.179932
0.0,1,2.180959
-0.131579,3,2.184035
0.276316,2,2.186097
0.0,1,2.18715
0.0,1,2.188184
0.0,1,2.189184
0.0,1,2.19026
0.0,1,2.191265
0.697368,3,2.194177
0.0,1,2.195173
0.0,1,2.19616
0.0,1,2.197156
0.0,1,2.198157
0.0,1,2.199183
0.0,1,2.200248
0.0,1,2.201278
0.210526,3,2.204316
0.276316,2,2.206388
0.0,1,2.207397
0.0,1,2.20838
0.0,1,2.209373
0.0,1,2.210388
0.0,1,2.211414
0.0,1,2.212423
-0.065789,2,2.214381
0.276316,2,2.216359
0.276316,2,2.21835
0.0,1,2.219424
0.0,1,2.22043
0.0,1,2.221467
0.0,1,2.222477
-0.065789,2,2.224431
0.0,1,2.225444
0.276316,2,2.227504
0.0,1,2.228552
0.0,1,2.229584
0.0,1,2.230586
0.276316,2,2.232657
0.0,1,2.233696
-0.197368,4,2.237749
0.0,1,2.238695
0.0,1,2.240107
0.0,1,2.241457
-0.065789,2,2.243878
-0.065789,2,2.245872
0.0,1,2.246919
0.0,1,2.247928
0.276316,2,2.25001
0.0,1,2.251045
-0.065789,2,2.253623
0.0,1,2.254609
0.210526,3,2.257521
0.0,1,2.258526
0.0,1,2.259533
0.0,1,2.260501
0.0,1,2.261465
0.0,1,2.262467
0.0,1,2.263438
0.0,1,2.264427
0.0,1,2.265427
0.0,1,2.266449
0.0,1,2.267436
0.210526,3,2.270556
0.0,1,2.271672
0.0,1,2.272667
-0.065789,2,2.274639
0.0,1,2.275608
0.0,1,2.276599
0.0,1,2.277591
0.0,1,2.278593
0.0,1,2.279591
0.0,1,2.280564
0.828947,4,2.284425
0.0,1,2.285441
-0.197368,4,2.289389
0.276316,2,2.291406
-0.065789,2,2.293385
0.0,1,2.294391
0.0,1,2.295435
0.0,1,2.296515
0.276316,2,2.298576
0.0,1,2.299628
0.276316,2,2.301557
0.0,1,2.302606
0.276316,2,2.304671
0.0,1,2.305655
0.0,1,2.306615
0.276316,2,2.308571
0.0,1,2.309564
0.0,1,2.310495
0.0,1,2.31145
0.0,1,2.312481
0.0,1,2.313449
0.0,1,2.314417
0.0,1,2.315383
0.0,1,2.316408
0.0,1,2.317413
-0.065789,2,2.31935
0.210526,3,2.322544
0.276316,2,2.324546
0.0,1,2.325517
0.0,1,2.326516
0.0,1,2.327485
0.0,1,2.328463
0.0,1,2.329422
-0.065789,2,2.331391
0.0,1,2.332381
0.0,1,2.333376
0.0,1,2.33437
0.0,1,2.335359
0.0,1,2.336766
0.276316,2,2.339101
0.0,1,2.340045
0.0,1,2.341289
0.0,1,2.342464
0.0,1,2.343446
0.0,1,2.344438
0.0,1,2.345407
-0.131579,3,2.348977
0.276316,2,2.351569
0.0,1,2.352558
0.0,1,2.353515
0.0,1,2.354495
0.0,1,2.35552
0.276316,2,2.357705
0.0,1,2.358719
0.0,1,2.35974
0.0,1,2.360723
0.0,1,2.361726
0.0,1,2.362723
0.276316,2,2.364718
0.0,1,2.365698
0.0,1,2.366702
0.0,1,2.36764
0.0,1,2.368612
-0.065789,2,2.370847
0.0,1,2.372126
0.0,1,2.373178
0.0,1,2.37446
0.0,1,2.375503
0.0,1,2.376675
0.0,1,2.378092
0.0,1,2.379236
-0.065789,2,2.381398
0.0,1,2.382405
0.276316,2,2.384529
0.276316,2,2.386525
0.0,1,2.387584
0.0,1,2.388518
0.0,1,2.38956
0.0,1,2.390596
0.0,1,2.391719
0.0,1,2.392737
-0.065789,2,2.394864
0.0,1,2.395856
0.276316,2,2.397976
-0.065789,2,2.400085
0.0,1,2.401097
0.0,1,2.402113
0.0,1,2.403212
0.276316,2,2.405107
0.0,1,2.406126
0.0,1,2.407126
0.0,1,2.408157
0.0,1,2.409155
-0.131579,3,2.412184
0.276316,2,2.414267
0.0,1,2.415271
0.0,1,2.416261
0.0,1,2.417254
0.0,1,2.418249
-0.065789,2,2.420269
0.0,1,2.421384
0.0,1,2.422399
0.276316,2,2.424375
0.0,1,2.425371
0.276316,2,2.427563
0.0,1,2.428545
0.0,1,2.429529
-0.065789,2,2.431469
0.0,1,2.432448
0.0,1,2.433438
-0.065789,2,2.435392
0.0,1,2.436379
0.0,1,2.437354
0.0,1,2.438349
0.0,1,2.439336
0.0,1,2.440308
-0.065789,2,2.442414
0.276316,2,2.444379
0.0,1,2.445385
0.0,1,2.446349
0.0,1,2.447282
0.0,1,2.448255
0.0,1,2.449175
0.0,1,2.450171
0.0,1,2.451166
0.0,1,2.452167
0.210526,3,2.455109
0.0,1,2.456136
0.0,1,2.457122
0.0,1,2.458138
-0.065789,2,2.460582
0.276316,2,2.462541
0.0,1,2.463533
0.0,1,2.464516
0.0,1,2.465482
0.0,1,2.466437
0.0,1,2.467408
0.0,1,2.468381
-0.065789,2,2.470752
0.0,1,2.471722
0.0,1,2.472705
0.0,1,2.473684
0.0,1,2.475083
0.0,1,2.476067
-0.065789,2,2.478156
-0.065789,2,2.480218
0.0,1,2.481202
0.0,1,2.482202
0.0,1,2.483201
0.0,1,2.484195
0.0,1,2.485185
0.0,1,2.486206
0.276316,2,2.488141
0.0,1,2.489103
0.0,1,2.490076
0.0,1,2.49117
-0.065789,2,2.493107
0.0,1,2.494056
0.276316,2,2.496223
0.0,1,2.497313
0.0,1,2.498411
0.0,1,2.499502
0.276316,2,2.501505
0.0,1,2.502558
0.0,1,2.503702
0.0,1,2.504864
0.0,1,2.505926
0.276316,2,2.508182
0.0,1,2.509232
0.0,1,2.5104
-0.065789,2,2.512546
0.0,1,2.513529
0.0,1,2.51456
0.276316,2,2.516634
0.0,1,2.517668
0.276316,2,2.51969
0.0,1,2.520706
0.0,1,2.521724
0.276316,2,2.523756
0.276316,2,2.525935
0.0,1,2.52695
-0.065789,2,2.529255
0.0,1,2.530293
0.276316,2,2.532348
0.0,1,2.533379
0.0,1,2.534387
0.276316,2,2.536454
-0.065789,2,2.538494
0.0,1,2.539488
0.0,1,2.540533
0.0,1,2.541742
0.0,1,2.542775
0.0,1,2.543775
0.0,1,2.544911
-0.065789,2,2.547175
0.276316,2,2.549447
0.0,1,2.550493
0.0,1,2.551517
0.0,1,2.552546
-0.065789,2,2.554729
0.486842,4,2.558895
0.0,1,2.559904
0.0,1,2.560971
0.0,1,2.562209
0.0,1,2.56325
-0.065789,2,2.565211
0.0,1,2.56624
0.0,1,2.567251
0.0,1,2.568268
0.0,1,2.56929
0.276316,2,2.57129
0.276316,2,2.57331
0.0,1,2.574497
0.0,1,2.575533
0.0,1,2.576534
0.276316,2,2.578675
0.0,1,2.579762
0.0,1,2.580878
0.0,1,2.581901
0.0,1,2.583001
0.0,1,2.58404
0.0,1,2.585077
0.0,1,2.586222
0.0,1,2.587396
0.0,1,2.588419
0.0,1,2.58944
0.0,1,2.590463
0.0,1,2.591647
0.0,1,2.592643
0.0,1,2.593569
0.0,1,2.594618
0.0,1,2.595664
0.0,1,2.596722
0.0,1,2.597768
0.0,1,2.598787
-0.065789,2,2.600746
0.0,1,2.601966
0.276316,2,2.604249
0.0,1,2.60525
0.0,1,2.606284
0.0,1,2.607305
0.0,1,2.608529
0.0,1,2.609532
0.0,1,2.610518
-0.131579,3,2.613563
0.0,1,2.614574
-0.065789,2,2.616759
0.144737,4,2.62158
0.0,1,2.622762
0.486842,4,2.627252
0.552632,3,2.630237
0.276316,2,2.632255
0.0,1,2.633268
0.0,1,2.634287
0.0,1,2.635309
0.276316,2,2.637432
0.0,1,2.639049
0.0,1,2.640903
0.0,1,2.642393
0.0,1,2.643701
0.0,1,2.645008
0.0,1,2.647032
0.0,1,2.648353
0.0,1,2.649815
0.276316,2,2.651949
0.0,1,2.652952
0.276316,2,2.65513
0.0,1,2.656193
0.0,1,2.657254
0.0,1,2.658867
0.0,1,2.659918
0.0,1,2.660962
0.0,1,2.662155
0.0,1,2.663331
-0.131579,3,2.666378
-0.131579,3,2.669367
-0.131579,3,2.672559
0.0,1,2.673645
0.0,1,2.674926
0.0,1,2.67602
0.0,1,2.677092
-0.065789,2,2.67978
0.0,1,2.681043
0.0,1,2.682123
-0.065789,2,2.684216
0.0,1,2.685268
0.0,1,2.686369
0.0,1,2.687427
0.0,1,2.688408
0.0,1,2.689468
0.0,1,2.69049
0.0,1,2.691984
0.0,1,2.693085
0.0,1,2.69421
0.0,1,2.695439
0.0,1,2.696759
0.0,1,2.697836
0.276316,2,2.700097
-0.065789,2,2.702182
0.0,1,2.703228
-0.065789,2,2.705708
0.0,1,2.707156
0.0,1,2.709036
0.0,1,2.710606
-0.065789,2,2.714146
0.210526,3,2.71835
0.0,1,2.719802
0.0,1,2.721107
0.0,1,2.722308
0.0,1,2.723482
0.0,1,2.724936
0.276316,2,2.727131
0.0,1,2.728379
0.276316,2,2.730678
0.0,1,2.731721
0.210526,3,2.734885
0.0,1,2.735931
0.0,1,2.736997
0.0,1,2.737991
0.0,1,2.739007
0.0,1,2.740071
0.0,1,2.741655
0.0,1,2.74293
0.0,1,2.74406
0.210526,3,2.747534
0.0,1,2.748527
0.0,1,2.749659
0.276316,2,2.751859
0.0,1,2.752971
0.0,1,2.754139
0.0,1,2.755324
0.0,1,2.75635
0.0,1,2.757394
0.0,1,2.758926
-0.065789,2,2.761048
0.0,1,2.762281
0.0,1,2.763301
0.0,1,2.764333
0.0,1,2.765347
0.0,1,2.766357
0.0,1,2.767399
0.210526,3,2.770538
0.0,1,2.771626
0.0,1,2.772651
0.210526,3,2.776292
0.0,1,2.777516
0.0,1,2.778875
0.0,1,2.779954
0.0,1,2.781007
0.0,1,2.782052
0.0,1,2.783062
0.0,1,2.784111
0.0,1,2.785135
0.0,1,2.786171
0.0,1,2.787232
0.0,1,2.788336
0.0,1,2.789429
0.0,1,2.790524
0.0,1,2.791933
0.0,1,2.792935
0.0,1,2.793991
0.0,1,2.795455
-0.065789,2,2.797484
0.276316,2,2.799545
0.0,1,2.8006
0.0,1,2.80165
0.631579,4,2.805898
0.210526,3,2.809368
0.0,1,2.810583
0.0,1,2.812079
0.0,1,2.81313
0.0,1,2.814196
-0.065789,2,2.816232
0.0,1,2.817295
-0.065789,2,2.819391
0.0,1,2.820442
0.0,1,2.821507
0.0,1,2.82258
0.276316,2,2.824831
-0.065789,2,2.826974
0.0,1,2.828002
0.0,1,2.829072
0.0,1,2.830149
0.0,1,2.831177
0.0,1,2.832311
0.0,1,2.83329
0.276316,2,2.835508
-0.065789,2,2.837671
0.0,1,2.838754
0.276316,2,2.840895
0.0,1,2.841977
0.0,1,2.842983
0.0,1,2.84399
0.0,1,2.845003
0.276316,2,2.846976
0.0,1,2.847937
0.0,1,2.848922
0.0,1,2.849975
0.0,1,2.851018
0.0,1,2.852054
0.276316,2,2.854033
0.0,1,2.855082
-0.065789,2,2.857455
0.0,1,2.858697
0.276316,2,2.86077
0.0,1,2.862159
0.0,1,2.863142
0.0,1,2.864082
-0.065789,2,2.865996
0.0,1,2.866964
-0.065789,2,2.868915
0.0,1,2.870201
0.0,1,2.871208
0.0,1,2.872204
0.0,1,2.873235
0.0,1,2.874227
0.276316,2,2.876456
0.276316,2,2.878459
-0.065789,2,2.880461
0.276316,2,2.882452
0.0,1,2.883441
0.0,1,2.884388
0.0,1,2.885369
-0.065789,2,2.887371
0.0,1,2.88835
-0.065789,2,2.890367
0.0,1,2.891336
0.0,1,2.892354
0.0,1,2.893361
-0.065789,2,2.895375
0.0,1,2.896386
-0.065789,2,2.898371
-0.065789,2,2.900388
0.0,1,2.901398
-0.065789,2,2.903401
0.0,1,2.904395
0.0,1,2.905333
0.0,1,2.906281
0.0,1,2.907306
-0.065789,2,2.90928
0.0,1,2.910291
0.0,1,2.911264
-0.197368,4,2.915192
0.552632,3,2.918162
0.0,1,2.919136
0.0,1,2.920143
0.0,1,2.921154
-0.197368,4,2.925084
0.0,1,2.926072
0.0,1,2.927074
0.0,1,2.928088
0.0,1,2.929096
0.552632,3,2.932072
0.0,1,2.933034
0.0,1,2.934054
0.0,1,2.93506
0.0,1,2.936062
0.0,1,2.937014
0.0,1,2.938018
-0.065789,2,2.940103
0.0,1,2.941041
-0.131579,3,2.944057
0.276316,2,2.946084
0.0,1,2.947213
0.0,1,2.948237
0.276316,2,2.950235
0.0,1,2.951234
0.0,1,2.952289
-0.065789,2,2.954396
0.0,1,2.955483
0.0,1,2.958283
0.276316,2,2.96029
0.0,1,2.961322
0.0,1,2.962328
0.0,1,2.963345
0.276316,2,2.96536
-0.065789,2,2.967389
0.0,1,2.968392
0.0,1,2.969421
0.0,1,2.970435
0.0,1,2.971508
0.0,1,2.972548
0.0,1,2.973614
-0.065789,2,2.975689
-0.065789,2,2.977678
0.0,1,2.978689
0.0,1,2.979667
0.0,1,2.980668
0.0,1,2.981664
0.0,1,2.982667
0.276316,2,2.984655
0.276316,2,2.986737
0.631579,4,2.990829
0.0,1,2.99183
0.276316,2,2.993837
0.0,1,2.994856
0.0,1,2.995867
0.0,1,2.996889
0.0,1,2.997896
0.0,1,2.998908
0.0,1,2.999883
0.0,1,3.000936
0.0,1,3.001997
0.0,1,3.003032
-0.065789,2,3.005213
0.0,1,3.006264
0.0,1,3.007278
0.0,1,3.008326
0.0,1,3.00935
0.0,1,3.010363
0.0,1,3.011383
0.276316,2,3.013462
0.0,1,3.014508
0.0,1,3.015513
0.552632,3,3.018532
0.276316,2,3.020532
0.0,1,3.021545
0.0,1,3.022605
0.0,1,3.023631
0.0,1,3.024619
0.276316,2,3.027486
0.0,1,3.028636
0.210526,3,3.031979
0.0,1,3.03303
0.276316,2,3.035128
0.276316,2,3.037231
0.276316,2,3.039418
0.0,1,3.040458
0.210526,3,3.04419
0.276316,2,3.046252
0.0,1,3.047322
0.0,1,3.048308
0.0,1,3.053471
0.0,1,3.054525
0.0,1,3.055615
0.0,1,3.056638
0.0,1,3.057976
0.210526,3,3.061582
0.276316,2,3.063684
0.0,1,3.064613
0.0,1,3.065634
0.0,1,3.066767
0.276316,2,3.0696
0.0,1,3.070974
0.0,1,3.07228
-0.065789,2,3.075839
0.0,1,3.077018
0.0,1,3.078053
-0.065789,2,3.080052
0.0,1,3.081075
0.276316,2,3.083174
0.0,1,3.08419
0.0,1,3.085238
0.0,1,3.086715
0.0,1,3.088069
0.276316,2,3.091104
0.276316,2,3.094248
-0.065789,2,3.097662
0.0,1,3.099137
0.0,1,3.100463
0.210526,3,3.103617
0.0,1,3.104755
0.276316,2,3.106967
-0.065789,2,3.109411
0.0,1,3.110447
0.0,1,3.111941
0.0,1,3.113014
0.0,1,3.114049
0.697368,3,3.117057
0.276316,2,3.119088
-0.065789,2,3.121245
0.0,1,3.122352
0.0,1,3.123475
0.0,1,3.124585
-0.065789,2,3.12709
0.0,1,3.128573
0.0,1,3.129535
0.0,1,3.130518
0.0,1,3.131591
0.0,1,3.132634
0.0,1,3.133703
0.0,1,3.134785
-0.065789,2,3.136928
0.0,1,3.138166
0.0,1,3.139355
0.0,1,3.140361
0.0,1,3.141543
0.0,1,3.142719
0.210526,3,3.145993
0.0,1,3.147041
0.0,1,3.148068
0.0,1,3.14909
0.0,1,3.150123
0.0,1,3.151148
0.0,1,3.152167
0.276316,2,3.154215
0.0,1,3.155246
0.0,1,3.156278
0.0,1,3.15724
0.276316,2,3.159684
0.0,1,3.16068
0.0,1,3.161686
0.210526,3,3.165487
0.276316,2,3.167492
0.0,1,3.168419
0.0,1,3.1694
0.0,1,3.170465
0.0,1,3.171483
0.276316,2,3.173481
0.0,1,3.174469
0.0,1,3.175856
0.0,1,3.176859
0.0,1,3.177946
0.0,1,3.179333
0.0,1,3.180311
0.0,1,3.181282
-0.065789,2,3.1833
0.0,1,3.184302
0.0,1,3.185292
0.0,1,3.186336
0.0,1,3.1874
0.0,1,3.188467
-0.065789,2,3.190545
-0.065789,2,3.192971
0.0,1,3.19402
-0.065789,2,3.19644
-0.131579,3,3.19951
0.276316,2,3.201567
0.0,1,3.202607
0.0,1,3.203671
0.210526,3,3.206797
0.276316,2,3.209309
0.0,1,3.210314
0.0,1,3.211381
-0.065789,2,3.213849
0.552632,3,3.21683
0.0,1,3.217885
0.0,1,3.218951
0.0,1,3.220053
0.0,1,3.22108
0.0,1,3.222095
0.276316,2,3.224014
0.0,1,3.225574
0.276316,2,3.227631
0.0,1,3.229061
0.0,1,3.23016
0.0,1,3.231209
0.276316,2,3.233304
0.276316,2,3.235433
0.0,1,3.236494
0.276316,2,3.238576
-0.065789,2,3.240674
0.0,1,3.242278
-0.065789,2,3.244339
0.0,1,3.245533
0.0,1,3.246641
0.0,1,3.247693
0.0,1,3.248756
-0.065789,2,3.250764
0.0,1,3.251779
0.0,1,3.252842
0.0,1,3.25396
0.0,1,3.255038
0.0,1,3.256188
0.0,1,3.257267
0.0,1,3.259037
0.276316,2,3.261019
0.0,1,3.262148
0.276316,2,3.264208
0.0,1,3.265196
0.0,1,3.266194
0.0,1,3.2672
0.0,1,3.268176
0.0,1,3.26915
0.0,1,3.270178
0.0,1,3.271245
0.0,1,3.272246
0.0,1,3.27321
0.0,1,3.27422
0.0,1,3.275697
0.0,1,3.27664
0.0,1,3.277567
0.0,1,3.278674
0.0,1,3.279708
0.0,1,3.280702
0.0,1,3.281656
0.0,1,3.282708
0.276316,2,3.284778
0.0,1,3.285815
0.0,1,3.286822
-0.065789,2,3.28877
0.0,1,3.28973
0.276316,2,3.292286
0.0,1,3.29328
0.0,1,3.294276
0.0,1,3.295783
0.0,1,3.29678
0.0,1,3.297821
0.0,1,3.29882
0.0,1,3.299802
0.0,1,3.3008
0.0,1,3.301807
0.0,1,3.302843
0.0,1,3.303862
0.0,1,3.304885
0.276316,2,3.306848
0.276316,2,3.309344
0.276316,2,3.311525
0.0,1,3.312572
0.0,1,3.313604
0.552632,3,3.316632
0.0,1,3.317674
0.0,1,3.318681
0.0,1,3.319697
0.0,1,3.320735
0.0,1,3.321803
0.0,1,3.322855
0.0,1,3.323892
0.0,1,3.325279
0.276316,2,3.327403
0.0,1,3.328363
-0.065789,2,3.330503
0.0,1,3.331548
0.0,1,3.332556
0.0,1,3.333568
0.0,1,3.334671
0.0,1,3.336113
0.0,1,3.337234
0.0,1,3.338271
0.0,1,3.339307
0.0,1,3.340436
0.0,1,3.34147
0.0,1,3.342957
0.276316,2,3.34502
0.0,1,3.346217
0.276316,2,3.348272
0.0,1,3.349265
0.0,1,3.350291
0.0,1,3.351313
0.0,1,3.352344
0.0,1,3.353371
0.0,1,3.354368
0.0,1,3.355391
-0.065789,2,3.357307
0.0,1,3.358662
0.0,1,3.359782
0.078947,5,3.365179
0.0,1,3.366201
0.0,1,3.36723
-0.065789,2,3.369264
0.276316,2,3.37135
0.0,1,3.372447
0.0,1,3.373485
-0.065789,2,3.376077
0.0,1,3.377096
0.276316,2,3.379458
0.276316,2,3.381426
-0.065789,2,3.38338
0.0,1,3.384418
0.0,1,3.385447
0.210526,3,3.388556
0.0,1,3.389559
0.276316,2,3.391778
0.0,1,3.392892
0.0,1,3.393924
0.0,1,3.395176
0.0,1,3.396556
-0.131579,3,3.399493
0.0,1,3.400443
0.0,1,3.401421
0.0,1,3.40248
-0.065789,2,3.404509
-0.065789,2,3.406561
0.276316,2,3.409154
0.0,1,3.41022
0.0,1,3.411224
0.276316,2,3.413915
0.0,1,3.414941
0.0,1,3.415986
0.0,1,3.417027
0.144737,4,3.421158
0.0,1,3.42224
0.0,1,3.423259
0.0,1,3.424267
0.0,1,3.425762
0.0,1,3.427667
0.0,1,3.429717
0.0,1,3.431274
0.276316,2,3.434039
0.0,1,3.435462
0.0,1,3.436893
0.078947,5,3.442928
0.0,1,3.444096
0.0,1,3.445104
-0.065789,2,3.447404
0.0,1,3.448458
0.0,1,3.449414
0.0,1,3.450389
0.0,1,3.451427
0.0,1,3.452443
0.552632,3,3.455608
0.0,1,3.456615
0.0,1,3.457605
0.0,1,3.459092
0.0,1,3.460122
0.0,1,3.461119
0.0,1,3.462348
0.552632,3,3.465543
0.0,1,3.466587
0.0,1,3.467615
0.0,1,3.4686
0.210526,3,3.471566
0.276316,2,3.473534
-0.131579,3,3.477045
-0.131579,3,3.480225
0.276316,2,3.482234
-0.065789,2,3.48423
0.276316,2,3.48625
0.0,1,3.487274
-0.065789,2,3.489249
0.0,1,3.490287
0.0,1,3.491312
0.0,1,3.492822
0.276316,2,3.494948
0.0,1,3.496178
0.0,1,3.497181
0.0,1,3.498187
0.276316,2,3.500176
0.0,1,3.501206
-0.065789,2,3.503325
0.276316,2,3.505438
0.0,1,3.506496
0.697368,3,3.51013
0.0,1,3.511154
0.0,1,3.512182
0.0,1,3.513225
0.0,1,3.514292
0.0,1,3.515311
0.0,1,3.516373
0.0,1,3.517401
0.0,1,3.518461
0.0,1,3.519474
0.0,1,3.520532
0.0,1,3.521504
0.0,1,3.522514
0.276316,2,3.524465
0.0,1,3.525952
0.0,1,3.526894
0.0,1,3.528039
0.0,1,3.529369
0.0,1,3.530409
0.0,1,3.531453
0.0,1,3.532465
0.0,1,3.533494
0.276316,2,3.535474
-0.065789,2,3.537521
0.0,1,3.538513
0.0,1,3.539495
0.276316,2,3.541447
0.0,1,3.542779
0.0,1,3.5438
-0.065789,2,3.546477
0.0,1,3.547524
0.0,1,3.548535
-0.065789,2,3.550552
0.0,1,3.551555
0.0,1,3.552562
0.0,1,3.553609
0.0,1,3.554674
0.0,1,3.555675
0.0,1,3.556707
-0.131579,3,3.560159
0.210526,3,3.563665
0.0,1,3.564729
0.0,1,3.565691
-0.065789,2,3.567637
0.0,1,3.568612
0.0,1,3.569563
0.0,1,3.570578
0.0,1,3.571625
0.0,1,3.5726
-0.065789,2,3.574536
0.0,1,3.576225
0.276316,2,3.578517
0.0,1,3.579976
0.0,1,3.581524
0.0,1,3.582964
0.0,1,3.584371
0.0,1,3.585695
0.0,1,3.587259
0.0,1,3.588405
0.0,1,3.5894
0.0,1,3.590377
0.0,1,3.591348
0.0,1,3.592939
0.0,1,3.593928
0.0,1,3.595411
0.0,1,3.596791
0.0,1,3.597836
-0.065789,2,3.600572
0.0,1,3.602251
0.0,1,3.603967
0.0,1,3.60534
0.276316,2,3.607987
0.0,1,3.609805
-0.065789,2,3.612614
0.0,1,3.614093
-0.065789,2,3.616177
0.0,1,3.617168
0.0,1,3.61829
-0.065789,2,3.620444
-0.131579,3,3.623683
0.0,1,3.624718
0.0,1,3.626221
0.0,1,3.627243
0.0,1,3.628242
0.276316,2,3.630865
0.276316,2,3.633001
0.486842,4,3.637204
0.0,1,3.638319
0.0,1,3.639355
0.276316,2,3.641484
0.0,1,3.643413
0.0,1,3.645227
0.276316,2,3.648356
0.552632,3,3.652557
0.276316,2,3.655034
0.0,1,3.65601
0.276316,2,3.658074
0.0,1,3.659614
0.0,1,3.660619
0.0,1,3.661778
0.0,1,3.663175
-0.065789,2,3.665321
0.276316,2,3.667361
0.0,1,3.668373
0.0,1,3.669411
0.276316,2,3.671438
0.0,1,3.672405
0.0,1,3.673455
0.0,1,3.674455
0.0,1,3.675931
0.0,1,3.676962
0.0,1,3.677957
0.0,1,3.679092
0.552632,3,3.682946
0.0,1,3.683946
0.0,1,3.684935
0.0,1,3.685923
0.0,1,3.686963
0.0,1,3.687986
0.276316,2,3.689949
0.552632,3,3.693309
0.0,1,3.694371
0.276316,2,3.69668
0.0,1,3.697657
0.0,1,3.698666
0.0,1,3.69966
0.210526,3,3.702537
0.0,1,3.703622
0.0,1,3.704611
0.210526,3,3.707474
0.0,1,3.708442
0.0,1,3.709689
-0.065789,2,3.712076
0.0,1,3.713168
0.0,1,3.714176
0.0,1,3.715159
0.552632,3,3.718061
0.0,1,3.719032
0.276316,2,3.721001
0.0,1,3.721985
0.0,1,3.722959
0.0,1,3.723928
-0.197368,4,3.728771
0.0,1,3.729783
0.0,1,3.730736
0.0,1,3.731676
0.276316,2,3.733513
-0.065789,2,3.735496
0.276316,2,3.737429
0.276316,2,3.739425
0.697368,3,3.742731
-0.065789,2,3.744896
0.0,1,3.746058
0.0,1,3.747039
0.276316,2,3.74893
0.0,1,3.749945
0.0,1,3.750971
0.0,1,3.751975
0.0,1,3.753037
0.0,1,3.754154
-0.065789,2,3.756182
0.0,1,3.757228
0.0,1,3.758207
-0.065789,2,3.760715
0.276316,2,3.763194
0.0,1,3.764247
-0.065789,2,3.76624
0.0,1,3.767266
-0.065789,2,3.769269
0.0,1,3.770318
0.0,1,3.77137
0.0,1,3.77238
0.0,1,3.773349
0.0,1,3.77432
0.0,1,3.775704
0.0,1,3.776767
0.0,1,3.77777
0.276316,2,3.7816
0.0,1,3.78343
0.0,1,3.784988
0.0,1,3.785964
0.276316,2,3.78799
0.276316,2,3.79001
0.0,1,3.791012
0.0,1,3.792375
0.0,1,3.793417
0.0,1,3.794443
0.0,1,3.795789
0.0,1,3.796842
0.276316,2,3.798925
0.276316,2,3.800932
0.0,1,3.801945
0.0,1,3.803001
0.0,1,3.804002
0.0,1,3.805081
0.0,1,3.806041
0.0,1,3.807084
0.0,1,3.80811
0.0,1,3.809797
0.0,1,3.811348
0.0,1,3.813478
0.0,1,3.815151
0.0,1,3.816851
0.0,1,3.818598
0.0,1,3.819552
-0.065789,2,3.8216
0.0,1,3.822523
0.0,1,3.82352
0.0,1,3.82449
0.0,1,3.826027
0.276316,2,3.828065
0.0,1,3.829439
0.0,1,3.830431
0.210526,3,3.833358
0.0,1,3.834379
-0.065789,2,3.836406
0.276316,2,3.838415
0.0,1,3.839378
0.0,1,3.840387
-0.065789,2,3.842742
0.0,1,3.84374
0.0,1,3.845006
0.0,1,3.84626
0.0,1,3.847306
0.276316,2,3.849388
0.0,1,3.850451
0.0,1,3.851506
0.0,1,3.852545
0.0,1,3.853622
0.0,1,3.854664
0.0,1,3.855775
0.0,1,3.85679
0.276316,2,3.859362
-0.065789,2,3.86154
-0.065789,2,3.863935
0.0,1,3.864901
-0.065789,2,3.866996
0.0,1,3.868036
0.0,1,3.869065
0.0,1,3.870117
0.276316,2,3.872224
0.0,1,3.873285
0.0,1,3.874305
0.0,1,3.875528
0.0,1,3.876801
0.0,1,3.877808
-0.065789,2,3.879919
0.0,1,3.88098
0.0,1,3.882096
0.0,1,3.883165
0.0,1,3.884199
0.0,1,3.885233
0.144737,4,3.889568
0.0,1,3.890661
0.0,1,3.891728
0.0,1,3.893588
-0.065789,2,3.896223
-0.065789,2,3.899421
0.0,1,3.900973
-0.065789,2,3.903766
0.0,1,3.904697
0.0,1,3.905659
0.0,1,3.906629
0.210526,3,3.910109
0.276316,2,3.91303
0.210526,3,3.917059
0.0,1,3.91827
0.697368,3,3.921592
0.0,1,3.922955
0.0,1,3.923975
0.0,1,3.924977
0.0,1,3.926275
-0.065789,2,3.928313
0.0,1,3.929431
0.0,1,3.930445
0.0,1,3.931422
0.0,1,3.932402
0.0,1,3.933355
0.0,1,3.934357
-0.065789,2,3.936326
0.276316,2,3.938266
0.276316,2,3.940239
-0.065789,2,3.942391
0.0,1,3.943385
-0.065789,2,11.044327
0.276316,2,11.046744
0.0,1,11.0478
0.276316,2,11.050195
0.0,1,11.051362
0.276316,2,11.053848
0.0,1,11.055033
0.0,1,11.056295
0.276316,2,11.059193
0.0,1,11.062067
0.0,1,11.064071
0.276316,2,11.067712
0.0,1,11.069607
0.0,1,11.071078
0.276316,2,11.075165
0.0,1,11.077234
0.0,1,11.079318
0.0,1,11.080367
0.0,1,11.081399
0.0,1,11.082587
0.276316,2,11.084651
0.0,1,11.085792
0.276316,2,11.087832
0.0,1,11.08924
0.0,1,11.090708
0.0,1,11.092309
0.276316,2,11.095067
0.0,1,11.09645
0.276316,2,11.099505
0.0,1,11.101178
0.0,1,11.102613
0.276316,2,11.105812
0.0,1,11.107262
0.0,1,11.108768
0.0,1,11.11012
0.0,1,11.111576
0.276316,2,11.114403
0.276316,2,11.117583
0.276316,2,11.120645
0.276316,2,11.12364
0.276316,2,11.126508
0.0,1,11.127902
0.0,1,11.129297
0.0,1,11.130687
0.0,1,11.13214
0.276316,2,11.135116
0.0,1,11.1365
-0.065789,2,11.139309
0.276316,2,11.143344
0.0,1,11.14517
0.276316,2,11.14888
0.0,1,11.150639
0.276316,2,11.152715
0.0,1,11.15455
0.276316,2,11.15759
0.0,1,11.159216
0.276316,2,11.162269
0.210526,3,11.165642
0.552632,3,11.170537
0.0,1,11.17231
0.0,1,11.174293
0.276316,2,11.177301
0.0,1,11.179183
-0.065789,2,11.182612
0.0,1,11.184401
0.552632,3,11.188476
0.0,1,11.189569
0.0,1,11.190603
0.552632,3,11.195959
0.276316,2,11.19942
0.0,1,11.200413
0.210526,3,11.204155
0.276316,2,11.207652
0.276316,2,11.211621
0.0,1,11.213358
0.0,1,11.215138
0.0,1,11.21687
0.0,1,11.218669
0.0,1,11.220161
0.276316,2,11.222202
0.0,1,11.223195
0.276316,2,11.22519
0.276316,2,11.227213
0.276316,2,11.229257
0.0,1,11.230263
0.0,1,11.23129
0.0,1,11.232326
0.0,1,11.233348
-0.065789,2,11.235321
0.276316,2,11.237401
0.210526,3,11.240427
0.276316,2,11.242402
0.0,1,11.243419
0.276316,2,11.246952
0.276316,2,11.250326
0.0,1,11.251497
0.0,1,11.252529
-0.065789,2,11.254563
0.0,1,11.255602
0.210526,3,11.258647
0.210526,3,11.261728
0.0,1,11.262794
0.0,1,11.263825
0.276316,2,11.265872
0.0,1,11.266876
0.0,1,11.267941
0.210526,3,11.270946
-0.065789,2,11.272943
0.210526,3,11.275996
0.552632,3,11.279042
0.276316,2,11.28112
0.0,1,11.282219
0.210526,3,11.285287
0.276316,2,11.287379
0.0,1,11.288379
0.276316,2,11.290389
0.276316,2,11.292404
0.276316,2,11.294442
0.276316,2,11.296574
0.0,1,11.297573
0.276316,2,11.299668
0.697368,3,11.302767
0.0,1,11.303803
0.276316,2,11.305879
0.276316,2,11.307938
0.0,1,11.309002
0.552632,3,11.312066
0.276316,2,11.314154
0.0,1,11.315182
0.0,1,11.316234
0.552632,3,11.31933
0.276316,2,11.321335
0.0,1,11.322386
0.0,1,11.323401
0.276316,2,11.325496
0.552632,3,11.328545
0.0,1,11.329594
0.0,1,11.33063
0.276316,2,11.332684
0.0,1,11.33369
-0.065789,2,11.335788
0.276316,2,11.337811
0.276316,2,11.339878
0.0,1,11.340952
0.0,1,11.341962
0.276316,2,11.344
0.276316,2,11.346076
0.0,1,11.347108
0.0,1,11.348119
0.210526,3,11.351244
0.276316,2,11.353286
0.0,1,11.354374
0.0,1,11.355393
0.0,1,11.356453
0.0,1,11.357452
0.0,1,11.358518
0.0,1,11.359481
0.0,1,11.360546
0.0,1,11.361618
0.276316,2,11.363636
-0.065789,2,11.365692
0.0,1,11.366734
0.276316,2,11.368789
0.0,1,11.369869
0.552632,3,11.372977
0.0,1,11.374019
0.0,1,11.375056
0.0,1,11.376045
0.0,1,11.377055
0.0,1,11.378152
0.0,1,11.379164
0.0,1,11.380198
0.276316,2,11.382237
0.210526,3,11.385322
0.0,1,11.386355
0.0,1,11.3874
0.697368,3,11.390435
0.0,1,11.391482
0.0,1,11.392515
0.552632,3,11.395506
0.0,1,11.396575
0.0,1,11.397559
0.0,1,11.398572
0.276316,2,11.400534
0.0,1,11.401552
0.276316,2,11.403603
0.0,1,11.40461
0.0,1,11.405672
0.0,1,11.406692
0.0,1,11.40767
0.0,1,11.408668
0.276316,2,11.410639
0.0,1,11.411603
0.276316,2,11.413657
0.276316,2,11.415706
0.276316,2,11.417658
0.0,1,11.418661
0.0,1,11.419738
0.0,1,11.420724
0.0,1,11.421725
0.697368,3,11.42472
0.0,1,11.425798
0.0,1,11.426796
0.552632,3,11.429857
-0.065789,2,11.431886
0.0,1,11.432925
0.0,1,11.434007
0.0,1,11.435033
0.0,1,11.43611
0.276316,2,11.43822
0.276316,2,11.440369
0.276316,2,11.442443
0.0,1,11.44346
0.276316,2,11.445604
0.276316,2,11.447699
0.0,1,11.448847
0.0,1,11.449866
0.276316,2,11.451969
0.276316,2,11.454058
0.276316,2,11.456129
0.0,1,11.457143
0.697368,3,11.460261
0.0,1,11.461329
0.0,1,11.462377
0.0,1,11.463457
0.0,1,11.464531
0.0,1,11.465552
0.0,1,11.466586
0.0,1,11.467607
0.0,1,11.468602
0.0,1,11.469624
0.0,1,11.470714
0.0,1,11.471729
-0.065789,2,11.473822
0.0,1,11.474834
0.276316,2,11.476829
0.276316,2,11.478872
0.0,1,11.479913
0.210526,3,11.482991
0.276316,2,11.484974
-0.065789,2,11.487093
0.210526,3,11.490118
0.0,1,11.491157
0.0,1,11.492191
0.0,1,11.493255
0.0,1,11.494273
0.0,1,11.495315
0.0,1,11.496381
0.0,1,11.497401
0.0,1,11.498435
0.0,1,11.499457
0.276316,2,11.501495
-0.065789,2,11.503422
0.276316,2,11.505501
0.0,1,11.506577
0.276316,2,11.508585
0.0,1,11.509628
0.0,1,11.510644
0.0,1,11.511639
0.276316,2,11.513648
0.0,1,11.514696
0.276316,2,11.516672
0.0,1,11.517643
0.552632,3,11.520631
0.276316,2,11.522642
0.0,1,11.523653
0.0,1,11.524629
0.276316,2,11.526585
0.0,1,11.527601
0.0,1,11.528569
0.0,1,11.529573
0.0,1,11.530584
0.276316,2,11.532522
0.0,1,11.533553
0.0,1,11.534599
-0.065789,2,11.536529
0.0,1,11.537536
0.0,1,11.538543
0.276316,2,11.540557
0.0,1,11.541554
0.0,1,11.542592
0.0,1,11.543562
0.0,1,11.544593
0.0,1,11.545558
0.552632,3,11.548496
0.0,1,11.549546
0.0,1,11.55057
0.276316,2,11.552566
0.276316,2,11.55466
0.276316,2,11.556649
0.697368,3,11.560217
0.276316,2,11.562761
0.276316,2,11.56498
0.0,1,11.566144
0.210526,3,11.576035
0.0,1,11.577159
0.276316,2,11.580573
0.552632,3,11.58586
0.0,1,11.587188
-0.065789,2,11.589797
-0.131579,3,11.593671
0.276316,2,11.595717
0.0,1,11.596681
0.0,1,11.597626
-0.065789,2,11.599827
0.276316,2,11.601829
0.0,1,11.602835
0.276316,2,11.604779
0.276316,2,11.606826
-0.065789,2,11.608788
0.0,1,11.609787
0.0,1,11.610759
0.276316,2,11.612725
0.276316,2,11.614758
0.0,1,11.615835
0.276316,2,11.617851
0.276316,2,11.619785
0.0,1,11.620727
0.0,1,11.621714
0.0,1,11.622739
0.276316,2,11.624667
0.276316,2,11.626682
0.0,1,11.627983
0.276316,2,11.63062
0.0,1,11.631913
0.552632,3,11.634946
0.0,1,11.635902
0.276316,2,11.637874
0.0,1,11.63884
0.210526,3,11.641808
0.0,1,11.642772
0.210526,3,11.645639
0.0,1,11.646752
0.0,1,11.648022
0.0,1,11.649019
0.0,1,11.650003
0.0,1,11.65099
0.276316,2,11.652983
0.552632,3,11.655957
0.276316,2,11.657924
0.276316,2,11.659894
0.0,1,11.66088
0.0,1,11.661872
0.276316,2,11.663855
0.0,1,11.664878
0.552632,3,11.667785
0.0,1,11.668759
0.276316,2,11.670708
0.0,1,11.671684
0.0,1,11.672684
0.552632,3,11.675656
0.0,1,11.676613
0.0,1,11.677593
0.0,1,11.678545
0.0,1,11.679515
0.0,1,11.680519
0.276316,2,11.682499
0.0,1,11.683496
0.0,1,11.684497
0.276316,2,11.686457
0.276316,2,11.688417
0.552632,3,11.691368
0.0,1,11.692366
0.276316,2,11.69431
0.276316,2,11.696255
0.0,1,11.697294
0.276316,2,11.699275
0.552632,3,11.702214
0.0,1,11.703218
0.0,1,11.704212
0.552632,3,11.707167
0.0,1,11.708183
0.276316,2,11.710955
0.276316,2,11.714233
0.0,1,11.71589
0.276316,2,11.718487
0.0,1,11.71985
0.276316,2,11.722488
0.0,1,11.72381
0.0,1,11.724999
0.421053,5,11.729859
0.276316,2,11.731853
0.276316,2,11.733785
0.552632,3,11.736617
-0.065789,2,11.738583
0.0,1,11.739477
0.0,1,11.740463
0.276316,2,11.742391
0.552632,3,11.745245
0.0,1,11.746238
0.276316,2,11.748215
0.0,1,11.749157
0.144737,4,11.752999
0.552632,3,11.755849
0.210526,3,11.758735
0.0,1,11.75967
0.0,1,11.760653
-0.065789,2,11.762596
0.0,1,11.763557
0.0,1,11.764546
0.276316,2,11.766552
0.0,1,11.767706
0.0,1,11.769647
0.0,1,11.771392
0.552632,3,11.776464
0.276316,2,11.778544
0.0,1,11.779573
0.0,1,11.780576
0.276316,2,11.782511
0.276316,2,11.784595
0.0,1,11.785629
0.276316,2,11.787709
0.0,1,11.788786
0.0,1,11.789798
0.0,1,11.790838
0.276316,2,11.792926
0.0,1,11.793987
0.276316,2,11.796011
0.0,1,11.797045
-0.065789,2,11.79916
0.0,1,11.800302
0.0,1,11.801395
-0.065789,2,11.803988
0.276316,2,11.807062
0.0,1,11.808429
0.0,1,11.809738
0.0,1,11.811147
0.276316,2,11.81383
0.0,1,11.815156
0.276316,2,11.817351
0.0,1,11.818342
0.210526,3,11.82129
0.697368,3,11.824282
0.0,1,11.825294
0.276316,2,11.827267
0.0,1,11.82824
0.0,1,11.829253
0.0,1,11.83029
-0.065789,2,11.832259
0.276316,2,11.834186
0.0,1,11.835143
0.0,1,11.836143
0.276316,2,11.838114
0.0,1,11.839102
0.0,1,11.840056
0.0,1,11.841006
0.0,1,11.842031
0.0,1,11.843004
0.0,1,11.843992
0.276316,2,11.846039
0.0,1,11.847036
-0.065789,2,11.848992
-0.065789,2,11.850904
-0.065789,2,11.852834
0.697368,3,11.855782
0.0,1,11.856788
0.0,1,11.857799
0.0,1,11.858813
0.0,1,11.859775
0.0,1,11.860785
0.276316,2,11.862777
0.276316,2,11.864711
0.276316,2,11.866672
0.0,1,11.867624
0.276316,2,11.869553
0.276316,2,11.871542
0.0,1,11.87253
0.0,1,11.873484
-0.131579,3,11.876434
0.0,1,11.87743
0.0,1,11.878432
0.0,1,11.879425
0.276316,2,11.881382
0.0,1,11.88236
0.552632,3,11.885286
0.552632,3,11.888193
0.276316,2,11.890216
0.276316,2,11.892135
0.0,1,11.893152
0.276316,2,11.895143
0.276316,2,11.897149
0.276316,2,11.899162
0.0,1,11.900134
0.276316,2,11.902154
0.276316,2,11.904127
0.0,1,11.905142
0.0,1,11.906128
0.0,1,11.907142
0.0,1,11.90811
0.0,1,11.909125
0.0,1,11.910188
0.276316,2,11.912077
0.0,1,11.913039
0.0,1,11.91402
-0.065789,2,11.915959
0.276316,2,11.91793
0.552632,3,11.920832
0.0,1,11.921857
0.0,1,11.922833
0.276316,2,11.924815
0.697368,3,11.927749
0.0,1,11.92875
0.276316,2,11.930744
0.276316,2,11.932715
0.0,1,11.93376
0.552632,3,11.936773
0.276316,2,11.938819
0.210526,3,11.941817
0.210526,3,11.944842
0.276316,2,11.946846
0.276316,2,11.948847
0.0,1,11.949888
0.0,1,11.950886
0.0,1,11.951857
0.0,1,11.952889
0.0,1,11.953925
0.0,1,11.95494
-0.065789,2,11.95691
0.276316,2,11.958913
0.276316,2,11.960901
0.0,1,11.961892
0.0,1,11.962969
0.276316,2,11.965015
0.210526,3,11.96806
0.0,1,11.969101
0.276316,2,11.971091
0.0,1,11.972096
0.0,1,11.973114
0.0,1,11.974142
0.0,1,11.975174
0.276316,2,11.977155
0.0,1,11.978193
-0.065789,2,11.980163
0.276316,2,11.982158
0.0,1,11.983155
0.0,1,11.98417
0.276316,2,11.986107
0.276316,2,11.988136
0.276316,2,11.990148
0.0,1,11.991137
0.276316,2,11.993119
0.276316,2,11.995134
0.0,1,11.996132
0.552632,3,11.999103
-0.065789,2,12.001105
0.276316,2,12.003124
0.276316,2,12.005113
0.0,1,12.006144
-0.065789,2,12.008118
0.276316,2,12.010588
0.276316,2,12.012719
0.276316,2,12.014699
0.0,1,12.015728
0.0,1,12.016737
0.0,1,12.017791
0.210526,3,12.020758
-0.065789,2,12.022697
0.276316,2,12.024649
0.0,1,12.025655
0.0,1,12.026677
0.0,1,12.027657
0.276316,2,12.02968
0.276316,2,12.031646
-0.065789,2,12.033591
0.0,1,12.034578
0.276316,2,12.036528
0.276316,2,12.038481
0.210526,3,12.041404
0.0,1,12.042412
-0.065789,2,12.044366
0.0,1,12.045357
0.210526,3,12.048363
0.0,1,12.049426
0.0,1,12.050426
0.276316,2,12.052375
0.552632,3,12.055308
0.276316,2,12.057247
0.276316,2,12.059259
0.0,1,12.060306
0.0,1,12.061378
0.276316,2,12.063468
0.276316,2,12.06547
0.552632,3,12.068538
0.144737,4,12.072586
0.276316,2,12.074611
0.0,1,12.07557
0.210526,3,12.078434
0.276316,2,12.08039
0.552632,3,12.08327
-0.065789,2,12.085245
0.0,1,12.086274
0.0,1,12.087304
0.276316,2,12.089307
0.276316,2,12.091325
0.276316,2,12.093316
0.0,1,12.094359
-0.065789,2,12.096391
0.276316,2,12.098389
0.276316,2,12.100335
0.0,1,12.101315
0.0,1,12.10233
-0.065789,2,12.104285
0.0,1,12.105282
-0.065789,2,12.107285
0.0,1,12.108248
0.0,1,12.109246
0.276316,2,12.11125
0.276316,2,12.113209
0.0,1,12.114201
0.0,1,12.11521
0.0,1,12.116213
0.276316,2,12.118151
0.0,1,12.119152
0.0,1,12.120136
0.0,1,12.121085
0.0,1,12.122105
0.276316,2,12.12408
0.0,1,12.125092
0.0,1,12.12609
0.276316,2,12.127987
0.0,1,12.12898
0.276316,2,12.130952
0.276316,2,12.132907
0.0,1,12.13386
0.0,1,12.134808
0.276316,2,12.13681
0.0,1,12.137772
0.0,1,12.13877
0.0,1,12.139729
0.276316,2,12.141687
0.0,1,12.142674
0.697368,3,12.145568
0.0,1,12.146554
0.0,1,12.147577
0.552632,3,12.150532
0.276316,2,12.1525
0.0,1,12.153514
0.0,1,12.154499
0.0,1,12.155475
0.0,1,12.156442
0.0,1,12.157409
0.276316,2,12.159385
0.552632,3,12.162338
0.0,1,12.163377
0.0,1,12.164397
0.0,1,12.165406
0.0,1,12.16644
-0.065789,2,12.16842
0.552632,3,12.171335
0.276316,2,12.173264
0.0,1,12.174272
0.0,1,12.175262
0.552632,3,12.178221
0.0,1,12.179194
0.276316,2,12.181213
0.697368,3,12.184222
0.0,1,12.185254
0.631579,4,12.189248
0.0,1,12.190239
0.210526,3,12.193129
0.276316,2,12.195161
0.0,1,12.1962
0.0,1,12.19725
0.276316,2,12.199235
-0.065789,2,12.201192
0.210526,3,12.204135
0.276316,2,12.206151
0.276316,2,12.208187
-0.065789,2,12.210239
0.276316,2,12.212258
0.0,1,12.213303
0.0,1,12.214323
0.0,1,12.215303
0.0,1,12.216322
0.0,1,12.217335
0.0,1,12.218344
0.0,1,12.219322
0.0,1,12.220368
0.276316,2,12.222393
0.276316,2,12.224358
0.276316,2,12.226365
0.0,1,12.22736
0.697368,3,12.23038
0.276316,2,12.232344
-0.065789,2,12.234384
0.276316,2,12.236399
0.0,1,12.237437
0.276316,2,12.239358
0.0,1,12.240396
0.276316,2,12.242384
0.276316,2,12.244308
0.0,1,12.245301
0.0,1,12.246314
0.0,1,12.247348
0.276316,2,12.249275
-0.065789,2,12.251242
0.0,1,12.252275
0.276316,2,12.25425
0.276316,2,12.256238
0.276316,2,12.258238
0.276316,2,12.260236
0.276316,2,12.262218
0.0,1,12.263223
-0.131579,3,12.26633
0.276316,2,12.268349
0.0,1,12.269325
0.276316,2,12.271331
-0.131579,3,12.274356
0.210526,3,12.277283
0.0,1,12.278288
0.276316,2,12.280313
0.0,1,12.281306
0.0,1,12.282364
0.0,1,12.283377
0.0,1,12.284375
0.276316,2,12.286426
0.276316,2,12.28849
0.0,1,12.289492
0.0,1,12.290503
0.0,1,12.291492
0.0,1,12.292515
0.276316,2,12.294495
0.697368,3,12.297496
0.0,1,12.298448
-0.065789,2,12.300493
0.0,1,12.301483
0.0,1,12.30249
0.552632,3,12.305476
0.276316,2,12.307523
0.0,1,12.308503
0.276316,2,12.310461
-0.065789,2,12.312515
0.0,1,12.313517
0.276316,2,12.315508
0.276316,2,12.317484
0.697368,3,12.320415
0.210526,3,12.323395
0.276316,2,12.32534
0.0,1,12.326355
0.276316,2,12.328354
0.276316,2,12.330302
0.0,1,12.331316
0.0,1,12.33232
0.552632,3,12.335292
0.276316,2,12.337181
0.0,1,12.338212
0.0,1,12.339218
0.0,1,12.340216
0.276316,2,12.342225
0.276316,2,12.344206
0.0,1,12.345212
0.276316,2,12.347218
0.697368,3,12.350125
0.0,1,12.351106
0.0,1,12.352077
0.0,1,12.353098
0.0,1,12.354129
0.0,1,12.355119
0.552632,3,12.358107
0.0,1,12.359133
0.552632,3,12.362112
0.276316,2,12.364075
0.276316,2,12.36606
0.0,1,12.367061
0.0,1,12.36806
0.0,1,12.369066
-0.065789,2,12.371024
0.0,1,12.371998
0.0,1,12.373003
0.0,1,12.37402
0.276316,2,12.376016
0.552632,3,12.37897
0.0,1,12.379988
0.276316,2,12.381969
-0.065789,2,12.383978
0.0,1,12.384964
0.276316,2,12.386996
0.0,1,12.387985
0.0,1,12.389006
0.276316,2,12.391004
0.276316,2,12.393017
0.276316,2,12.395002
0.0,1,12.396
0.0,1,12.397002
0.0,1,12.398006
0.276316,2,12.399977
0.0,1,12.40098
0.276316,2,12.402932
0.0,1,12.403932
0.552632,3,12.406859
0.276316,2,12.408831
-0.065789,2,12.41084
0.0,1,12.411835
0.697368,3,12.41484
0.0,1,12.415868
0.552632,3,12.418798
0.0,1,12.419799
0.552632,3,12.422807
0.0,1,12.423809
0.276316,2,12.425717
0.486842,4,12.429577
0.0,1,12.430603
0.276316,2,12.432625
0.0,1,12.433652
0.0,1,12.434711
0.276316,2,12.436756
0.0,1,12.437752
0.210526,3,12.440683
0.276316,2,12.442646
0.276316,2,12.444603
0.276316,2,12.446567
-0.065789,2,12.448507
0.0,1,12.449469
0.0,1,12.450499
0.0,1,12.451498
0.276316,2,12.453485
0.0,1,12.454494
0.0,1,12.455502
0.0,1,12.456487
0.276316,2,12.458441
0.276316,2,12.460411
0.0,1,12.461418
0.276316,2,12.463387
0.0,1,12.464337
0.0,1,12.465348
0.0,1,12.466434
0.0,1,12.467418
0.276316,2,12.469367
0.276316,2,12.471344
0.0,1,12.472346
0.276316,2,12.474322
0.0,1,12.475316
-0.065789,2,12.477312
0.276316,2,12.47931
0.0,1,12.480294
0.0,1,12.481273
0.276316,2,12.483272
-0.131579,3,12.486218
0.0,1,12.487218
0.0,1,12.48819
0.0,1,12.489183
0.276316,2,12.491092
0.0,1,12.492112
0.276316,2,12.494057
0.552632,3,12.497001
0.0,1,12.498006
0.0,1,12.499022
0.0,1,12.500003
0.697368,3,12.503246
0.0,1,12.504345
0.0,1,12.505356
-0.065789,2,12.507337
0.276316,2,12.509289
0.276316,2,12.511326
0.276316,2,12.51334
0.0,1,12.51436
0.0,1,12.515403
0.0,1,12.516423
0.0,1,12.517411
0.276316,2,12.519486
0.276316,2,12.521493
0.552632,3,12.524502
0.0,1,12.525522
0.276316,2,12.527539
0.0,1,12.528545
0.0,1,12.529531
0.0,1,12.53058
0.0,1,12.531568
0.276316,2,12.533611
0.0,1,12.534667
0.0,1,12.535646
0.0,1,12.536616
0.276316,2,12.538626
0.276316,2,12.540637
0.0,1,12.541623
0.697368,3,12.544646
0.210526,3,12.547619
0.0,1,12.548652
0.276316,2,12.550692
0.0,1,12.551691
-0.131579,3,12.554657
-0.065789,2,12.556634
0.276316,2,12.55858
0.276316,2,12.560601
-0.065789,2,12.56257
0.0,1,12.563567
0.0,1,12.564563
0.0,1,12.565538
-0.065789,2,12.567544
0.0,1,12.568521
0.0,1,12.56948
0.0,1,12.57052
0.276316,2,12.572545
0.0,1,12.573516
-0.065789,2,12.575512
0.276316,2,12.577441
0.0,1,12.578501
-0.065789,2,12.580502
0.0,1,12.581492
0.0,1,12.58252
0.276316,2,12.584436
0.0,1,12.58546
0.276316,2,12.587437
0.276316,2,12.589458
0.276316,2,12.591526
0.0,1,12.592575
0.276316,2,12.59459
0.0,1,12.595584
0.210526,3,12.598588
0.0,1,12.599601
-0.065789,2,12.601557
0.0,1,12.602539
0.0,1,12.603559
0.276316,2,12.605498
0.276316,2,12.607512
0.0,1,12.608493
0.0,1,12.609548
0.276316,2,12.611568
0.0,1,12.612558
0.0,1,12.613519
0.828947,4,12.617529
0.210526,3,12.620463
0.276316,2,12.62252
0.0,1,12.623544
0.276316,2,12.625544
0.0,1,12.626538
0.0,1,12.627517
0.0,1,12.628482
0.0,1,12.629456
0.276316,2,12.631412
0.276316,2,12.633391
0.0,1,12.634415
0.276316,2,12.636446
0.0,1,12.637439
0.276316,2,12.639477
0.697368,3,12.64245
0.276316,2,12.644507
0.0,1,12.645475
0.0,1,12.646474
0.0,1,12.64743
-0.065789,2,12.649405
0.276316,2,12.651401
-0.065789,2,12.653368
-0.065789,2,12.65538
0.276316,2,12.657376
0.0,1,12.658358
0.0,1,12.659366
-0.065789,2,12.661403
0.276316,2,12.66338
0.0,1,12.66443
0.0,1,12.665397
0.276316,2,12.667399
0.697368,3,12.670411
0.0,1,12.671432
0.276316,2,12.673383
0.276316,2,12.675413
0.276316,2,12.677386
0.552632,3,12.680464
0.276316,2,12.682525
0.0,1,12.683532
0.276316,2,12.685549
0.0,1,12.686553
0.276316,2,12.688523
0.276316,2,12.69051
0.552632,3,12.693514
0.0,1,12.694543
0.552632,3,12.697479
-0.065789,2,12.699463
0.0,1,12.700479
0.276316,2,12.702513
0.0,1,12.70351
0.0,1,12.704534
0.0,1,12.705493
-0.065789,2,12.707522
0.0,1,12.708512
0.0,1,12.70947
0.0,1,12.710493
0.0,1,12.711524
-0.065789,2,12.713456
0.210526,3,12.716466
0.0,1,12.717453
0.0,1,12.718455
0.0,1,12.719484
0.0,1,12.720453
0.0,1,12.721462
0.0,1,12.722487
0.276316,2,12.724494
0.276316,2,12.726431
0.276316,2,12.728432
0.0,1,12.729453
0.0,1,12.730485
0.0,1,12.731462
0.552632,3,12.734462
0.0,1,12.735469
0.0,1,12.736458
0.0,1,12.73747
0.276316,2,12.739481
0.276316,2,12.741441
0.0,1,12.742486
0.276316,2,12.74445
0.0,1,12.745454
0.276316,2,12.747496
0.0,1,12.748479
0.0,1,12.749467
0.276316,2,12.751495
0.276316,2,12.753465
0.276316,2,12.755419
0.276316,2,12.757426
0.276316,2,12.759409
0.0,1,12.760375
0.0,1,12.761414
0.552632,3,12.764475
0.697368,3,12.76748
0.0,1,12.768461
0.276316,2,12.770478
0.0,1,12.771492
0.276316,2,12.773506
0.276316,2,12.775519
0.697368,3,12.778432
0.0,1,12.779451
0.276316,2,12.781413
0.276316,2,12.78348
0.0,1,12.784473
0.0,1,12.785494
0.0,1,12.78653
0.0,1,12.787534
-0.065789,2,12.789493
0.0,1,12.790515
0.0,1,12.791476
0.0,1,12.792398
0.276316,2,12.794395
0.0,1,12.795393
0.0,1,12.796406
0.0,1,12.797399
0.276316,2,12.799407
0.0,1,12.800421
-0.065789,2,12.802421
0.0,1,12.803479
0.0,1,12.804479
0.0,1,12.805474
0.0,1,12.806499
0.0,1,12.807469
0.552632,3,12.810456
0.0,1,12.811435
0.276316,2,12.813426
0.0,1,12.814438
0.552632,3,12.817475
0.0,1,12.818495
0.276316,2,12.8205
0.276316,2,12.82251
0.0,1,12.823503
0.276316,2,12.825504
0.0,1,12.826492
0.0,1,12.827478
0.0,1,12.828441
0.0,1,12.829441
0.0,1,12.830483
-0.065789,2,12.832441
-0.065789,2,12.834539
0.0,1,12.835511
0.0,1,12.836511
0.0,1,12.837466
0.552632,3,12.845468
0.0,1,12.846447
-0.131579,3,12.849811
0.276316,2,12.852
0.0,1,12.853004
0.0,1,12.854016
0.486842,4,12.858035
0.276316,2,12.86009
0.276316,2,12.862124
0.0,1,12.863127
0.276316,2,12.865143
0.631579,4,12.869633
0.0,1,12.870664
0.210526,3,12.873618
0.0,1,12.874605
0.276316,2,12.87658
0.0,1,12.877566
0.276316,2,12.879563
0.0,1,12.880558
0.210526,3,12.883704
0.276316,2,12.885717
0.0,1,12.886733
0.0,1,12.88771
0.0,1,12.888705
0.276316,2,12.890589
0.276316,2,12.892592
0.276316,2,12.894609
0.0,1,12.895585
0.276316,2,12.897583
0.0,1,12.898582
0.0,1,12.899587
0.697368,3,12.902587
0.0,1,12.903598
0.276316,2,12.905644
0.0,1,12.906652
0.0,1,12.907632
0.0,1,12.908627
0.276316,2,12.910544
0.276316,2,12.912537
0.276316,2,12.914527
0.0,1,12.915501
0.0,1,12.916537
0.0,1,12.917514
0.0,1,12.918516
0.0,1,12.919506
0.276316,2,12.921489
0.276316,2,12.92354
0.0,1,12.924529
-0.065789,2,12.926495
0.0,1,12.927489
-0.065789,2,12.929457
0.276316,2,12.931465
0.276316,2,12.933368
0.276316,2,12.9354
0.0,1,12.936397
0.0,1,12.93743
0.276316,2,12.939435
0.0,1,12.940452
0.0,1,12.941442
0.0,1,12.94242
0.276316,2,12.944343
0.276316,2,12.946356
0.276316,2,12.948393
0.0,1,12.949404
-0.065789,2,12.951409
-0.065789,2,12.953379
0.0,1,12.95438
0.0,1,12.955377
0.697368,3,12.958346
0.0,1,12.959338
0.0,1,12.960312
0.276316,2,12.962323
0.0,1,12.963379
0.276316,2,12.965377
0.0,1,12.966409
0.0,1,12.96742
-0.065789,2,12.969357
0.276316,2,12.971392
0.0,1,12.972374
0.276316,2,12.974426
0.0,1,12.975431
0.0,1,12.976412
0.276316,2,12.978397
0.210526,3,12.981433
0.0,1,12.98243
0.0,1,12.983479
0.276316,2,12.985421
-0.065789,2,12.987479
0.0,1,12.988458
0.276316,2,12.990467
0.276316,2,12.99247
0.0,1,12.993497
0.276316,2,12.995506
0.276316,2,12.997468
0.0,1,12.998479
0.276316,2,13.000508
0.0,1,13.001511
0.0,1,13.00253
0.0,1,13.003512
-0.065789,2,13.005507
0.0,1,13.006479
0.276316,2,13.008454
0.0,1,13.009488
0.0,1,13.010499
0.276316,2,13.012408
0.0,1,13.013437
0.276316,2,13.015362
0.0,1,13.016378
0.276316,2,13.018404
0.0,1,13.019428
0.0,1,13.020392
0.0,1,13.021385
0.276316,2,13.023408
0.276316,2,13.025435
0.697368,3,13.028322
0.0,1,13.029361
-0.065789,2,13.031408
0.0,1,13.032382
0.697368,3,13.035409
0.0,1,13.036418
0.276316,2,13.038367
0.0,1,13.039378
0.276316,2,13.041333
0.276316,2,13.043338
0.276316,2,13.04538
0.0,1,13.046426
0.0,1,13.047437
0.276316,2,13.049427
0.0,1,13.050457
0.0,1,13.051486
0.0,1,13.05251
0.552632,3,13.055446
0.0,1,13.056429
0.276316,2,13.058468
0.0,1,13.059509
0.0,1,13.060541
0.0,1,13.061573
0.0,1,13.062626
0.0,1,13.063663
-0.131579,3,13.067088
0.276316,2,13.069081
0.276316,2,13.071091
0.276316,2,13.073013
0.0,1,13.074
0.0,1,13.074966
0.0,1,13.075926
0.276316,2,13.077857
0.0,1,13.078839
0.276316,2,13.080826
0.0,1,13.081839
0.0,1,13.082893
0.0,1,13.083918
0.0,1,13.08489
-0.065789,2,13.086942
0.0,1,13.087934
0.276316,2,13.089905
0.552632,3,13.092905
0.0,1,13.093944
0.0,1,13.094922
0.0,1,13.095901
0.276316,2,13.097866
0.0,1,13.098892
0.0,1,13.099882
0.0,1,13.100896
0.276316,2,13.10287
0.0,1,13.103863
0.421053,5,13.108762
0.276316,2,13.110747
0.0,1,13.111763
0.276316,2,13.11378
0.552632,3,13.116717
0.0,1,13.117725
0.276316,2,13.119705
0.0,1,13.120703
0.552632,3,13.12365
-0.065789,2,13.125675
0.0,1,13.126661
0.0,1,13.127673
0.0,1,13.128669
0.0,1,13.129675
-0.065789,2,13.131632
0.276316,2,13.133643
-0.065789,2,13.135671
0.552632,3,13.138591
-0.065789,2,13.140638
0.0,1,13.14163
0.276316,2,13.143593
0.0,1,13.14459
0.276316,2,13.146595
0.0,1,13.147636
0.552632,3,13.150582
0.0,1,13.151592
0.210526,3,13.15455
0.276316,2,13.156573
0.210526,3,13.159482
0.486842,4,13.16349
0.276316,2,13.165485
0.0,1,13.166499
0.276316,2,13.168483
0.276316,2,13.170495
0.0,1,13.171507
0.0,1,13.172484
0.276316,2,13.174477
0.276316,2,13.17649
0.276316,2,13.178462
0.0,1,13.179452
0.0,1,13.180464
0.276316,2,13.182433
0.0,1,13.183441
0.276316,2,13.18539
0.0,1,13.18641
0.0,1,13.187415
-0.065789,2,13.189384
0.0,1,13.190392
0.210526,3,20.099889
0.697368,3,20.106107
0.0,1,20.108011
0.552632,3,20.111777
0.697368,3,20.115165
0.0,1,20.116325
0.276316,2,20.119314
0.276316,2,20.123317
0.276316,2,20.126249
0.276316,2,20.129131
0.0,1,20.130512
0.276316,2,20.133284
0.0,1,20.135053
0.0,1,20.1369
0.276316,2,20.14093
0.276316,2,20.144797
0.0,1,20.146888
0.0,1,20.148849
0.276316,2,20.151811
0.552632,3,20.157135
0.0,1,20.158915
0.276316,2,20.161305
0.0,1,20.162351
0.0,1,20.163537
0.697368,3,20.167716
-0.065789,2,20.171072
0.276316,2,20.17473
-0.065789,2,20.177601
0.276316,2,20.180909
0.0,1,20.182889
0.552632,3,20.18716
0.697368,3,20.191811
0.0,1,20.193794
0.276316,2,20.197558
0.0,1,20.199508
0.697368,3,20.203601
0.0,1,20.204957
0.552632,3,20.210078
0.276316,2,20.213426
-0.065789,2,20.216131
0.276316,2,20.218565
0.276316,2,20.221201
0.0,1,20.222762
0.276316,2,20.225412
0.697368,3,20.22968
-0.065789,2,20.232611
0.0,1,20.234104
0.0,1,20.235493
0.276316,2,20.238873
0.631579,4,20.245779
0.276316,2,20.24831
0.421053,5,20.25633
0.276316,2,20.259401
0.0,1,20.260854
0.0,1,20.262393
0.276316,2,20.265189
0.276316,2,20.26803
0.276316,2,20.271429
0.0,1,20.2734
0.276316,2,20.2763
0.552632,3,20.280657
0.0,1,20.282048
0.0,1,20.283541
0.907895,5,20.290773
0.552632,3,20.2951
0.0,1,20.296479
0.697368,3,20.300888
0.552632,3,20.305149
0.0,1,20.306839
0.0,1,20.308215
-0.065789,2,20.310911
0.0,1,20.312224
0.697368,3,20.315633
0.0,1,20.316637
0.697368,3,20.319622
0.0,1,20.320614
0.276316,2,20.322635
0.0,1,20.323624
0.0,1,20.324582
0.276316,2,20.32657
0.697368,3,20.329558
0.0,1,20.330541
0.276316,2,20.332479
0.276316,2,20.334487
0.276316,2,20.336411
0.697368,3,20.339487
0.552632,3,20.342461
0.0,1,20.343475
0.552632,3,20.346405
0.697368,3,20.349321
0.0,1,20.350294
0.0,1,20.351293
0.0,1,20.352246
0.276316,2,20.354143
0.276316,2,20.356153
0.276316,2,20.358131
-0.065789,2,20.360104
0.697368,3,20.363061
0.0,1,20.36407
0.0,1,20.365083
0.276316,2,20.367093
0.0,1,20.36807
0.276316,2,20.370047
0.276316,2,20.372021
0.0,1,20.373027
0.0,1,20.374049
0.697368,3,20.376978
0.0,1,20.377957
0.276316,2,20.379952
0.276316,2,20.381927
0.276316,2,20.383815
0.276316,2,20.385842
0.276316,2,20.387758
0.0,1,20.388772
0.697368,3,20.391734
0.276316,2,20.393622
0.0,1,20.394636
-0.065789,2,20.396563
-0.263158,5,20.401382
0.276316,2,20.403369
0.0,1,20.404368
0.0,1,20.405352
0.552632,3,20.408347
0.552632,3,20.411313
0.697368,3,20.414222
0.0,1,20.415193
0.0,1,20.416145
0.552632,3,20.419038
0.0,1,20.420027
0.0,1,20.420985
-0.065789,2,20.422971
0.631579,4,20.426859
0.0,1,20.427848
0.276316,2,20.429801
0.552632,3,20.432683
0.0,1,20.433663
0.276316,2,20.435653
-0.065789,2,20.437625
0.0,1,20.438613
0.210526,3,20.441524
0.0,1,20.442508
0.276316,2,20.444451
0.276316,2,20.446469
0.552632,3,20.449355
0.276316,2,20.451347
0.276316,2,20.453219
0.0,1,20.454267
0.697368,3,20.457217
0.552632,3,20.460106
0.0,1,20.461105
-0.065789,2,20.462997
0.276316,2,20.464975
0.697368,3,20.467933
0.0,1,20.468954
0.552632,3,20.471825
0.552632,3,20.474855
0.0,1,20.475845
0.276316,2,20.4778
0.0,1,20.478786
0.697368,3,20.481723
0.552632,3,20.484624
0.0,1,20.485595
0.552632,3,20.488528
0.697368,3,20.491465
0.0,1,20.492447
0.276316,2,20.494405
0.0,1,20.495378
0.0,1,20.496353
0.697368,3,20.499245
0.697368,3,20.502521
0.0,1,20.504183
0.276316,2,20.507224
0.0,1,20.508673
0.0,1,20.509971
0.0,1,20.511297
0.0,1,20.512618
-0.065789,2,20.515045
0.276316,2,20.516985
0.0,1,20.51795
0.552632,3,20.520889
0.697368,3,20.523791
0.0,1,20.524751
0.0,1,20.525724
0.0,1,20.526698
0.0,1,20.52771
0.0,1,20.528694
0.210526,3,20.531587
0.0,1,20.532554
0.697368,3,20.535468
0.0,1,20.536448
0.276316,2,20.538368
0.276316,2,20.540314
-0.065789,2,20.542305
0.276316,2,20.544232
-0.065789,2,20.54618
0.276316,2,20.548158
0.276316,2,20.55007
0.276316,2,20.552069
0.552632,3,20.554948
0.276316,2,20.556903
0.697368,3,20.559898
0.0,1,20.560938
0.0,1,20.561963
0.0,1,20.562967
0.0,1,20.564005
0.0,1,20.565019
0.276316,2,20.567056
-0.065789,2,20.569064
0.0,1,20.57011
0.0,1,20.571153
0.552632,3,20.574223
-0.065789,2,20.576345
-0.065789,2,20.578362
0.276316,2,20.580408
0.276316,2,20.58245
0.210526,3,20.585487
0.276316,2,20.587523
0.552632,3,20.590617
0.210526,3,20.593667
0.552632,3,20.59673
0.0,1,20.597771
0.0,1,20.598815
0.276316,2,20.600792
0.276316,2,20.602857
0.697368,3,20.605895
0.0,1,20.606892
0.0,1,20.607948
0.276316,2,20.609963
0.276316,2,20.611994
0.0,1,20.613002
0.276316,2,20.615055
0.276316,2,20.617076
0.276316,2,20.619145
0.0,1,20.62022
-0.065789,2,20.622267
0.276316,2,20.624308
0.0,1,20.625338
0.276316,2,20.627331
0.276316,2,20.629364
0.276316,2,20.631326
-0.065789,2,20.633325
0.0,1,20.634296
0.276316,2,20.636337
0.0,1,20.637335
0.276316,2,20.639372
0.552632,3,20.642409
0.0,1,20.643401
0.552632,3,20.646395
0.276316,2,20.648401
0.552632,3,20.651396
0.276316,2,20.653336
0.0,1,20.654365
0.697368,3,20.657288
0.0,1,20.658343
0.697368,3,20.661369
0.0,1,20.662378
0.0,1,20.663397
0.0,1,20.664425
0.0,1,20.665421
0.552632,3,20.668316
0.276316,2,20.670357
0.0,1,20.671379
0.0,1,20.672344
0.697368,3,20.675427
0.0,1,20.676431
0.697368,3,20.679533
0.0,1,20.680565
-0.065789,2,20.682611
0.0,1,20.683616
0.0,1,20.684638
0.697368,3,20.687698
0.0,1,20.688669
0.0,1,20.68966
0.0,1,20.690658
0.276316,2,20.692579
0.0,1,20.693495
0.0,1,20.694494
0.552632,3,20.6974
0.973684,4,20.701428
0.0,1,20.702435
0.697368,3,20.705496
0.0,1,20.706501
0.697368,3,20.71086
0.210526,3,20.714763
0.144737,4,20.719552
0.276316,2,20.721471
0.0,1,20.722456
0.0,1,20.723456
0.0,1,20.724417
0.0,1,20.725362
-0.065789,2,20.727319
0.276316,2,20.729344
0.276316,2,20.731268
0.210526,3,20.734221
0.0,1,20.735191
0.0,1,20.736182
0.276316,2,20.738148
0.0,1,20.739175
0.276316,2,20.741129
0.0,1,20.742126
0.0,1,20.743084
0.276316,2,20.745064
0.0,1,20.746054
0.276316,2,20.74797
0.697368,3,20.750857
0.0,1,20.751811
0.210526,3,20.754772
0.276316,2,20.7567
0.0,1,20.757658
0.697368,3,20.760509
0.0,1,20.761493
0.697368,3,20.764374
-0.065789,2,20.766297
0.276316,2,20.768245
0.0,1,20.769253
0.0,1,20.770237
0.552632,3,20.773208
0.0,1,20.774179
0.276316,2,20.776099
0.276316,2,20.77809
0.697368,3,20.780912
0.0,1,20.781883
0.552632,3,20.784774
0.276316,2,20.786772
0.276316,2,20.788753
0.0,1,20.789729
0.0,1,20.790745
0.276316,2,20.792748
0.552632,3,20.795592
0.0,1,20.796522
0.0,1,20.797498
0.0,1,20.798446
0.0,1,20.799429
0.697368,3,20.802638
0.0,1,20.803646
0.0,1,20.804572
0.0,1,20.80549
0.276316,2,20.807468
-0.065789,2,20.809464
0.276316,2,20.811358
0.0,1,20.812323
0.0,1,20.813307
0.276316,2,20.815223
0.276316,2,20.817133
0.210526,3,20.820226
0.0,1,20.821175
0.697368,3,20.824124
0.276316,2,20.826018
0.0,1,20.827049
0.697368,3,20.829922
0.552632,3,20.832752
0.210526,3,20.835656
-0.065789,2,20.837558
0.276316,2,20.839492
0.276316,2,20.841363
0.276316,2,20.843265
0.276316,2,20.845165
0.552632,3,20.848092
0.276316,2,20.849994
0.0,1,20.850971
0.276316,2,20.852878
0.276316,2,20.854806
0.0,1,20.85575
0.0,1,20.856723
0.276316,2,20.85867
0.552632,3,20.861517
0.0,1,20.862485
0.276316,2,20.864343
0.973684,4,20.868127
0.0,1,20.86905
-0.263158,5,20.873784
0.276316,2,20.875772
0.552632,3,20.878646
0.552632,3,20.881502
0.552632,3,20.884408
0.631579,4,20.888191
0.0,1,20.889154
0.276316,2,20.891101
0.0,1,20.892076
0.276316,2,20.89398
0.0,1,20.894946
0.697368,3,20.897871
0.0,1,20.898819
0.0,1,20.899821
0.276316,2,20.901789
-0.065789,2,20.903775
0.0,1,20.904756
0.631579,4,20.908617
0.0,1,20.909546
0.276316,2,20.911474
0.276316,2,20.913345
0.276316,2,20.915266
0.697368,3,20.918133
0.0,1,20.919093
0.0,1,20.920015
0.697368,3,20.922924
0.552632,3,20.925851
0.697368,3,20.928596
0.0,1,20.929575
0.697368,3,20.932427
-0.131579,3,20.935296
0.276316,2,20.937138
0.552632,3,20.94004
0.0,1,20.941013
0.276316,2,20.942868
0.697368,3,20.945726
0.0,1,20.946719
0.697368,3,20.94958
0.0,1,20.950558
0.973684,4,20.954384
0.0,1,20.955358
0.697368,3,20.95825
0.631579,4,20.962145
0.697368,3,20.964998
0.0,1,20.965946
0.697368,3,20.9688
0.0,1,20.969725
0.552632,3,20.972617
0.0,1,20.973597
0.0,1,20.974627
0.0,1,20.975553
0.486842,4,20.979395
0.276316,2,20.981398
0.276316,2,20.983335
0.552632,3,20.986187
0.276316,2,20.988098
0.552632,3,20.991016
0.276316,2,20.992917
0.276316,2,20.994832
0.0,1,20.99575
-0.065789,2,20.997691
0.552632,3,21.00054
-0.065789,2,21.00247
0.0,1,21.0034
0.276316,2,21.005316
0.697368,3,21.00822
0.276316,2,21.010131
0.276316,2,21.012031
0.276316,2,21.013957
0.276316,2,21.015914
-0.065789,2,21.017832
0.697368,3,21.020731
0.697368,3,21.023661
0.276316,2,21.025565
0.552632,3,21.028487
0.0,1,21.029408
0.0,1,21.030382
0.0,1,21.031366
0.0,1,21.032325
0.552632,3,21.035158
0.697368,3,21.037928
0.0,1,21.038865
-0.131579,3,21.041729
0.0,1,21.042659
0.0,1,21.043615
0.0,1,21.044743
0.697368,3,21.047622
0.276316,2,21.04951
0.0,1,21.050511
0.276316,2,21.052311
0.0,1,21.053294
0.552632,3,21.056191
0.552632,3,21.059131
0.552632,3,21.06205
0.0,1,21.062989
0.276316,2,21.064988
0.0,1,21.066608
0.0,1,21.067732
0.697368,3,21.078665
0.210526,3,21.081663
0.0,1,21.082712
0.0,1,21.083676
0.0,1,21.084632
0.0,1,21.085646
0.0,1,21.086672
0.276316,2,21.088669
0.0,1,21.089963
0.0,1,21.091027
0.276316,2,21.093057
0.0,1,21.09443
0.276316,2,21.097811
0.552632,3,21.101956
0.276316,2,21.104992
0.276316,2,21.107767
0.276316,2,21.109736
0.276316,2,21.11169
0.0,1,21.112667
0.552632,3,21.115587
0.0,1,21.116593
0.276316,2,21.118572
-0.131579,3,21.121624
0.276316,2,21.123942
0.552632,3,21.127629
0.697368,3,21.130601
0.697368,3,21.133516
0.276316,2,21.135462
0.276316,2,21.137358
0.276316,2,21.139456
0.552632,3,21.142303
0.276316,2,21.144212
0.0,1,21.145171
0.276316,2,21.14705
0.276316,2,21.14893
0.276316,2,21.150888
0.631579,4,21.154662
0.276316,2,21.156654
0.0,1,21.157615
0.0,1,21.158619
0.0,1,21.159543
0.0,1,21.160528
0.552632,3,21.163317
0.697368,3,21.166136
0.0,1,21.167091
0.0,1,21.168077
0.276316,2,21.169964
-0.065789,2,21.171835
0.276316,2,21.173728
0.697368,3,21.176643
0.552632,3,21.179484
0.0,1,21.180471
0.276316,2,21.182373
0.697368,3,21.185272
0.0,1,21.186266
0.0,1,21.187226
0.0,1,21.188225
0.421053,5,21.193104
0.276316,2,21.195031
0.276316,2,21.197001
0.552632,3,21.199898
0.0,1,21.200858
0.276316,2,21.202887
0.276316,2,21.204809
0.276316,2,21.206764
0.552632,3,21.209729
0.0,1,21.210799
0.697368,3,21.2137
0.0,1,21.214702
0.276316,2,21.216687
0.631579,4,21.220602
0.276316,2,21.222554
0.0,1,21.223524
0.210526,3,21.226506
0.552632,3,21.229447
0.210526,3,21.232402
0.276316,2,21.234353
0.276316,2,21.236312
0.0,1,21.237321
0.552632,3,21.240299
0.276316,2,21.242311
-0.065789,2,21.244232
0.0,1,21.245201
0.0,1,21.246231
0.276316,2,21.248199
0.552632,3,21.25116
0.0,1,21.252156
0.276316,2,21.254107
0.276316,2,21.256062
0.0,1,21.257085
0.552632,3,21.260026
0.0,1,21.261021
0.276316,2,21.262933
0.276316,2,21.264834
0.276316,2,21.266803
0.0,1,21.267792
0.552632,3,21.270713
0.276316,2,21.272673
0.697368,3,21.275688
0.276316,2,21.277646
0.552632,3,21.280612
0.276316,2,21.282677
0.0,1,21.283678
0.0,1,21.284672
0.276316,2,21.286716
0.0,1,21.287708
0.552632,3,21.290612
0.697368,3,21.293546
0.0,1,21.294554
0.0,1,21.295544
0.0,1,21.296553
0.276316,2,21.298522
0.276316,2,21.300494
0.552632,3,21.303462
0.276316,2,21.305408
0.552632,3,21.308451
0.0,1,21.30943
0.276316,2,21.311424
0.276316,2,21.313387
0.0,1,21.3144
0.0,1,21.315397
0.631579,4,21.319366
0.276316,2,21.321358
0.276316,2,21.323497
0.552632,3,21.326574
0.276316,2,21.328599
0.276316,2,21.3306
0.276316,2,21.332635
0.276316,2,21.334637
0.0,1,21.335665
0.0,1,21.336664
0.0,1,21.337661
0.276316,2,21.339712
0.276316,2,21.341702
0.697368,3,21.344648
-0.065789,2,21.346655
0.697368,3,21.349572
0.552632,3,21.352428
0.276316,2,21.354425
0.0,1,21.355444
0.0,1,21.356418
0.552632,3,21.359416
0.276316,2,21.3614
0.276316,2,21.363381
0.210526,3,21.366338
0.276316,2,21.368352
0.697368,3,21.371329
0.276316,2,21.373299
0.276316,2,21.375272
0.0,1,21.376288
0.697368,3,21.379292
0.0,1,21.380292
0.0,1,21.381278
0.0,1,21.382277
0.0,1,21.383247
-0.065789,2,21.385233
0.276316,2,21.387245
0.0,1,21.388241
0.276316,2,21.390261
0.0,1,21.391285
0.0,1,21.392299
-0.065789,2,21.394279
0.276316,2,21.39624
0.697368,3,21.399204
0.276316,2,21.401199
0.276316,2,21.403201
0.0,1,21.404193
0.210526,3,21.407122
0.276316,2,21.409079
0.276316,2,21.411077
0.552632,3,21.414078
0.0,1,21.415087
0.276316,2,21.417029
0.0,1,21.41805
0.552632,3,21.421014
0.276316,2,21.423071
0.0,1,21.424054
0.276316,2,21.426061
0.552632,3,21.429048
0.276316,2,21.431027
0.0,1,21.432044
0.552632,3,21.43502
0.697368,3,21.438022
-0.131579,3,21.4409
0.210526,3,21.443904
0.697368,3,21.446842
0.0,1,21.447799
0.697368,3,21.450889
0.276316,2,21.452775
0.486842,4,21.456747
-0.065789,2,21.458706
0.276316,2,21.460666
0.631579,4,21.464603
0.276316,2,21.46657
0.552632,3,21.469542
0.276316,2,21.471466
0.0,1,21.472468
0.0,1,21.47342
0.0,1,21.474433
0.552632,3,21.477359
0.552632,3,21.480322
0.552632,3,21.483312
0.697368,3,21.486209
0.0,1,21.487201
0.697368,3,21.490201
0.0,1,21.491146
0.0,1,21.492152
-0.065789,2,21.494153
0.697368,3,21.497117
0.907895,5,21.502153
0.0,1,21.503151
0.276316,2,21.505151
0.697368,3,21.508204
0.0,1,21.50923
0.276316,2,21.511234
0.276316,2,21.51322
0.552632,3,21.516241
0.276316,2,21.518235
-0.065789,2,21.520201
0.0,1,21.521229
0.276316,2,21.523264
0.0,1,21.524265
0.210526,3,21.52722
0.0,1,21.528193
0.0,1,21.529211
0.552632,3,21.532199
0.276316,2,21.534204
0.0,1,21.535183
0.210526,3,21.538152
0.552632,3,21.541167
0.0,1,21.542182
0.210526,3,21.545189
0.276316,2,21.547113
0.552632,3,21.550091
0.552632,3,21.553041
0.0,1,21.554026
0.276316,2,21.555991
0.0,1,21.556997
0.0,1,21.557981
0.697368,3,21.56097
0.0,1,21.561961
0.276316,2,21.563975
0.552632,3,21.566989
0.486842,4,21.570972
0.276316,2,21.572937
0.276316,2,21.574961
0.276316,2,21.576939
0.552632,3,21.579897
0.697368,3,21.582854
0.0,1,21.583822
0.0,1,21.584832
0.0,1,21.585819
0.276316,2,21.587774
0.486842,4,21.591734
0.276316,2,21.593701
0.0,1,21.59472
0.0,1,21.595729
0.552632,3,21.598652
0.0,1,21.599691
0.552632,3,21.602778
0.276316,2,21.604753
0.0,1,21.605782
0.0,1,21.606719
0.552632,3,21.609684
0.0,1,21.610725
0.276316,2,21.612649
0.276316,2,21.614598
0.0,1,21.615652
0.276316,2,21.617625
0.0,1,21.618903
0.276316,2,21.620895
0.210526,3,21.62389
0.276316,2,21.625898
0.552632,3,21.628849
0.276316,2,21.630833
0.0,1,21.631783
0.0,1,21.632762
0.0,1,21.63371
0.276316,2,21.635739
0.0,1,21.636782
0.697368,3,21.639738
0.486842,4,21.64372
0.486842,4,21.64776
0.276316,2,21.649741
0.697368,3,21.652739
0.276316,2,21.654656
0.276316,2,21.656623
0.276316,2,21.658594
0.828947,4,21.662559
0.0,1,21.663563
0.0,1,21.664534
0.0,1,21.665507
0.210526,3,21.668543
0.0,1,21.66951
0.276316,2,21.67146
0.276316,2,21.673351
0.552632,3,21.67635
0.973684,4,21.680312
0.0,1,21.68129
0.0,1,21.682312
0.697368,3,21.685173
0.276316,2,21.687177
0.276316,2,21.689142
0.0,1,21.690151
0.697368,3,21.693152
0.0,1,21.69418
0.276316,2,21.696158
-0.065789,2,21.698167
0.0,1,21.699187
0.0,1,21.700156
0.0,1,21.701156
0.0,1,21.702164
-0.065789,2,21.704092
0.276316,2,21.70607
0.276316,2,21.708035
0.0,1,21.709039
0.0,1,21.710023
0.0,1,21.711012
0.631579,4,21.714967
0.0,1,21.715952
0.276316,2,21.717932
0.276316,2,21.719904
0.0,1,21.720886
0.276316,2,21.722851
0.697368,3,21.725702
0.0,1,21.726726
0.276316,2,21.728646
0.276316,2,21.730655
0.276316,2,21.732563
0.0,1,21.733557
0.0,1,21.734553
0.210526,3,21.737422
0.276316,2,21.739346
0.210526,3,21.74225
0.697368,3,21.745279
0.0,1,21.7463
0.697368,3,21.749185
0.0,1,21.750178
0.276316,2,21.752211
0.0,1,21.753202
0.276316,2,21.755121
0.0,1,21.756168
0.0,1,21.757146
0.210526,3,21.760047
0.276316,2,21.762033
0.552632,3,21.765025
0.697368,3,21.767989
0.276316,2,21.769992
0.0,1,21.770978
0.0,1,21.771956
0.276316,2,21.773862
0.552632,3,21.776793
0.276316,2,21.778725
0.552632,3,21.781695
0.697368,3,21.784645
0.486842,4,21.788542
0.276316,2,21.790553
0.276316,2,21.792581
0.0,1,21.793552
0.276316,2,21.795551
0.0,1,21.796523
0.276316,2,21.798509
0.276316,2,21.800464
0.697368,3,21.803456
0.0,1,21.80444
0.0,1,21.805386
0.276316,2,21.807365
0.0,1,21.808359
0.276316,2,21.810317
0.907895,5,21.815252
0.0,1,21.816258
0.552632,3,21.819206
0.697368,3,21.822213
0.0,1,21.823206
0.0,1,21.824169
0.276316,2,21.826284
0.276316,2,21.828347
0.276316,2,21.83037
0.0,1,21.831394
0.276316,2,21.833381
0.697368,3,21.836419
0.0,1,21.837403
0.0,1,21.838428
0.0,1,21.839456
0.0,1,21.840463
0.276316,2,21.842423
0.276316,2,21.844416
0.552632,3,21.847513
0.276316,2,21.849468
-0.065789,2,21.851423
0.0,1,21.852428
0.0,1,21.853422
0.697368,3,21.856417
0.0,1,21.857449
0.276316,2,21.8595
0.276316,2,21.861517
0.0,1,21.862584
0.210526,3,21.865552
0.0,1,21.866578
0.276316,2,21.868521
0.276316,2,21.870555
0.276316,2,21.872601
0.0,1,21.873626
0.0,1,21.87463
0.276316,2,21.876685
0.276316,2,21.878753
0.0,1,21.879806
0.697368,3,21.882811
0.0,1,21.883848
0.0,1,21.88484
0.486842,4,21.888832
0.276316,2,21.890803
0.697368,3,21.893792
0.276316,2,21.895735
0.0,1,21.896714
0.0,1,21.897683
0.276316,2,21.899734
0.552632,3,21.902717
0.276316,2,21.904675
0.276316,2,21.906648
0.276316,2,21.908618
0.697368,3,21.911546
0.0,1,21.912549
-0.065789,2,21.914542
0.276316,2,21.916531
0.697368,3,21.919581
0.0,1,21.920582
0.276316,2,21.922621
0.0,1,21.923654
-0.065789,2,21.925697
0.276316,2,21.927792
0.552632,3,21.930848
0.0,1,21.931868
0.0,1,21.932907
0.276316,2,21.934876
0.552632,3,21.937809
0.276316,2,21.93982
0.276316,2,21.941806
-0.065789,2,21.943792
0.0,1,21.944785
0.552632,3,21.947767
0.276316,2,21.949826
0.276316,2,21.951866
0.276316,2,21.953852
0.907895,5,21.960307
0.0,1,21.962012
0.276316,2,21.964639
0.0,1,21.965938
0.0,1,21.967277
-0.065789,2,21.96993
0.276316,2,21.97191
0.0,1,21.972857
0.276316,2,21.974791
0.276316,2,21.97674
0.276316,2,21.978695
0.0,1,21.979651
0.0,1,21.980607
0.631579,4,21.984477
0.552632,3,21.987382
0.973684,4,21.991324
0.0,1,21.992285
0.0,1,21.993326
0.276316,2,21.995306
0.276316,2,21.997287
0.276316,2,21.999291
0.0,1,22.000251
0.276316,2,22.002216
0.0,1,22.003205
0.276316,2,22.005289
0.697368,3,22.008379
0.0,1,22.009421
0.276316,2,22.011361
0.0,1,22.012373
0.0,1,22.013423
0.276316,2,22.015478
0.0,1,22.016521
0.0,1,22.017498
0.0,1,22.018505
0.0,1,22.019504
0.973684,4,22.023596
0.0,1,22.024603
0.0,1,22.025614
0.276316,2,22.027608
0.0,1,22.028604
0.276316,2,22.030598
0.276316,2,22.03267
0.276316,2,22.034731
0.0,1,22.035717
0.0,1,22.036701
0.276316,2,22.038654
0.276316,2,22.040594
0.276316,2,22.042582
-0.065789,2,22.044548
0.0,1,22.045536
0.552632,3,22.0485
0.0,1,22.049506
0.0,1,22.050551
0.276316,2,22.052571
0.0,1,22.053547
0.697368,3,22.056591
0.0,1,22.057639
0.276316,2,22.059669
0.552632,3,22.062711
0.0,1,22.06372
0.0,1,22.064767
0.276316,2,22.06685
0.276316,2,22.068863
0.276316,2,22.070915
0.276316,2,22.072876
0.276316,2,22.074877
0.0,1,22.075913
0.0,1,22.076904
0.0,1,22.07797
0.276316,2,22.079973
0.0,1,22.08106
0.0,1,22.082055
0.276316,2,22.08412
0.276316,2,22.086097
0.697368,3,22.089114
0.0,1,22.090159
0.276316,2,22.092182
0.0,1,22.093202
0.552632,3,22.09624
0.0,1,22.09729
0.697368,3,22.100349
0.0,1,22.101361
0.276316,2,22.103347
0.0,1,22.10438
0.697368,3,22.107316
0.276316,2,22.109323
0.276316,2,22.111341
0.276316,2,22.113362
0.276316,2,22.115351
0.276316,2,22.117435
0.697368,3,22.12061
0.0,1,22.121604
0.697368,3,22.124812
0.0,1,22.125898
0.276316,2,22.127897
0.697368,3,22.130955
0.0,1,22.131967
0.0,1,22.132929
0.276316,2,22.134949
0.276316,2,22.136945
0.0,1,22.137933
0.0,1,22.138916
0.276316,2,22.140931
0.0,1,22.141961
0.631579,4,22.145866
0.0,1,22.146843
0.552632,3,22.149862
0.276316,2,22.151788
0.0,1,22.15284
0.631579,4,22.156757
0.0,1,22.157782
0.552632,3,22.160681
0.276316,2,22.162526
0.0,1,22.163458
0.276316,2,22.165347
0.276316,2,22.167275
0.276316,2,22.169184
0.0,1,22.170172
0.697368,3,22.173055
0.552632,3,22.175981
0.276316,2,22.177896
0.276316,2,22.17979
0.697368,3,22.182629
0.276316,2,22.184596
0.276316,2,22.186546
0.0,1,22.187536
0.276316,2,22.189429
0.0,1,22.190399
0.0,1,22.191417
0.697368,3,22.194351
0.0,1,22.195339
0.0,1,22.196332
0.276316,2,22.198349
0.276316,2,22.200342
0.276316,2,22.202306
0.276316,2,22.204247
0.0,1,22.205237
0.276316,2,22.207178
0.0,1,22.208166
0.276316,2,22.210086
0.0,1,22.211114
0.0,1,22.212094
0.552632,3,22.215016
0.0,1,22.215999
0.0,1,22.216949
0.697368,3,22.21991
0.973684,4,29.961282
0.0,1,29.962476
0.973684,4,29.969563
0.0,1,29.971178
0.552632,3,29.975701
0.552632,3,29.979428
0.697368,3,29.985014
0.276316,2,29.987671
0.697368,3,29.990919
0.0,1,29.991965
0.697368,3,29.995041
0.0,1,29.996084
0.552632,3,29.999476
0.697368,3,30.003896
0.0,1,30.005553
0.0,1,30.007234
0.697368,3,30.011494
0.0,1,30.013057
0.697368,3,30.016475
0.697368,3,30.019657
0.552632,3,30.022835
0.0,1,30.023905
0.552632,3,30.027466
0.697368,3,30.031583
0.0,1,30.033036
0.0,1,30.034655
0.552632,3,30.038732
0.631579,4,30.044948
0.276316,2,30.047811
0.697368,3,30.053173
-0.065789,2,30.056547
0.552632,3,30.060518
0.552632,3,30.064409
0.828947,4,30.071162
0.697368,3,30.075505
0.0,1,30.077232
0.276316,2,30.080136
0.0,1,30.08149
0.0,1,30.083114
0.276316,2,30.08626
0.276316,2,30.090479
0.276316,2,30.093894
0.276316,2,30.097315
0.697368,3,30.101339
0.0,1,30.102384
0.276316,2,30.104408
0.552632,3,30.112727
0.552632,3,30.115844
0.697368,3,30.118787
0.0,1,30.119807
0.697368,3,30.122827
0.0,1,30.123902
0.276316,2,30.126439
0.552632,3,30.12934
0.0,1,30.130552
0.276316,2,30.132594
0.973684,4,30.136889
0.0,1,30.137866
0.0,1,30.13886
0.552632,3,30.141816
0.552632,3,30.144721
0.276316,2,30.146864
0.697368,3,30.149698
0.697368,3,30.152584
-0.065789,2,30.15448
0.0,1,30.155534
0.552632,3,30.158491
0.697368,3,30.161454
0.0,1,30.162494
0.0,1,30.163457
0.631579,4,30.167324
0.421053,5,30.172275
0.0,1,30.173281
0.0,1,30.174284
0.697368,3,30.177204
0.697368,3,30.180218
0.552632,3,30.183238
0.552632,3,30.186268
0.697368,3,30.189294
0.0,1,30.190324
0.697368,3,30.193299
0.0,1,30.194312
0.697368,3,30.197343
0.0,1,30.198363
0.552632,3,30.20134
0.276316,2,30.203415
0.276316,2,30.205509
0.276316,2,30.207491
0.276316,2,30.20948
0.0,1,30.210526
0.697368,3,30.214303
0.0,1,30.215442
0.697368,3,30.218364
0.0,1,30.219376
0.276316,2,30.221387
0.0,1,30.222439
0.552632,3,30.225373
0.0,1,30.226443
0.552632,3,30.229308
0.276316,2,30.231283
0.697368,3,30.234242
0.0,1,30.235538
0.0,1,30.237328
0.0,1,30.239259
0.276316,2,30.242424
0.0,1,30.243771
0.697368,3,30.247478
0.973684,4,30.251604
0.0,1,30.252573
0.552632,3,30.255558
0.276316,2,30.257726
0.552632,3,30.260745
0.276316,2,30.262833
0.697368,3,30.267299
0.486842,4,30.272277
-0.065789,2,30.274552
0.276316,2,30.276806
0.276316,2,30.278805
0.552632,3,30.281873
0.697368,3,30.285209
0.0,1,30.28633
0.552632,3,30.289402
0.697368,3,30.292557
0.631579,4,30.296574
0.276316,2,30.298683
0.552632,3,30.301696
0.697368,3,30.304683
0.631579,4,30.308705
0.0,1,30.309726
0.276316,2,30.311752
0.276316,2,30.313764
0.697368,3,30.316758
0.0,1,30.317768
0.276316,2,30.319734
0.552632,3,30.322637
0.0,1,30.323592
0.552632,3,30.326458
0.276316,2,30.328386
0.276316,2,30.330298
0.697368,3,30.333222
0.276316,2,30.335218
0.697368,3,30.338141
0.0,1,30.339157
0.552632,3,30.342093
0.276316,2,30.344059
0.697368,3,30.346974
0.697368,3,30.34991
0.0,1,30.350959
0.697368,3,30.353952
0.552632,3,30.35692
0.276316,2,30.358955
0.697368,3,30.361919
0.552632,3,30.364849
0.0,1,30.365852
0.276316,2,30.367913
0.697368,3,30.370794
0.276316,2,30.372746
0.0,1,30.373816
0.276316,2,30.375779
0.552632,3,30.37873
0.276316,2,30.38079
0.552632,3,30.383807
0.552632,3,30.386859
0.697368,3,30.389859
0.0,1,30.390879
0.276316,2,30.392936
0.697368,3,30.395905
0.210526,3,30.398905
0.276316,2,30.400908
0.276316,2,30.402871
0.552632,3,30.405765
0.631579,4,30.409616
0.0,1,30.410641
0.276316,2,30.412557
0.973684,4,30.41644
0.0,1,30.417405
0.697368,3,30.420308
0.0,1,30.421311
0.276316,2,30.423273
0.552632,3,30.426334
0.0,1,30.427366
0.697368,3,30.430468
0.486842,4,30.434466
0.276316,2,30.43657
0.276316,2,30.438581
0.697368,3,30.441656
0.0,1,30.442685
0.210526,3,30.445653
0.697368,3,30.448606
0.0,1,30.449647
0.697368,3,30.452605
0.276316,2,30.454492
0.697368,3,30.457315
0.0,1,30.45827
0.276316,2,30.460166
0.276316,2,30.462101
0.973684,4,30.465901
0.697368,3,30.468719
0.0,1,30.469651
0.276316,2,30.471552
0.276316,2,30.473468
0.697368,3,30.476274
0.0,1,30.477478
0.552632,3,30.481059
0.552632,3,30.484347
0.697368,3,30.4874
0.552632,3,30.490378
0.276316,2,30.492317
0.0,1,30.493323
0.0,1,30.494376
0.697368,3,30.497334
0.276316,2,30.499367
0.0,1,30.500367
0.697368,3,30.503366
0.697368,3,30.506355
0.0,1,30.507351
0.631579,4,30.511317
0.276316,2,30.513261
0.552632,3,30.516228
0.0,1,30.517274
0.697368,3,30.520199
0.552632,3,30.523245
0.697368,3,30.526139
0.0,1,30.527187
0.0,1,30.528181
0.973684,4,30.532071
0.697368,3,30.535092
0.631579,4,30.54021
0.552632,3,30.543631
0.276316,2,30.545606
0.552632,3,30.54894
0.276316,2,30.55086
0.697368,3,30.553787
0.697368,3,30.556753
0.276316,2,30.558731
0.276316,2,30.560617
0.697368,3,30.56372
0.631579,4,30.567578
0.552632,3,30.570507
0.552632,3,30.573471
0.276316,2,30.575402
0.0,1,30.576408
0.697368,3,30.579323
0.0,1,30.580286
0.552632,3,30.5832
0.0,1,30.584201
0.631579,4,30.58799
0.0,1,30.588968
0.0,1,30.589974
0.0,1,30.590956
0.697368,3,30.593877
0.697368,3,30.596782
0.631579,4,30.600565
0.552632,3,30.603464
0.697368,3,30.606262
0.0,1,30.607234
0.697368,3,30.610135
0.210526,3,30.61301
0.486842,4,30.617061
0.0,1,30.618086
0.552632,3,30.621111
0.697368,3,30.624049
0.276316,2,30.626073
0.0,1,30.627124
0.552632,3,30.630136
0.697368,3,30.633066
0.276316,2,30.635116
0.0,1,30.636177
0.552632,3,30.639206
0.697368,3,30.642138
0.0,1,30.643144
-0.065789,2,30.645395
0.552632,3,30.648276
0.0,1,30.649266
0.631579,4,30.653008
0.697368,3,30.655883
0.0,1,30.656859
0.0,1,30.657812
0.276316,2,30.659718
0.552632,3,30.662537
0.276316,2,30.664461
0.697368,3,30.667299
0.631579,4,30.671046
0.697368,3,30.673883
0.697368,3,30.676692
0.0,1,30.67767
0.552632,3,30.68049
0.552632,3,30.683319
0.0,1,30.684311
0.552632,3,30.687187
0.276316,2,30.689068
0.276316,2,30.690961
0.973684,4,30.694722
0.0,1,30.695705
0.697368,3,30.698627
0.552632,3,30.701448
0.697368,3,30.704347
0.0,1,30.705294
0.0,1,30.706264
0.0,1,30.70724
0.552632,3,30.710071
0.552632,3,30.712907
0.552632,3,30.715747
0.552632,3,30.718589
-0.065789,2,30.720507
0.276316,2,30.722428
0.973684,4,30.726258
0.276316,2,30.728153
0.697368,3,30.730988
0.0,1,30.731927
0.0,1,30.732903
0.276316,2,30.734814
0.552632,3,30.737636
0.697368,3,30.74052
0.0,1,30.741467
0.697368,3,30.744365
0.697368,3,30.747243
-0.065789,2,30.749129
0.210526,3,30.751943
0.276316,2,30.753866
0.828947,4,30.757602
0.0,1,30.758598
0.697368,3,30.761454
0.0,1,30.762452
0.486842,4,30.766355
0.276316,2,30.76826
0.276316,2,30.770185
0.697368,3,30.773018
0.0,1,30.773992
0.631579,4,30.777783
0.973684,4,30.78159
0.0,1,30.782591
0.276316,2,30.784485
0.697368,3,30.787407
0.552632,3,30.790321
0.276316,2,30.792301
0.0,1,30.793301
0.697368,3,30.796192
0.552632,3,30.79907
0.631579,4,30.802916
0.0,1,30.80389
0.486842,4,30.807735
0.697368,3,30.810617
0.0,1,30.811555
0.276316,2,30.81348
0.697368,3,30.816356
0.0,1,30.817305
0.552632,3,30.820161
0.697368,3,30.822963
0.697368,3,30.825783
0.0,1,30.826769
0.0,1,30.827756
0.210526,3,30.830558
0.697368,3,30.833368
0.552632,3,30.836197
0.0,1,30.837184
0.0,1,30.838132
0.697368,3,30.841004
0.973684,4,30.844809
0.0,1,30.84574
0.276316,2,30.847762
0.276316,2,30.849651
0.552632,3,30.852509
0.276316,2,30.854418
0.276316,2,30.856307
0.697368,3,30.859143
0.210526,3,30.861963
0.276316,2,30.863873
0.276316,2,30.865772
0.210526,3,30.868637
0.697368,3,30.871426
0.552632,3,30.874273
0.552632,3,30.877104
0.552632,3,30.879921
0.144737,4,30.883657
0.697368,3,30.886514
0.210526,3,30.889341
0.276316,2,30.891244
0.0,1,30.892198
0.697368,3,30.895023
0.0,1,30.89601
0.276316,2,30.897991
0.697368,3,30.901001
0.0,1,30.902033
0.552632,3,30.904869
0.276316,2,30.90675
0.0,1,30.9077
0.697368,3,30.910546
0.210526,3,30.913406
0.697368,3,30.916327
0.0,1,30.91733
0.697368,3,30.920279
0.697368,3,30.923086
0.0,1,30.924044
0.697368,3,30.926841
0.0,1,30.927815
0.0,1,30.928762
0.697368,3,30.931591
0.697368,3,30.934447
0.631579,4,30.938264
0.0,1,30.939207
0.0,1,30.940129
0.276316,2,30.942034
0.276316,2,30.943944
0.552632,3,30.946617
0.210526,3,30.949528
0.697368,3,30.952271
0.276316,2,30.954223
0.631579,4,30.958
0.276316,2,30.959865
0.0,1,30.960796
0.276316,2,30.962724
0.276316,2,30.964669
0.0,1,30.965596
0.697368,3,30.968415
-0.065789,2,30.970302
0.552632,3,30.973155
0.276316,2,30.975023
0.0,1,30.976004
0.552632,3,30.978838
0.552632,3,30.98181
0.210526,3,30.984671
0.552632,3,30.987551
0.486842,4,30.991398
0.697368,3,30.994295
0.0,1,30.995282
0.552632,3,30.998174
0.210526,3,31.000978
0.697368,3,31.003705
0.0,1,31.004718
0.697368,3,31.007606
0.0,1,31.008552
0.828947,4,31.01244
0.552632,3,31.015227
0.697368,3,31.018131
0.0,1,31.019108
0.697368,3,31.022088
0.552632,3,31.025007
0.552632,3,31.0279
0.552632,3,31.030807
0.276316,2,31.032745
0.0,1,31.033697
0.973684,4,31.037592
0.0,1,31.038557
0.697368,3,31.041447
0.276316,2,31.043376
0.486842,4,31.047137
0.0,1,31.048081
0.552632,3,31.050909
0.697368,3,31.053793
0.0,1,31.054747
0.697368,3,31.057555
0.0,1,31.059684
0.276316,2,31.062948
0.210526,3,31.067285
0.552632,3,31.071336
0.552632,3,31.075622
0.697368,3,31.079612
0.552632,3,31.083294
0.0,1,31.084218
0.276316,2,31.086137
0.0,1,31.087086
0.276316,2,31.089065
0.276316,2,31.091035
0.552632,3,31.093972
-0.131579,3,31.096781
0.552632,3,31.099746
0.697368,3,31.102587
0.552632,3,31.105514
0.276316,2,31.107429
0.697368,3,31.110329
0.276316,2,31.112304
0.276316,2,31.115048
0.697368,3,31.11815
0.697368,3,31.121089
0.552632,3,31.124007
0.0,1,31.125014
0.552632,3,31.127934
0.276316,2,31.129882
0.0,1,31.130856
0.552632,3,31.133737
0.0,1,31.134816
0.0,1,31.135839
0.697368,3,31.138966
0.0,1,31.139944
0.697368,3,31.143065
1.25,5,31.148061
0.0,1,31.149009
0.0,1,31.149986
0.697368,3,31.152979
0.631579,4,31.156925
0.0,1,31.157981
0.973684,4,31.161995
0.552632,3,31.16493
0.697368,3,31.167777
0.552632,3,31.170664
0.552632,3,31.173485
0.697368,3,31.176314
0.276316,2,31.178253
0.276316,2,31.180258
0.697368,3,31.183182
-0.065789,2,31.185117
0.697368,3,31.188016
0.552632,3,31.190886
0.697368,3,31.19386
0.697368,3,31.196765
0.486842,4,31.200711
0.276316,2,31.202682
0.276316,2,31.204513
0.0,1,31.20548
0.0,1,31.206463
0.276316,2,31.20839
0.276316,2,31.210348
0.276316,2,31.212307
0.276316,2,31.214199
0.697368,3,31.217109
0.276316,2,31.219089
0.0,1,31.220084
0.697368,3,31.222951
0.0,1,31.223937
0.0,1,31.224938
0.0,1,31.225953
0.276316,2,31.227938
0.276316,2,31.229941
0.276316,2,31.231874
0.697368,3,31.234756
0.552632,3,31.237791
0.697368,3,31.240756
0.276316,2,31.242715
0.697368,3,31.245767
0.0,1,31.246774
0.552632,3,31.249767
0.276316,2,31.251575
0.276316,2,31.253546
0.697368,3,31.256485
0.0,1,31.257463
0.0,1,31.25846
0.0,1,31.259413
0.276316,2,31.261326
0.552632,3,31.264261
0.0,1,31.26524
0.0,1,31.266228
0.276316,2,31.268158
0.697368,3,31.271083
0.0,1,31.272084
0.697368,3,31.275072
0.0,1,31.276038
0.697368,3,31.278975
0.0,1,31.27993
0.276316,2,31.281956
0.0,1,31.282936
0.276316,2,31.284948
0.697368,3,31.287891
0.276316,2,31.289824
0.0,1,31.290828
0.697368,3,31.293761
0.552632,3,31.296774
0.276316,2,31.298652
0.276316,2,31.300623
0.552632,3,31.3035
0.276316,2,31.305426
0.552632,3,31.308399
0.486842,4,31.312343
0.552632,3,31.315269
0.697368,3,31.318196
0.276316,2,31.32017
0.973684,4,31.32406
0.552632,3,31.32693
0.0,1,31.3279
0.697368,3,31.330812
0.276316,2,31.332744
0.276316,2,31.334676
0.552632,3,31.33745
0.552632,3,31.340396
0.552632,3,31.343358
0.276316,2,31.345305
0.276316,2,31.347317
0.697368,3,31.3503
0.276316,2,31.352293
0.276316,2,31.359302
0.552632,3,31.362373
0.276316,2,31.364352
0.0,1,31.365357
0.0,1,31.366383
0.697368,3,31.369384
0.631579,4,31.373203
0.486842,4,31.377088
0.0,1,31.378067
0.631579,4,31.381955
0.697368,3,31.384863
0.0,1,31.385816
0.276316,2,31.387773
0.0,1,31.388761
0.697368,3,31.392775
0.0,1,31.394169
0.973684,4,31.399968
0.0,1,31.401259
0.973684,4,31.405199
0.0,1,31.406207
0.552632,3,31.409079
0.697368,3,31.411947
0.0,1,31.412963
0.0,1,31.413904
0.552632,3,31.416788
0.276316,2,31.41875
0.276316,2,31.420678
0.276316,2,31.422585
0.697368,3,31.425588
0.210526,3,31.428543
0.697368,3,31.431469
0.276316,2,31.433421
0.0,1,31.434431
0.486842,4,31.438214
0.697368,3,31.441126
0.0,1,31.442752
0.552632,3,31.448103
0.552632,3,31.451141
0.276316,2,31.453127
0.552632,3,31.456222
0.0,1,31.457251
0.0,1,31.458261
0.0,1,31.459288
0.631579,4,31.463214
0.0,1,31.464292
-0.065789,2,31.4663
0.0,1,31.467337
0.552632,3,31.470288
0.276316,2,31.472348
0.0,1,31.473351
0.697368,3,31.476373
0.552632,3,31.479479
0.210526,3,31.483583
0.552632,3,31.487559
0.276316,2,31.490372
0.552632,3,31.493541
0.0,1,31.494544
0.552632,3,31.497536
0.552632,3,31.500535
0.276316,2,31.502509
0.276316,2,31.504523
0.0,1,31.505591
0.565789,5,31.510425
0.0,1,31.511451
0.697368,3,31.514447
0.697368,3,31.517374
0.631579,4,31.521307
0.552632,3,31.524343
0.210526,3,31.527224
0.697368,3,31.530002
0.0,1,31.531352
0.697368,3,31.534991
0.552632,3,31.537853
0.0,1,31.538895
0.552632,3,31.541826
0.697368,3,31.544783
0.697368,3,31.547742
0.276316,2,31.549727
0.552632,3,31.552657
0.973684,4,31.556538
0.0,1,31.557536
0.552632,3,31.56045
0.276316,2,31.562388
0.486842,4,31.566326
0.697368,3,31.569282
0.552632,3,31.57225
0.552632,3,31.575146
0.631579,4,31.579033
0.276316,2,31.581033
0.276316,2,31.582986
0.697368,3,31.585893
0.552632,3,31.588802
0.697368,3,31.591818
0.276316,2,31.593702
0.0,1,31.594659
0.276316,2,31.596613
0.552632,3,31.599545
0.697368,3,31.602507
0.631579,4,31.606352
0.631579,4,31.610211
0.631579,4,31.613989
0.552632,3,31.616897
0.697368,3,31.619793
-0.065789,2,31.621623
0.0,1,31.622559
0.552632,3,31.62547
0.276316,2,31.627391
0.631579,4,31.631335
0.552632,3,31.634195
0.697368,3,31.637136
0.0,1,31.638093
0.697368,3,31.640989
0.0,1,31.64196
0.697368,3,31.644848
0.697368,3,31.647824
0.0,1,31.648762
0.276316,2,31.650675
0.276316,2,31.652534
0.697368,3,31.655391
0.276316,2,31.657374
0.697368,3,31.660315
0.631579,4,31.664421
0.0,1,31.665505
0.276316,2,31.667471
0.0,1,31.668503
0.697368,3,31.671487
0.0,1,31.672452
0.552632,3,31.675394
0.552632,3,31.678333
0.552632,3,31.681296
0.697368,3,31.684192
0.0,1,31.685159
0.697368,3,31.688035
0.0,1,31.689003
0.697368,3,31.691927
0.631579,4,31.695752
0.276316,2,31.69779
0.276316,2,31.699749
0.552632,3,31.702595
0.697368,3,31.705446
0.0,1,31.706435
0.0,1,31.707374
0.552632,3,31.710287
0.552632,3,31.713238
0.697368,3,31.716125
0.552632,3,31.719004
0.0,1,31.719926
0.276316,2,31.721892
0.828947,4,31.725749
0.973684,4,31.729631
0.697368,3,31.732672
0.828947,4,31.736575
0.0,1,31.737585
0.0,1,31.738545
0.210526,3,31.74148
0.552632,3,31.744376
0.0,1,31.745357
0.631579,4,31.749207
0.697368,3,31.752111
0.552632,3,31.755053
0.276316,2,31.757057
0.697368,3,31.759922
0.0,1,31.760923
0.631579,4,31.764815
0.486842,4,31.768712
0.0,1,31.769669
0.552632,3,31.772588
0.276316,2,31.774465
0.276316,2,31.776419
0.697368,3,31.779324
0.631579,4,31.783299
0.276316,2,31.78522
0.0,1,31.786192
0.697368,3,31.789093
0.0,1,31.790057
0.697368,3,31.792984
0.697368,3,31.795939
0.0,1,31.796885
0.552632,3,31.799815
0.552632,3,31.802678
0.552632,3,31.80557
0.0,1,31.806564
0.210526,3,31.809444
0.697368,3,31.812226
0.0,1,31.813198
0.552632,3,31.816116
-0.065789,2,31.81807
0.697368,3,31.820988
0.552632,3,31.823885
0.486842,4,31.827724
0.210526,3,31.83055
0.0,1,31.831605
0.276316,2,31.833464
0.276316,2,31.835415
0.276316,2,31.837359
-0.065789,2,31.839279
0.697368,3,31.842208
0.210526,3,31.845106
0.276316,2,31.847094
-0.065789,2,31.84912
0.552632,3,31.851981
0.697368,3,31.854872
0.486842,4,31.858646
0.276316,2,31.860575
0.276316,2,31.862455
0.697368,3,31.865307
0.0,1,31.866264
0.0,1,31.867236
0.552632,3,31.870155
0.0,1,31.871167
0.276316,2,31.873083
0.276316,2,31.875035
0.0,1,31.876017
0.0,1,31.877033
-0.065789,2,31.878935
0.552632,3,31.881871
0.697368,3,31.884745
0.631579,4,31.888648
0.0,1,31.889629
0.276316,2,31.891614
0.697368,3,31.894467
0.697368,3,31.897299
0.0,1,31.898342
0.973684,4,31.902269
0.697368,3,31.905126
0.0,1,31.906134
0.697368,3,31.909051
0.0,1,31.910021
0.697368,3,31.912908
0.907895,5,31.917774
0.0,1,31.91873
0.697368,3,31.921606
0.552632,3,31.924541
0.0,1,31.925534
0.697368,3,31.928389
0.276316,2,31.930314
0.697368,3,31.933379
0.0,1,31.934339
0.697368,3,31.937272
0.0,1,31.938292
0.0,1,31.939292
0.697368,3,31.942228
0.0,1,31.943194
0.276316,2,31.945086
0.697368,3,31.948012
0.697368,3,31.950916
0.631579,4,31.95479
0.697368,3,31.957624
0.697368,3,31.960433
0.552632,3,31.963287
0.697368,3,31.966202
0.697368,3,31.968889
0.276316,2,31.970809
0.697368,3,31.973629
0.0,1,31.974598
0.828947,4,31.978378
0.697368,3,31.981273
-0.065789,2,31.983246
0.276316,2,31.985137
0.697368,3,31.987972
0.276316,2,31.989898
0.552632,3,31.99278
0.552632,3,31.995647
0.697368,3,31.998516
0.276316,2,32.000447
0.552632,3,32.003265
0.697368,3,32.006115
0.697368,3,32.008954
0.276316,2,32.010905
0.697368,3,32.013794
0.552632,3,32.016672
0.552632,3,32.019562
0.276316,2,32.021424
0.697368,3,32.02424
0.697368,3,32.027149
-0.065789,2,32.029006
0.276316,2,32.03088
0.552632,3,32.033844
0.276316,2,32.035839
0.0,1,32.036785
0.697368,3,32.039664
0.0,1,32.040631
0.276316,2,32.042674
0.697368,3,39.809211
0.697368,3,39.812429
0.697368,3,39.815174
0.697368,3,39.817838
0.697368,3,39.820622
0.697368,3,39.823711
0.697368,3,39.826569
0.697368,3,39.829436
0.697368,3,39.832189
0.697368,3,39.835202
0.697368,3,39.838351
0.973684,4,39.842313
0.697368,3,39.845813
0.697368,3,39.849582
0.697368,3,39.853415
0.697368,3,39.856577
1.25,5,39.86309
0.697368,3,39.867134
0.697368,3,39.871154
0.697368,3,39.875182
0.697368,3,39.879048
0.697368,3,39.883652
0.697368,3,39.887574
0.697368,3,39.89163
0.697368,3,39.894672
0.697368,3,39.897656
0.697368,3,39.900573
0.697368,3,39.904526
0.697368,3,39.909512
0.697368,3,39.913715
0.697368,3,39.917662
0.697368,3,39.922567
0.697368,3,39.925527
0.697368,3,39.928298
0.697368,3,39.931038
0.697368,3,39.933795
0.697368,3,39.936657
0.697368,3,39.939469
0.697368,3,39.942321
0.697368,3,39.945064
0.697368,3,39.947898
0.697368,3,39.950733
0.697368,3,39.953585
0.973684,4,39.957342
0.697368,3,39.961995
0.697368,3,39.965118
0.697368,3,39.968828
0.697368,3,39.972667
0.697368,3,39.975642
0.697368,3,39.978463
0.697368,3,39.981274
0.697368,3,39.984164
0.697368,3,39.986971
0.697368,3,39.98982
0.697368,3,39.992712
0.697368,3,39.995562
0.697368,3,39.998366
0.697368,3,40.001185
0.697368,3,40.004089
0.697368,3,40.007001
0.697368,3,40.009917
0.697368,3,40.012824
0.697368,3,40.015728
0.973684,4,40.019553
0.697368,3,40.022394
0.697368,3,40.025274
0.697368,3,40.028289
0.697368,3,40.03123
0.697368,3,40.034167
0.697368,3,40.037095
0.697368,3,40.040017
0.973684,4,40.043716
0.697368,3,40.046566
0.697368,3,40.049395
0.697368,3,40.052196
0.697368,3,40.055036
0.697368,3,40.057871
0.697368,3,40.060678
0.697368,3,40.063611
0.973684,4,40.067464
0.697368,3,40.071905
0.697368,3,40.076926
0.697368,3,40.10733
0.697368,3,40.109783
0.697368,3,40.112336
0.697368,3,40.115139
0.697368,3,40.118037
0.697368,3,40.120757
0.697368,3,40.124289
0.697368,3,40.127099
