#{"t_start": 1631042704.786525, "env_id": "imitationNM/SortingOnions-v0"}
r,l,t
0.0,1,1.66829
0.371517,3,1.674778
0.0,1,1.676867
0.0,1,1.679456
0.0,1,1.681517
0.0,1,1.683235
-0.03096,2,1.686311
0.0,1,1.687659
0.371517,3,1.691987
0.0,1,1.694031
0.185759,2,1.696582
0.0,1,1.697713
0.0,1,1.699041
-0.03096,2,1.701452
0.0,1,1.702863
0.0,1,1.704368
0.0,1,1.705775
0.185759,2,1.708007
0.0,1,1.709173
0.0,1,1.710401
0.0,1,1.711484
0.185759,2,1.713534
0.0,1,1.714603
0.0,1,1.715648
0.0,1,1.716677
0.0,1,1.717737
0.0,1,1.718712
0.0,1,1.719769
0.0,1,1.720826
-0.03096,2,1.722883
0.0,1,1.723868
0.0,1,1.724883
-0.03096,2,1.727011
-0.03096,2,1.729107
-0.03096,2,1.731079
0.0,1,1.732307
0.0,1,1.733706
0.185759,2,1.735741
0.0,1,1.736806
0.0,1,1.73783
0.0,1,1.738817
0.0,1,1.739822
0.185759,2,1.741813
0.185759,2,1.744131
0.0,1,1.745126
0.0,1,1.746171
0.0,1,1.747858
0.0,1,1.74968
0.0,1,1.751584
0.185759,2,1.754802
0.0,1,1.75615
0.0,1,1.757539
0.0,1,1.758886
0.185759,2,1.761931
0.0,1,1.76292
0.0,1,1.763882
0.0,1,1.764857
0.0,1,1.765813
0.0,1,1.766779
0.0,1,1.767757
-0.03096,2,1.769818
0.0,1,1.7708
0.0,1,1.771772
0.154799,3,1.776254
0.371517,3,1.780545
0.0,1,1.781992
0.185759,2,1.784757
0.0,1,1.78616
0.0,1,1.787413
0.0,1,1.78868
0.0,1,1.790086
0.0,1,1.791388
0.0,1,1.792664
0.0,1,1.794255
-0.03096,2,1.796974
0.0,1,1.798014
0.0,1,1.799028
0.185759,2,1.80101
0.0,1,1.80211
0.0,1,1.803185
0.371517,3,1.806262
0.309598,5,1.813194
0.0,1,1.814675
0.0,1,1.816417
-0.03096,2,1.81977
0.0,1,1.821163
0.0,1,1.822597
0.0,1,1.82408
0.0,1,1.825546
0.0,1,1.827102
0.0,1,1.828494
0.0,1,1.829988
0.371517,3,1.834085
0.0,1,1.835165
0.0,1,1.836199
0.0,1,1.837351
0.0,1,1.838349
0.0,1,1.83935
0.0,1,1.840356
0.0,1,1.84138
0.0,1,1.842435
0.185759,2,1.844508
0.0,1,1.845891
0.0,1,1.847324
0.0,1,1.848425
0.0,1,1.849468
-0.03096,2,1.85177
-0.03096,2,1.853915
0.154799,3,1.85705
0.0,1,1.858125
0.0,1,1.859216
0.0,1,1.860315
0.0,1,1.861412
0.0,1,1.862453
0.0,1,1.863529
0.0,1,1.864562
-0.03096,2,1.866594
0.185759,2,1.868778
-0.03096,2,1.870878
-0.03096,2,1.872882
0.0,1,1.873938
0.0,1,1.874998
0.0,1,1.876077
0.0,1,1.877197
0.0,1,1.878463
0.0,1,1.87954
-0.03096,2,1.881639
0.0,1,1.882685
0.0,1,1.883722
0.0,1,1.884783
-0.03096,2,1.886914
0.0,1,1.887961
0.154799,3,1.890946
0.371517,3,1.89418
0.0,1,1.895149
-0.03096,2,1.897145
0.154799,3,1.900083
0.0,1,1.901138
0.0,1,1.902314
0.0,1,1.903327
0.0,1,1.904297
0.0,1,1.90532
0.0,1,1.906313
0.0,1,1.907274
-0.03096,2,1.909293
0.0,1,1.910375
0.185759,2,1.912379
0.0,1,1.913369
0.0,1,1.914374
0.185759,2,1.916329
-0.03096,2,1.918439
0.185759,2,1.920451
-0.06192,3,1.923403
0.185759,2,1.925493
-0.03096,2,1.92755
0.0,1,1.928635
0.185759,2,1.931007
0.185759,2,1.933187
0.0,1,1.934256
0.0,1,1.935702
0.0,1,1.936844
0.0,1,1.937964
-0.03096,2,1.940066
0.0,1,1.941139
-0.03096,2,1.943286
0.0,1,1.9444
0.0,1,1.945482
0.0,1,1.94649
0.185759,2,1.948497
0.0,1,1.949513
0.0,1,1.950513
0.0,1,1.951756
0.0,1,1.95285
0.0,1,1.953929
0.0,1,1.954952
0.0,1,1.955953
0.154799,3,1.959248
0.185759,2,1.961508
0.0,1,1.962452
0.0,1,1.963443
0.154799,3,1.966514
-0.03096,2,1.968567
0.0,1,1.96966
0.185759,2,1.971718
0.0,1,1.972723
0.0,1,1.973777
0.0,1,1.974838
0.0,1,1.975869
0.0,1,1.976939
0.185759,2,1.979245
0.0,1,1.980323
0.0,1,1.98154
-0.03096,2,1.984463
0.0,1,1.985958
0.0,1,1.987411
0.0,1,1.988958
0.0,1,1.99034
0.185759,2,1.992381
0.0,1,1.993399
0.0,1,1.994466
-0.03096,2,1.996667
0.185759,2,1.998847
0.185759,2,2.000941
0.0,1,2.002428
0.0,1,2.003835
0.0,1,2.005376
-0.03096,2,2.008169
-0.06192,3,2.012789
0.0,1,2.013767
0.0,1,2.014753
0.185759,2,2.016721
0.185759,2,2.019145
0.0,1,2.020191
-0.06192,3,2.023444
-0.03096,2,2.025532
0.0,1,2.02659
0.0,1,2.027651
0.0,1,2.028697
0.0,1,2.029762
0.0,1,2.030762
0.0,1,2.031753
0.0,1,2.033494
0.0,1,2.03547
0.0,1,2.036876
0.185759,2,2.039857
0.0,1,2.041344
-0.03096,2,2.04347
0.371517,3,2.047112
0.0,1,2.048131
0.0,1,2.049208
0.0,1,2.050225
-0.03096,2,2.052653
0.185759,2,2.054752
0.0,1,2.055761
0.185759,2,2.057771
0.0,1,2.058753
-0.03096,2,2.060781
0.092879,5,2.066566
-0.06192,3,2.070061
0.185759,2,2.072563
0.185759,2,2.074565
0.123839,4,2.079005
0.185759,2,2.081341
0.0,1,2.082458
0.185759,2,2.084481
0.0,1,2.086067
0.0,1,2.087163
0.0,1,2.088258
0.0,1,2.089417
0.0,1,2.090429
0.0,1,2.091502
0.0,1,2.092565
0.154799,3,2.095553
0.0,1,2.096507
0.0,1,2.097474
0.0,1,2.098459
0.0,1,2.099422
0.0,1,2.100437
0.0,1,2.101672
-0.03096,2,2.103756
0.0,1,2.104897
0.0,1,2.105965
0.0,1,2.106928
0.0,1,2.107963
0.0,1,2.108965
0.0,1,2.110023
0.0,1,2.111047
0.0,1,2.112125
0.0,1,2.113087
-0.03096,2,2.115224
0.0,1,2.117014
-0.03096,2,2.120558
0.0,1,2.122166
0.0,1,2.123551
0.0,1,2.124824
0.0,1,2.125813
0.0,1,2.126906
0.0,1,2.12797
0.154799,3,2.131122
0.0,1,2.132168
0.0,1,2.133184
-0.03096,2,2.135878
0.0,1,2.137822
0.0,1,2.139211
0.0,1,2.140169
0.0,1,2.141134
0.0,1,2.14208
0.185759,2,2.144385
0.0,1,2.145564
0.0,1,2.146616
0.0,1,2.147661
0.0,1,2.14867
0.0,1,2.149647
0.154799,3,2.153032
0.0,1,2.154129
-0.03096,2,2.156486
0.0,1,2.157519
0.0,1,2.158539
0.154799,3,2.161874
0.0,1,2.162889
0.0,1,2.163892
0.0,1,2.164927
0.0,1,2.165881
0.0,1,2.166877
0.0,1,2.167844
0.0,1,2.169427
0.0,1,2.170336
0.185759,2,2.172726
0.0,1,2.173733
0.0,1,2.174711
0.185759,2,2.176967
0.185759,2,2.179005
0.0,1,2.180015
0.0,1,2.181007
0.0,1,2.182044
0.185759,2,2.184056
0.0,1,2.185524
0.0,1,2.186634
0.0,1,2.187598
0.0,1,2.189243
0.0,1,2.190868
0.0,1,2.192516
0.0,1,2.194687
0.0,1,2.196562
0.0,1,2.19802
0.0,1,2.199076
0.0,1,2.200072
-0.03096,2,2.202853
0.0,1,2.203886
0.0,1,2.20497
0.0,1,2.206069
0.0,1,2.207097
-0.03096,2,2.209153
0.185759,2,2.211289
0.0,1,2.21231
0.0,1,2.21336
0.185759,2,2.215618
0.0,1,2.21667
-0.03096,2,2.219143
0.0,1,2.220277
0.0,1,2.221484
0.0,1,2.22276
0.0,1,2.223868
0.0,1,2.22499
0.0,1,2.226117
0.185759,2,2.228412
0.185759,2,2.230613
0.0,1,2.23171
0.0,1,2.232817
0.0,1,2.23393
0.371517,3,2.238049
0.0,1,2.239471
0.0,1,2.240618
0.0,1,2.241776
0.0,1,2.242914
0.0,1,2.244776
0.0,1,2.246522
-0.03096,2,2.249963
0.0,1,2.251318
0.0,1,2.25351
0.0,1,2.25569
0.0,1,2.257488
0.0,1,2.259324
0.0,1,2.260621
0.0,1,2.261771
-0.03096,2,2.264082
0.0,1,2.265237
0.0,1,2.266315
0.0,1,2.267475
0.0,1,2.269149
0.0,1,2.27041
0.185759,2,2.27281
0.185759,2,2.275143
0.0,1,2.276287
0.0,1,2.277471
0.0,1,2.278651
-0.03096,2,2.280904
0.0,1,2.282063
0.0,1,2.283152
0.0,1,2.284314
0.185759,2,2.287102
-0.03096,2,2.289613
-0.03096,2,2.291794
0.185759,2,2.294886
0.185759,2,2.298373
0.0,1,2.300021
0.0,1,2.301785
0.0,1,2.303188
0.0,1,2.304192
0.0,1,2.305556
0.154799,3,2.308616
-0.03096,2,2.310869
0.0,1,2.311909
0.0,1,2.312923
0.0,1,2.313995
0.185759,2,2.315938
0.185759,2,2.318008
0.0,1,2.319596
0.0,1,2.320682
0.0,1,2.322076
0.371517,3,2.32507
0.185759,2,2.327332
0.0,1,2.328496
-0.06192,3,2.331797
0.0,1,2.332955
0.0,1,2.334089
0.0,1,2.335619
0.0,1,2.336696
0.0,1,2.338302
0.0,1,2.340057
0.0,1,2.341552
0.0,1,2.342853
0.0,1,2.344228
0.0,1,2.345643
0.0,1,2.347044
-0.06192,3,2.351198
0.0,1,2.35311
-0.06192,3,2.356679
-0.03096,2,2.358757
0.0,1,2.359818
0.185759,2,2.361908
0.185759,2,2.363931
0.154799,3,2.366966
0.0,1,2.367987
0.0,1,2.369602
0.0,1,2.370653
0.0,1,2.372007
0.0,1,2.373107
-0.03096,2,2.375096
0.0,1,2.376161
0.566563,3,2.37923
-0.03096,2,2.38113
0.0,1,2.38213
-0.03096,2,2.384072
0.0,1,2.385328
0.185759,2,2.3878
0.0,1,2.389087
0.185759,2,2.391189
0.154799,3,2.394713
0.0,1,2.395731
0.0,1,2.396713
0.0,1,2.397718
0.185759,2,2.399697
0.0,1,2.400697
0.0,1,2.401919
0.0,1,2.403234
0.0,1,2.404251
0.0,1,2.405643
0.0,1,2.406678
0.0,1,2.407654
0.0,1,2.40867
0.0,1,2.409871
0.0,1,2.410933
0.0,1,2.411907
0.0,1,2.412889
0.0,1,2.413858
0.0,1,2.414841
0.0,1,2.41576
0.0,1,2.416742
0.0,1,2.417717
0.0,1,2.419277
0.0,1,2.42027
0.185759,2,2.422771
0.371517,3,2.425698
0.0,1,2.426838
0.0,1,2.427832
0.0,1,2.428801
0.0,1,2.429797
0.340557,4,2.433764
0.185759,2,2.436287
0.185759,2,2.439026
0.0,1,2.440022
0.0,1,2.441033
0.0,1,2.442012
0.0,1,2.443033
0.185759,2,2.445101
0.185759,2,2.447121
0.185759,2,2.449142
0.0,1,2.45021
0.0,1,2.451247
0.0,1,2.452842
0.185759,2,2.455199
0.371517,3,2.45827
0.0,1,2.459249
0.0,1,2.460266
0.0,1,2.461299
-0.03096,2,2.463245
-0.03096,2,2.465219
0.0,1,2.466172
0.0,1,2.46715
0.0,1,2.468112
0.0,1,2.469658
0.0,1,2.47068
0.0,1,2.472178
-0.03096,2,2.474162
0.0,1,2.475157
0.0,1,2.476136
-0.03096,2,2.478253
0.0,1,2.479227
0.0,1,2.480222
-0.092879,4,2.484277
0.0,1,2.485964
0.185759,2,2.488292
0.185759,2,2.490503
0.0,1,2.491493
0.0,1,2.492451
-0.06192,3,2.495485
0.185759,2,2.49751
-0.03096,2,2.499494
-0.03096,2,2.501382
-0.03096,2,2.504046
0.185759,2,2.506561
0.0,1,2.507539
-0.03096,2,2.509559
0.0,1,2.510601
0.185759,2,2.512607
0.0,1,2.513647
0.0,1,2.514565
0.0,1,2.515509
0.0,1,2.516424
0.0,1,2.517353
-0.03096,2,2.519774
-0.03096,2,2.522467
0.185759,2,2.524463
0.0,1,2.525463
0.0,1,2.52645
0.0,1,2.5275
0.0,1,2.528531
0.0,1,2.529544
0.371517,3,2.532396
0.185759,2,2.534372
0.0,1,2.535985
0.0,1,2.537037
0.185759,2,2.539578
0.0,1,2.540553
0.0,1,2.54154
0.0,1,2.542534
0.0,1,2.543497
0.0,1,2.544572
-0.03096,2,2.546489
0.0,1,2.547504
0.0,1,2.548485
0.0,1,2.549496
0.0,1,2.550495
0.185759,2,2.553103
0.0,1,2.554157
0.0,1,2.555852
0.0,1,2.557196
0.0,1,2.558474
0.185759,2,2.561135
0.0,1,2.562421
0.0,1,2.563704
0.0,1,2.565005
0.0,1,2.566522
0.371517,3,2.570213
0.0,1,2.571193
0.185759,2,2.573536
0.0,1,2.574544
0.0,1,2.575559
0.0,1,2.57663
0.0,1,2.577741
0.0,1,2.578819
0.0,1,2.579888
0.0,1,2.580986
0.185759,2,2.58304
0.0,1,2.584073
0.0,1,2.585056
0.0,1,2.586627
-0.03096,2,2.589135
-0.03096,2,2.591255
0.0,1,2.592312
0.0,1,2.593363
0.0,1,2.594385
0.0,1,2.595428
0.185759,2,2.59742
0.0,1,2.59849
0.0,1,2.599539
0.0,1,2.600556
0.0,1,2.601541
0.0,1,2.603194
0.0,1,2.604201
0.0,1,2.605287
0.0,1,2.60644
0.185759,2,2.608466
0.0,1,2.609477
0.185759,2,2.61158
0.0,1,2.612698
0.0,1,2.613771
0.0,1,2.614842
0.0,1,2.615893
0.185759,2,2.618049
0.0,1,2.619642
0.566563,3,2.623003
0.0,1,2.624029
0.185759,2,2.626125
0.0,1,2.627118
0.0,1,2.628202
0.0,1,2.629314
0.0,1,2.630291
-0.03096,2,2.632331
-0.03096,2,2.63448
0.0,1,2.636163
0.0,1,2.637253
0.0,1,2.638402
0.0,1,2.639846
0.0,1,2.640815
0.0,1,2.641832
-0.03096,2,2.643877
0.185759,2,2.645967
0.0,1,2.647027
0.0,1,2.648196
0.0,1,2.64928
0.566563,3,2.653287
0.0,1,2.654491
0.371517,3,2.658818
0.0,1,2.660162
0.185759,2,2.66286
0.0,1,2.66415
0.0,1,2.665547
0.0,1,2.666905
0.185759,2,2.670185
0.0,1,2.671909
0.0,1,2.673477
0.0,1,2.674462
0.0,1,2.675432
0.185759,2,2.677448
-0.03096,2,2.6796
0.185759,2,2.681637
0.0,1,2.682599
0.0,1,2.683609
0.0,1,2.684598
0.154799,3,2.688424
-0.03096,2,2.690873
0.185759,2,2.692864
0.0,1,2.693954
0.0,1,2.69505
-0.03096,2,2.697099
0.0,1,2.698169
0.0,1,2.699237
0.0,1,2.70023
0.185759,2,2.702784
0.0,1,2.70394
0.0,1,2.705079
0.0,1,2.706393
0.0,1,2.708311
0.0,1,2.710217
0.0,1,2.712007
0.0,1,2.713346
0.0,1,2.714675
0.0,1,2.715978
0.0,1,2.71736
0.0,1,2.718662
0.0,1,2.71997
0.185759,2,2.722059
0.185759,2,2.724235
0.0,1,2.725307
0.0,1,2.726304
0.0,1,2.727763
0.0,1,2.728796
0.0,1,2.729867
0.0,1,2.730919
0.185759,2,2.732943
0.185759,2,2.734986
0.0,1,2.736633
0.154799,3,2.740082
0.0,1,2.741091
0.0,1,2.742177
0.0,1,2.743224
0.0,1,2.744193
-0.03096,2,2.746612
0.0,1,2.747642
0.0,1,2.748688
0.0,1,2.749738
0.371517,3,2.753403
0.0,1,2.754478
0.0,1,2.75585
0.0,1,2.756866
0.0,1,2.757918
0.0,1,2.758983
-0.03096,2,2.761173
-0.03096,2,2.763319
0.0,1,2.764344
0.0,1,2.765317
0.154799,3,2.769519
-0.03096,2,2.771745
0.0,1,2.773023
0.0,1,2.774004
-0.03096,2,2.775957
0.566563,3,2.779082
0.0,1,2.780128
0.0,1,2.781562
0.185759,2,2.783693
0.0,1,2.784789
0.0,1,2.78628
0.0,1,2.787367
0.0,1,2.788543
0.0,1,2.789747
0.566563,3,2.793494
0.185759,2,2.796374
0.0,1,2.797724
0.0,1,2.799088
0.0,1,2.800368
0.0,1,2.801452
0.0,1,2.802885
0.0,1,2.803952
0.0,1,2.805141
0.185759,2,2.807583
0.0,1,2.808607
0.0,1,2.809616
0.0,1,2.810624
0.0,1,2.811628
0.0,1,2.812598
0.371517,3,2.815532
0.0,1,2.816495
0.0,1,2.817483
0.0,1,2.818452
0.0,1,2.81964
-0.03096,2,2.821679
0.0,1,2.822676
0.0,1,2.823668
0.0,1,2.824646
0.154799,3,2.827627
0.0,1,2.828611
0.0,1,2.829612
0.0,1,2.830588
0.0,1,2.831571
0.0,1,2.832573
0.0,1,2.833612
0.0,1,2.834544
0.0,1,2.835677
-0.06192,3,2.83864
0.0,1,2.839638
0.0,1,2.840626
0.0,1,2.841628
-0.03096,2,2.84356
0.0,1,2.844536
0.0,1,2.845533
0.0,1,2.846503
0.0,1,2.847481
0.0,1,2.848449
0.0,1,2.849454
0.0,1,2.850451
0.185759,2,2.852576
-0.03096,2,2.85466
0.0,1,2.855651
0.0,1,2.856641
0.0,1,2.857632
0.0,1,2.858629
0.0,1,2.859611
0.0,1,2.860608
0.0,1,2.861698
0.0,1,2.862711
0.0,1,2.863677
0.0,1,2.864605
0.0,1,2.865551
0.566563,3,2.868406
0.0,1,2.86947
0.0,1,2.87055
0.185759,2,2.87247
0.0,1,2.873445
0.0,1,2.874419
0.0,1,2.875392
0.0,1,2.87641
0.0,1,2.877414
-0.06192,3,2.880327
0.185759,2,2.882293
0.0,1,2.883276
0.0,1,2.884963
0.0,1,2.88673
0.185759,2,2.88958
0.0,1,2.890916
0.0,1,2.89225
0.185759,2,2.894984
0.0,1,2.896378
0.0,1,2.89779
0.0,1,2.89917
-0.03096,2,2.902553
0.154799,3,2.907343
0.0,1,2.90833
0.0,1,2.909356
0.0,1,2.910342
0.0,1,2.911352
0.0,1,2.912347
0.0,1,2.913343
0.0,1,2.914346
0.185759,2,2.916329
-0.03096,2,2.918435
0.0,1,2.919477
0.0,1,2.920626
0.0,1,2.922295
0.0,1,2.923827
0.0,1,2.925411
0.0,1,2.926712
0.0,1,2.928108
0.185759,2,2.930648
0.0,1,2.931917
0.371517,3,2.93562
-0.03096,2,2.93766
0.0,1,2.93871
0.0,1,2.93971
0.0,1,2.940702
0.0,1,2.941737
0.0,1,2.942713
0.0,1,2.943713
0.0,1,2.944682
0.0,1,2.945621
0.0,1,2.946599
0.0,1,2.947573
0.0,1,2.94856
0.0,1,2.949555
0.0,1,2.95051
0.185759,2,2.95254
-0.03096,2,2.954573
0.0,1,2.955592
0.185759,2,2.95761
0.0,1,2.958626
0.0,1,2.959636
0.185759,2,2.961668
0.0,1,2.962679
0.0,1,2.963666
0.0,1,2.964678
0.0,1,2.965688
0.0,1,2.966684
0.0,1,2.967683
0.0,1,2.968651
-0.03096,2,2.970773
0.185759,2,2.972764
0.0,1,2.973786
0.0,1,2.974789
0.0,1,2.975795
0.0,1,2.976792
0.0,1,2.977758
0.185759,2,2.979816
0.0,1,2.980873
0.0,1,2.981894
0.154799,3,2.984921
0.185759,2,2.987102
0.0,1,2.988053
0.0,1,2.989064
-0.03096,2,2.991081
0.0,1,2.992085
0.0,1,2.993115
-0.03096,2,2.99512
0.0,1,2.99615
0.0,1,2.997149
-0.03096,2,2.999149
0.185759,2,3.001133
-0.03096,2,3.003248
0.154799,3,3.006216
0.0,1,3.007226
0.0,1,3.008212
0.0,1,3.009217
0.0,1,3.010217
0.0,1,3.011227
0.0,1,3.012228
0.0,1,3.013251
0.0,1,3.014253
0.0,1,3.015254
0.0,1,3.016264
0.0,1,3.017296
0.185759,2,3.019438
0.0,1,3.020507
0.0,1,3.021515
0.0,1,3.022516
0.0,1,3.02351
0.0,1,3.024518
0.0,1,3.025513
0.154799,3,3.028537
0.0,1,3.029539
0.0,1,3.030549
0.0,1,3.031531
0.0,1,3.032503
0.0,1,3.033549
0.0,1,3.034485
0.0,1,3.035494
0.0,1,3.036592
0.0,1,3.037616
0.0,1,3.03862
0.0,1,3.039621
0.0,1,3.040642
0.0,1,3.041622
0.0,1,3.04257
0.185759,2,3.044544
0.0,1,3.045524
-0.03096,2,3.047468
0.0,1,3.048432
0.0,1,3.049781
0.0,1,3.050737
0.0,1,3.051756
-0.06192,3,3.055747
0.0,1,3.057303
0.185759,2,3.0599
0.0,1,3.061228
0.185759,2,3.063845
0.185759,2,3.06626
0.185759,2,3.068254
0.0,1,3.069326
0.0,1,3.070384
0.185759,2,3.072362
0.0,1,3.07339
0.0,1,3.074391
0.0,1,3.075403
-0.03096,2,3.077375
0.0,1,3.07834
0.0,1,3.079322
-0.03096,2,3.081363
0.0,1,3.08244
0.154799,3,3.08551
0.123839,4,3.091503
0.0,1,3.092807
0.0,1,3.094154
0.0,1,3.095444
0.0,1,3.096715
0.0,1,3.097789
0.0,1,3.098753
0.185759,2,3.106111
0.0,1,3.107233
-0.06192,3,3.110541
-0.092879,4,3.114695
0.0,1,3.115715
0.0,1,3.116681
0.0,1,3.117667
0.0,1,3.118693
0.0,1,3.120066
-0.03096,2,3.123217
0.0,1,3.124202
0.185759,2,3.126214
0.185759,2,3.128213
0.0,1,3.129248
0.185759,2,3.13137
0.0,1,3.132405
0.0,1,3.133518
0.0,1,3.134528
0.0,1,3.135635
0.0,1,3.137096
0.0,1,3.138529
0.185759,2,3.142376
0.0,1,3.144216
0.154799,3,3.147822
0.0,1,3.14881
0.0,1,3.149837
-0.03096,2,3.15182
0.0,1,3.153175
0.0,1,3.15421
0.0,1,3.155204
0.566563,3,3.158185
0.0,1,3.159205
0.185759,2,3.161228
0.0,1,3.162245
-0.03096,2,3.164162
0.185759,2,3.166224
0.0,1,3.167225
0.0,1,3.168267
-0.03096,2,3.170409
-0.03096,2,3.172412
0.0,1,3.173476
0.0,1,3.174483
0.0,1,3.175481
0.0,1,3.176468
0.0,1,3.177495
0.0,1,3.178477
0.123839,4,3.182493
0.0,1,3.18355
0.0,1,3.184552
0.0,1,3.185692
0.185759,2,3.188173
0.0,1,3.189229
0.185759,2,3.191224
0.0,1,3.192226
0.185759,2,3.194445
0.0,1,3.195502
0.0,1,3.19655
0.0,1,3.197605
-0.03096,2,3.199701
-0.03096,2,3.201626
0.154799,3,3.205354
0.0,1,3.206317
0.0,1,3.207274
0.0,1,3.208228
0.185759,2,3.210113
0.0,1,3.211074
0.0,1,3.212037
0.185759,2,3.21399
0.0,1,3.214994
0.0,1,3.215993
0.0,1,3.217007
-0.06192,3,3.220019
0.0,1,3.221002
0.0,1,3.222031
0.566563,3,3.224965
0.185759,2,3.226951
-0.03096,2,3.229042
0.0,1,3.23067
0.0,1,3.232113
0.0,1,3.233449
0.185759,2,3.235968
0.0,1,3.237359
0.185759,2,3.23993
0.0,1,3.240929
-0.03096,2,3.242921
0.0,1,3.243889
0.0,1,3.244801
0.0,1,3.24581
0.0,1,3.246787
0.0,1,3.247777
0.0,1,3.248702
0.0,1,3.249707
0.0,1,3.250704
-0.03096,2,3.252704
0.0,1,3.253739
0.0,1,3.254741
-0.03096,2,3.256627
0.185759,2,3.258564
-0.03096,2,3.260544
-0.03096,2,3.262491
-0.03096,2,3.264464
0.0,1,3.265465
0.185759,2,3.267444
0.0,1,3.268425
0.0,1,3.269469
0.0,1,3.270493
-0.03096,2,3.27252
-0.06192,3,3.275417
0.0,1,3.276397
-0.03096,2,3.27833
0.0,1,3.279258
0.0,1,3.280225
-0.03096,2,3.282197
0.0,1,3.283181
0.0,1,3.284144
0.0,1,3.285131
0.0,1,3.286173
0.0,1,3.287173
0.0,1,3.288146
0.371517,3,3.29104
0.0,1,3.292036
-0.03096,2,3.293998
-0.03096,2,3.295953
0.0,1,3.297257
0.0,1,3.299239
0.0,1,3.301017
0.0,1,3.302588
0.0,1,3.304073
0.0,1,3.305533
0.185759,2,3.309083
0.0,1,3.310567
0.0,1,3.312017
-0.03096,2,3.314075
0.0,1,3.315078
0.371517,3,3.318083
0.185759,2,3.320221
0.185759,2,3.322252
0.0,1,3.323264
0.0,1,3.324261
0.0,1,3.325266
0.0,1,3.326249
0.0,1,3.327222
0.0,1,3.328224
0.0,1,3.329241
0.0,1,3.330853
0.0,1,3.332528
0.185759,2,3.335914
0.0,1,3.337783
0.0,1,3.339193
0.0,1,3.340208
0.0,1,3.341219
-0.03096,2,3.343216
0.0,1,3.344231
0.0,1,3.345252
0.0,1,3.34623
-0.03096,2,3.348234
0.185759,2,3.350266
0.185759,2,3.352235
0.0,1,3.353344
0.0,1,3.354417
0.185759,2,3.356409
0.0,1,3.35745
-0.03096,2,3.35949
0.0,1,3.360492
0.0,1,3.361493
0.185759,2,3.363444
0.0,1,3.364443
0.0,1,3.365433
0.0,1,3.366329
0.185759,2,3.368212
-0.03096,2,3.370268
0.0,1,3.371274
0.185759,2,3.373245
0.0,1,3.374267
0.185759,2,3.376296
-0.03096,2,3.378303
0.0,1,3.379347
0.371517,3,3.382227
0.0,1,3.383208
0.0,1,3.384172
0.0,1,3.385137
0.0,1,3.386217
0.0,1,3.387491
0.0,1,3.388419
0.0,1,3.389442
-0.03096,2,3.391409
0.0,1,3.392388
0.0,1,3.393353
0.0,1,3.394334
0.0,1,3.39536
0.0,1,3.396375
0.0,1,3.397368
0.0,1,3.398318
0.0,1,3.399257
0.0,1,3.400183
0.185759,2,3.40204
0.0,1,3.403188
0.0,1,3.404321
0.0,1,3.405313
0.185759,2,3.407333
0.185759,2,3.409359
0.0,1,3.410348
0.0,1,3.411311
0.185759,2,3.413261
-0.03096,2,3.415154
0.0,1,3.416077
0.0,1,3.417036
0.0,1,3.417926
0.0,1,3.418849
0.0,1,3.42016
0.0,1,3.421536
0.185759,2,3.424897
0.185759,2,3.428245
0.0,1,3.429904
0.0,1,3.430911
0.185759,2,3.432917
0.0,1,3.433936
-0.03096,2,3.436054
0.185759,2,3.438084
0.0,1,3.439194
0.0,1,3.440232
0.0,1,3.441269
0.0,1,3.442305
0.0,1,3.443288
0.0,1,3.444267
0.371517,3,3.447261
0.154799,3,3.450245
0.185759,2,3.452262
0.0,1,3.453406
0.0,1,3.454446
0.0,1,3.455478
0.0,1,3.456466
0.0,1,3.457461
0.0,1,3.458432
0.0,1,3.459448
0.0,1,3.460386
0.0,1,3.461408
0.185759,2,3.4634
0.0,1,3.464403
0.0,1,3.465376
0.0,1,3.466341
0.0,1,3.467284
0.0,1,3.468293
-0.03096,2,3.470486
0.0,1,3.471542
0.0,1,3.472548
-0.03096,2,3.474516
-0.06192,3,3.477446
0.0,1,3.47842
0.0,1,3.479423
0.0,1,3.480408
0.0,1,3.481425
0.185759,2,3.483392
-0.03096,2,3.485367
0.0,1,3.486492
0.185759,2,3.488592
0.0,1,3.489621
0.0,1,3.490616
0.0,1,3.491627
0.185759,2,3.493645
0.0,1,3.494621
0.0,1,3.495621
0.0,1,3.496585
0.0,1,3.497612
0.0,1,3.498616
0.0,1,3.499544
0.0,1,3.500526
0.0,1,3.501502
-0.03096,2,3.503567
0.0,1,3.504633
0.185759,2,3.506605
0.0,1,3.507607
0.0,1,3.508578
0.0,1,3.509554
-0.03096,2,3.51153
0.0,1,3.512891
0.0,1,3.513881
0.185759,2,3.515852
-0.03096,2,3.517869
0.371517,3,3.52124
-0.03096,2,3.523206
0.0,1,3.524228
-0.03096,2,3.526233
0.0,1,3.527264
0.0,1,3.528284
0.0,1,3.529269
0.0,1,3.530311
0.0,1,3.531332
0.0,1,3.53232
0.0,1,3.533351
0.0,1,3.534383
-0.03096,2,3.53651
0.0,1,3.537516
0.0,1,3.538529
0.185759,2,3.540578
0.0,1,3.541621
0.0,1,3.542643
0.0,1,3.543652
0.185759,2,3.545629
0.0,1,3.546623
0.0,1,3.547618
-0.03096,2,3.549557
0.0,1,3.550558
0.185759,2,3.55252
0.0,1,3.553708
0.0,1,3.554763
0.0,1,3.555761
0.0,1,3.55676
0.0,1,3.55777
0.0,1,3.558743
0.185759,2,3.560687
0.0,1,3.561697
0.0,1,3.562721
0.0,1,3.563742
0.0,1,3.564736
0.0,1,3.565772
0.0,1,3.566764
0.0,1,3.567783
0.154799,3,3.570923
0.0,1,3.571923
0.371517,3,3.574898
0.185759,2,3.576865
0.0,1,3.577873
0.371517,3,3.580868
-0.03096,2,3.582833
0.0,1,3.583828
0.185759,2,3.585831
0.0,1,3.586931
0.185759,2,3.589108
0.185759,2,3.591126
0.185759,2,3.593122
0.0,1,3.59413
0.0,1,3.595122
0.185759,2,3.597119
0.0,1,3.598117
0.0,1,3.599131
0.0,1,3.600164
0.0,1,3.601158
0.185759,2,3.603306
0.0,1,3.604407
0.185759,2,3.606557
0.0,1,3.607631
-0.03096,2,3.610037
0.0,1,3.61104
0.0,1,3.61203
0.0,1,3.613001
0.0,1,3.61397
0.0,1,3.614932
0.0,1,3.615909
0.0,1,3.61692
0.0,1,3.617909
0.185759,2,3.620102
0.0,1,3.62119
0.0,1,3.6223
0.0,1,3.623583
0.0,1,3.624588
0.185759,2,3.626509
0.0,1,3.628136
0.0,1,3.629731
0.0,1,3.631055
0.0,1,3.632434
0.0,1,3.633775
0.0,1,3.635085
-0.06192,3,3.638871
0.0,1,3.639835
0.0,1,3.640765
0.0,1,3.641748
0.0,1,3.642712
0.0,1,3.643683
0.0,1,3.644647
0.0,1,3.645653
0.0,1,3.646679
0.0,1,3.647658
0.185759,2,3.649647
0.0,1,3.650616
0.0,1,3.651614
0.0,1,3.652767
0.185759,2,3.654718
0.0,1,3.655722
0.0,1,3.656695
0.0,1,3.657691
0.0,1,3.658648
0.0,1,3.659624
-0.03096,2,3.661521
-0.06192,3,3.664426
0.0,1,3.665417
0.0,1,3.666346
0.0,1,3.667332
-0.03096,2,3.669433
-0.03096,2,3.672746
0.0,1,3.674459
0.0,1,3.676064
0.185759,2,3.6786
0.0,1,3.679569
0.0,1,3.680557
0.185759,2,3.682468
0.0,1,3.683483
0.185759,2,3.685438
0.0,1,3.686461
0.0,1,3.687538
0.0,1,3.688549
0.0,1,3.689559
0.0,1,3.690561
0.0,1,3.691551
0.0,1,3.692543
0.154799,3,3.695516
0.0,1,3.696532
0.0,1,3.697552
0.185759,2,3.699539
0.185759,2,3.70154
0.0,1,3.702533
0.0,1,3.703518
0.0,1,3.704603
0.0,1,3.705643
0.0,1,3.706673
0.0,1,3.707625
0.0,1,3.708568
-0.03096,2,3.710554
0.0,1,3.71158
0.0,1,3.712911
0.0,1,3.71392
0.0,1,3.714884
0.0,1,3.715886
0.0,1,3.716872
0.0,1,3.717879
-0.06192,3,3.722213
-0.03096,2,3.725007
0.185759,2,3.727577
0.0,1,3.728529
0.0,1,3.729516
0.185759,2,3.732902
0.154799,3,3.738003
0.0,1,3.739044
0.0,1,3.74005
0.185759,2,3.742059
0.0,1,3.743021
0.371517,3,3.746038
0.0,1,3.747053
0.0,1,3.748065
0.0,1,3.749081
0.0,1,3.75008
0.185759,2,3.752026
0.0,1,3.753085
0.0,1,3.754293
0.0,1,3.755295
0.0,1,3.756269
0.0,1,3.757264
-0.06192,3,3.760272
0.185759,2,3.762283
0.0,1,3.763279
0.185759,2,3.765197
0.185759,2,3.767166
-0.03096,2,3.769171
0.185759,2,3.771342
-0.092879,4,3.775301
0.0,1,3.776273
0.0,1,3.777243
0.0,1,3.778209
-0.03096,2,3.780121
0.0,1,3.781125
-0.03096,2,3.783086
0.0,1,3.784086
0.0,1,3.785055
0.0,1,3.786081
0.0,1,3.788625
0.0,1,3.790155
0.0,1,3.791504
0.0,1,3.792879
0.0,1,3.794234
0.185759,2,3.796898
0.0,1,3.79826
0.0,1,3.799339
0.154799,3,3.802283
0.185759,2,3.804945
0.185759,2,3.806959
0.0,1,3.807935
-0.03096,2,3.809939
0.0,1,3.810924
0.0,1,3.811922
0.0,1,3.812911
0.0,1,3.813912
0.0,1,3.814902
0.0,1,3.815886
0.185759,2,3.817895
-0.03096,2,3.819949
0.0,1,3.821586
0.0,1,3.822547
0.0,1,3.823556
0.185759,2,3.825504
0.0,1,3.826507
0.0,1,3.827491
0.0,1,3.828478
0.0,1,3.829453
0.185759,2,3.831396
0.185759,2,3.833332
0.0,1,3.834351
0.340557,4,3.838702
0.0,1,3.8397
0.0,1,3.840727
0.0,1,3.841774
0.185759,2,3.843806
0.0,1,3.844804
0.185759,2,3.846832
0.0,1,3.847861
0.0,1,3.848898
-0.03096,2,3.850942
0.0,1,3.851966
0.0,1,3.853019
0.0,1,3.854489
0.0,1,3.855584
0.0,1,3.856611
0.0,1,3.857661
0.0,1,3.858626
-0.03096,2,3.860547
0.0,1,3.861489
0.0,1,3.862477
0.0,1,3.863412
-0.03096,2,3.86538
0.0,1,3.86635
0.0,1,3.867292
-0.03096,2,3.869242
0.0,1,3.870579
0.0,1,3.871705
0.0,1,3.872642
0.0,1,3.873641
-0.03096,2,3.875758
0.0,1,3.87673
-0.03096,2,3.87869
0.185759,2,3.880587
0.185759,2,3.882506
0.371517,3,3.885355
0.0,1,3.886346
0.0,1,3.888181
0.185759,2,3.890202
0.0,1,3.891243
0.0,1,3.892233
0.0,1,3.893226
0.0,1,3.894225
-0.03096,2,3.896162
0.185759,2,3.898117
0.0,1,3.899124
-0.03096,2,3.901075
0.0,1,3.902062
0.0,1,3.903064
0.0,1,3.904086
-0.03096,2,3.906095
0.185759,2,3.908025
0.0,1,3.908996
-0.03096,2,3.910993
-0.06192,3,3.914343
0.566563,3,3.918447
-0.03096,2,3.922281
0.0,1,3.924027
0.0,1,3.925568
0.0,1,3.926929
0.0,1,3.928383
0.0,1,3.929816
0.0,1,3.931231
0.0,1,3.932647
0.0,1,3.934087
-0.03096,2,3.936126
0.0,1,3.938246
0.0,1,3.939913
-0.03096,2,3.943093
0.0,1,3.944324
0.0,1,3.945754
0.0,1,3.947191
0.185759,2,3.949932
0.185759,2,3.952153
0.185759,2,3.95454
0.0,1,3.955607
0.0,1,3.95662
0.0,1,3.957613
0.0,1,3.958591
0.0,1,3.959573
0.0,1,3.960572
0.0,1,3.961535
0.0,1,3.962587
-0.03096,2,12.07606
0.0,1,12.077717
0.0,1,12.078914
0.0,1,12.079975
0.185759,2,12.082351
0.185759,2,12.084624
0.185759,2,12.086754
0.0,1,12.08793
0.0,1,12.089101
0.0,1,12.090217
0.185759,2,12.09239
0.185759,2,12.09505
0.0,1,12.096743
0.185759,2,12.098997
0.185759,2,12.101143
0.0,1,12.102293
0.154799,3,12.105674
0.185759,2,12.107919
0.0,1,12.109025
0.185759,2,12.111982
0.371517,3,12.115496
0.185759,2,12.117689
0.0,1,12.118828
0.185759,2,12.120949
0.0,1,12.122073
0.0,1,12.123249
0.0,1,12.124415
0.0,1,12.125577
0.0,1,12.127036
0.0,1,12.128162
-0.03096,2,12.130876
0.371517,3,12.134358
0.0,1,12.135479
0.0,1,12.136632
0.0,1,12.137759
0.371517,3,12.140825
0.557276,4,12.145365
0.185759,2,12.147559
0.0,1,12.148648
0.0,1,12.149755
0.0,1,12.150872
0.0,1,12.15191
0.0,1,12.153077
0.185759,2,12.155288
0.0,1,12.156516
0.185759,2,12.158669
0.0,1,12.159879
0.185759,2,12.162087
0.535604,4,12.166421
0.0,1,12.16766
0.0,1,12.16882
0.185759,2,12.170925
0.566563,3,12.174194
0.0,1,12.175294
0.185759,2,12.177864
0.566563,3,12.181506
0.0,1,12.182611
0.0,1,12.183734
0.0,1,12.184897
0.0,1,12.186455
0.0,1,12.18781
0.0,1,12.189293
0.0,1,12.19095
0.154799,3,12.194975
0.0,1,12.196099
0.0,1,12.197308
0.185759,2,12.199314
0.0,1,12.200419
0.0,1,12.201418
0.154799,3,12.204728
0.0,1,12.205921
0.185759,2,12.207939
0.371517,3,12.211207
0.0,1,12.212276
0.185759,2,12.214358
0.0,1,12.215337
0.371517,3,12.218528
0.185759,2,12.220692
0.185759,2,12.222956
0.154799,3,12.226922
0.185759,2,12.230148
0.185759,2,12.233081
0.752322,4,12.238603
0.0,1,12.239702
0.0,1,12.240906
0.0,1,12.242049
0.0,1,12.243169
0.0,1,12.244352
0.0,1,12.245548
0.0,1,12.246717
0.0,1,12.24768
0.185759,2,12.249774
0.371517,3,12.252992
0.0,1,12.253989
0.0,1,12.255316
0.185759,2,12.259951
0.0,1,12.26129
0.371517,3,12.26533
-0.03096,2,12.267694
0.566563,3,12.271289
0.0,1,12.272267
0.0,1,12.273273
0.371517,3,12.276221
0.566563,3,12.27949
0.535604,4,12.28351
0.0,1,12.284518
0.0,1,12.285567
0.0,1,12.286541
0.185759,2,12.288545
0.0,1,12.289582
-0.03096,2,12.291563
0.0,1,12.292586
0.0,1,12.293686
0.0,1,12.294715
-0.03096,2,12.296734
0.0,1,12.297743
0.0,1,12.298753
0.185759,2,12.300757
0.185759,2,12.302708
0.185759,2,12.304695
0.0,1,12.305722
-0.03096,2,12.307674
0.371517,3,12.31065
0.0,1,12.311731
0.0,1,12.312726
0.557276,4,12.316594
0.0,1,12.317659
0.0,1,12.318626
0.340557,4,12.322666
-0.03096,2,12.324603
0.185759,2,12.326638
0.0,1,12.327785
-0.03096,2,12.329838
0.185759,2,12.331834
0.0,1,12.332823
0.0,1,12.333864
0.185759,2,12.335865
0.0,1,12.336882
0.185759,2,12.338898
0.0,1,12.339896
0.371517,3,12.342933
0.185759,2,12.34518
0.0,1,12.346159
0.185759,2,12.348226
0.0,1,12.34925
0.0,1,12.350252
0.566563,3,12.35327
0.0,1,12.354286
0.154799,3,12.357277
-0.03096,2,12.359282
0.0,1,12.360271
0.185759,2,12.362434
0.0,1,12.363453
0.185759,2,12.36545
0.535604,4,12.369508
0.0,1,12.370517
-0.03096,2,12.372508
0.0,1,12.37352
0.185759,2,12.375501
0.0,1,12.376522
0.0,1,12.377539
0.0,1,12.378552
0.0,1,12.379551
0.0,1,12.380554
0.0,1,12.381564
0.0,1,12.382578
0.0,1,12.383583
-0.03096,2,12.385593
0.185759,2,12.387656
-0.03096,2,12.389682
0.566563,3,12.392752
0.0,1,12.393854
0.0,1,12.395003
0.0,1,12.396067
0.185759,2,12.398255
0.0,1,12.3995
0.0,1,12.40056
0.185759,2,12.402585
-0.03096,2,12.404631
0.0,1,12.405614
0.0,1,12.406629
0.0,1,12.407649
0.185759,2,12.40974
0.0,1,12.410944
0.0,1,12.412095
0.0,1,12.413102
0.185759,2,12.415148
0.0,1,12.416249
0.185759,2,12.419671
0.566563,3,12.424855
0.0,1,12.426751
0.0,1,12.428251
0.371517,3,12.431373
0.0,1,12.432396
0.185759,2,12.434473
0.0,1,12.435518
0.0,1,12.436524
0.185759,2,12.438538
0.566563,3,12.441664
0.185759,2,12.443644
0.0,1,12.444773
0.0,1,12.445826
0.0,1,12.446826
0.0,1,12.447818
0.0,1,12.448841
0.0,1,12.449841
0.0,1,12.450865
0.185759,2,12.452821
0.185759,2,12.454774
0.0,1,12.455788
0.371517,3,12.458812
0.0,1,12.459822
0.0,1,12.460971
0.0,1,12.462042
0.185759,2,12.464068
0.371517,3,12.467095
0.0,1,12.468087
0.185759,2,12.470088
0.0,1,12.471093
0.0,1,12.47212
0.0,1,12.473117
0.0,1,12.474118
0.0,1,12.475126
0.0,1,12.476105
0.0,1,12.477138
0.0,1,12.478195
0.185759,2,12.480272
0.185759,2,12.482389
-0.03096,2,12.4844
-0.03096,2,12.486486
0.566563,3,12.489627
0.0,1,12.490652
0.371517,3,12.493701
0.185759,2,12.495775
0.0,1,12.496782
0.0,1,12.497854
0.0,1,12.498892
0.0,1,12.499909
0.185759,2,12.501922
0.371517,3,12.504997
0.185759,2,12.506959
0.185759,2,12.509019
0.0,1,12.510068
0.0,1,12.51107
0.340557,4,12.515155
0.0,1,12.516201
0.185759,2,12.518379
0.185759,2,12.520793
0.0,1,12.521844
0.0,1,12.522855
0.185759,2,12.524915
0.0,1,12.525952
0.0,1,12.527072
0.0,1,12.528147
0.0,1,12.529231
0.0,1,12.530496
0.0,1,12.531457
0.0,1,12.532444
0.0,1,12.533498
-0.123839,5,12.538526
0.185759,2,12.54055
0.185759,2,12.542547
0.185759,2,12.544573
0.0,1,12.54564
0.566563,3,12.548748
0.0,1,12.550119
0.0,1,12.551497
0.0,1,12.552655
0.0,1,12.553713
0.0,1,12.554716
0.0,1,12.555738
0.0,1,12.556762
0.0,1,12.557792
0.185759,2,12.559723
0.0,1,12.560732
0.371517,3,12.563755
0.0,1,12.564758
0.0,1,12.565783
0.0,1,12.566776
0.566563,3,12.569776
0.0,1,12.57075
0.123839,4,12.579763
0.0,1,12.580727
0.0,1,12.581847
0.0,1,12.583202
0.185759,2,12.585311
0.0,1,12.586325
0.0,1,12.587355
0.566563,3,12.590439
0.0,1,12.591468
0.185759,2,12.593716
-0.03096,2,12.595893
0.0,1,12.597234
0.0,1,12.598313
-0.06192,3,12.602015
0.0,1,12.603434
0.0,1,12.604722
0.0,1,12.606053
0.0,1,12.607134
0.185759,2,12.609406
0.0,1,12.610638
0.371517,3,12.614019
0.0,1,12.61514
0.185759,2,12.617414
0.0,1,12.618582
0.566563,3,12.621944
0.185759,2,12.62418
0.185759,2,12.626452
0.0,1,12.627768
0.0,1,12.62891
0.0,1,12.63006
0.185759,2,12.632303
-0.03096,2,12.634598
0.185759,2,12.636876
0.0,1,12.638031
0.185759,2,12.640349
-0.03096,2,12.642595
0.0,1,12.64368
0.0,1,12.6448
0.0,1,12.645981
-0.03096,2,12.648217
-0.03096,2,12.650462
0.0,1,12.651567
0.0,1,12.652704
0.0,1,12.653861
0.0,1,12.654981
0.0,1,12.656052
0.185759,2,12.658319
0.0,1,12.659418
0.0,1,12.660551
0.185759,2,12.662844
0.0,1,12.663946
0.0,1,12.665065
0.185759,2,12.66732
0.0,1,12.668415
0.185759,2,12.670693
0.0,1,12.671859
0.0,1,12.673014
-0.03096,2,12.675274
0.0,1,12.676376
0.0,1,12.677514
0.0,1,12.678621
-0.03096,2,12.680887
0.0,1,12.682016
0.371517,3,12.685393
0.185759,2,12.687628
0.0,1,12.688704
0.0,1,12.689834
0.0,1,12.690977
0.371517,3,12.694361
0.0,1,12.695466
0.0,1,12.696553
0.0,1,12.697883
0.0,1,12.699339
0.0,1,12.70048
0.0,1,12.702092
0.0,1,12.703795
0.185759,2,12.707189
0.185759,2,12.710287
-0.03096,2,12.712296
0.185759,2,12.714677
0.0,1,12.715722
0.0,1,12.716731
0.0,1,12.717813
0.185759,2,12.719748
0.0,1,12.72072
0.0,1,12.721699
0.185759,2,12.723724
0.0,1,12.724705
0.0,1,12.725734
0.0,1,12.726832
0.0,1,12.727926
0.0,1,12.728984
0.185759,2,12.730969
0.0,1,12.731987
0.0,1,12.733055
0.566563,3,12.73609
0.185759,2,12.73817
0.371517,3,12.741258
0.185759,2,12.743272
0.185759,2,12.745285
-0.03096,2,12.747403
0.185759,2,12.749417
0.0,1,12.75042
0.0,1,12.751439
0.0,1,12.752499
0.0,1,12.753534
0.0,1,12.754532
0.0,1,12.75555
0.185759,2,12.757613
0.0,1,12.758647
0.0,1,12.75971
0.0,1,12.760755
0.371517,3,12.763835
0.0,1,12.764799
0.0,1,12.76579
0.185759,2,12.76788
0.185759,2,12.769852
0.185759,2,12.771823
0.0,1,12.772812
0.0,1,12.773829
0.0,1,12.774805
0.0,1,12.775782
0.0,1,12.776789
0.0,1,12.777849
0.0,1,12.778914
0.0,1,12.779976
-0.03096,2,12.782021
0.535604,4,12.786237
0.185759,2,12.788498
0.535604,4,12.792648
0.0,1,12.793685
0.0,1,12.794633
0.371517,3,12.797795
0.0,1,12.798839
0.0,1,12.799844
-0.03096,2,12.801853
0.185759,2,12.803745
0.185759,2,12.805687
0.185759,2,12.807653
0.185759,2,12.809616
-0.03096,2,12.811696
0.0,1,12.812753
0.0,1,12.813731
0.371517,3,12.816778
0.0,1,12.817807
0.0,1,12.818841
0.0,1,12.819879
0.0,1,12.820927
0.566563,3,12.824036
0.185759,2,12.826131
0.0,1,12.827128
0.185759,2,12.829249
0.185759,2,12.831348
0.0,1,12.832334
0.0,1,12.833345
0.185759,2,12.835411
0.0,1,12.836415
0.0,1,12.837433
0.566563,3,12.840487
0.0,1,12.841537
0.0,1,12.842541
0.0,1,12.843564
0.0,1,12.844548
0.0,1,12.845669
0.0,1,12.846713
0.185759,2,12.848766
0.0,1,12.849757
0.0,1,12.850789
0.566563,3,12.853959
0.0,1,12.854989
0.0,1,12.855962
0.185759,2,12.858037
0.0,1,12.859081
0.0,1,12.860099
0.0,1,12.861088
0.0,1,12.862162
0.185759,2,12.864356
0.185759,2,12.86644
0.0,1,12.867467
0.0,1,12.868494
0.0,1,12.869498
0.0,1,12.870529
-0.03096,2,12.872586
0.0,1,12.873667
0.185759,2,12.875725
0.0,1,12.876785
-0.03096,2,12.878924
0.0,1,12.879949
0.0,1,12.880985
0.0,1,12.88201
0.0,1,12.883001
0.0,1,12.884016
0.0,1,12.885071
0.0,1,12.886121
0.566563,3,12.889186
0.0,1,12.890195
0.371517,3,12.8933
0.0,1,12.8945
0.0,1,12.895486
0.0,1,12.896459
0.154799,3,12.89957
-0.03096,2,12.901567
0.185759,2,12.903476
0.371517,3,12.906512
0.371517,3,12.909477
0.566563,3,12.91258
0.185759,2,12.91459
-0.03096,2,12.916556
-0.03096,2,12.918572
0.0,1,12.919567
0.566563,3,12.922623
0.0,1,12.92359
0.0,1,12.924559
0.0,1,12.925568
0.371517,3,12.928734
0.0,1,12.929789
0.0,1,12.930788
0.0,1,12.931782
0.0,1,12.93285
0.185759,2,12.934883
0.0,1,12.935863
-0.03096,2,12.937876
0.0,1,12.938853
-0.03096,2,12.94088
0.0,1,12.941851
0.0,1,12.942883
0.0,1,12.94387
0.0,1,12.944994
0.0,1,12.946035
0.0,1,12.94712
-0.03096,2,12.949161
-0.06192,3,12.9522
0.185759,2,12.95424
0.0,1,12.955281
0.154799,3,12.958327
0.0,1,12.959331
0.185759,2,12.961483
0.0,1,12.962446
0.371517,3,12.965529
0.566563,3,12.968455
0.0,1,12.969418
0.0,1,12.970449
0.0,1,12.971466
0.0,1,12.972449
0.0,1,12.973483
0.340557,4,12.977484
0.0,1,12.978612
0.0,1,12.979555
0.0,1,12.980549
0.154799,3,12.983524
0.0,1,12.984484
0.0,1,12.98551
0.0,1,12.986485
0.185759,2,12.988388
0.0,1,12.989438
0.566563,3,12.99245
0.185759,2,12.994616
0.371517,3,12.997593
0.0,1,12.998572
0.0,1,12.999616
0.371517,3,13.002672
0.185759,2,13.004706
0.566563,3,13.007707
0.371517,3,13.010654
0.0,1,13.011784
0.0,1,13.012765
0.0,1,13.013764
-0.03096,2,13.015724
0.185759,2,13.017843
0.185759,2,13.019959
0.0,1,13.021358
0.154799,3,13.024448
0.185759,2,13.026412
0.0,1,13.027825
0.0,1,13.029136
0.0,1,13.030197
0.0,1,13.031188
0.185759,2,13.033179
0.0,1,13.034161
0.0,1,13.035129
0.185759,2,13.037153
0.0,1,13.038165
0.0,1,13.039172
0.0,1,13.040153
0.185759,2,13.042173
0.0,1,13.043177
-0.03096,2,13.04559
0.185759,2,13.047681
0.0,1,13.048749
0.185759,2,13.050772
0.0,1,13.051822
0.0,1,13.052907
0.0,1,13.053932
0.0,1,13.054944
0.0,1,13.055966
-0.06192,3,13.05906
0.185759,2,13.061193
0.0,1,13.06223
0.0,1,13.063264
0.0,1,13.064313
0.0,1,13.065335
0.185759,2,13.067345
0.0,1,13.068412
0.0,1,13.069473
0.185759,2,13.071496
0.0,1,13.072501
0.0,1,13.073496
0.185759,2,13.075505
-0.03096,2,13.077439
0.0,1,13.078501
0.0,1,13.079551
0.185759,2,13.081495
0.185759,2,13.083537
0.0,1,13.08457
0.0,1,13.085602
0.566563,3,13.088644
0.0,1,13.089599
0.371517,3,13.0926
0.0,1,13.094306
0.0,1,13.096131
-0.03096,2,13.099621
0.185759,2,13.103102
0.0,1,13.1045
0.0,1,13.105544
0.0,1,13.106586
0.0,1,13.107633
0.0,1,13.108637
-0.06192,3,13.111808
0.0,1,13.112808
0.185759,2,13.114769
0.0,1,13.115742
0.0,1,13.116701
0.185759,2,13.11868
0.0,1,13.119679
0.0,1,13.120642
0.0,1,13.121638
0.0,1,13.122624
-0.03096,2,13.124586
0.0,1,13.125563
0.0,1,13.12656
0.0,1,13.127532
-0.03096,2,13.129654
0.0,1,13.130674
0.185759,2,13.13265
0.566563,3,13.135588
0.0,1,13.136595
0.0,1,13.137602
0.0,1,13.138568
0.0,1,13.139565
0.0,1,13.14054
0.0,1,13.141526
-0.03096,2,13.143521
0.0,1,13.144521
0.185759,2,13.146778
0.0,1,13.14781
0.0,1,13.148852
0.0,1,13.149861
0.185759,2,13.151822
0.0,1,13.152813
0.185759,2,13.154851
0.0,1,13.155873
-0.03096,2,13.157812
0.0,1,13.158802
0.0,1,13.159858
-0.03096,2,13.162035
0.0,1,13.162926
0.0,1,13.163966
0.0,1,13.164987
0.0,1,13.16606
0.185759,2,13.168039
0.0,1,13.16906
0.0,1,13.170045
0.185759,2,13.172002
0.371517,3,13.175078
0.0,1,13.176068
0.0,1,13.177087
0.0,1,13.178138
-0.03096,2,13.180151
0.340557,4,13.184095
0.0,1,13.1851
0.0,1,13.186168
0.0,1,13.187171
0.154799,3,13.19016
0.0,1,13.191149
-0.03096,2,13.193231
0.0,1,13.194214
0.566563,3,13.197382
-0.03096,2,13.199362
0.0,1,13.200365
0.185759,2,13.202352
0.0,1,13.203371
0.0,1,13.204364
-0.03096,2,13.206414
0.0,1,13.207371
0.154799,3,13.21045
0.0,1,13.211493
0.566563,3,13.214584
0.0,1,13.215623
0.0,1,13.21668
0.185759,2,13.218578
0.0,1,13.219623
0.0,1,13.220669
0.0,1,13.221732
0.0,1,13.222729
0.123839,4,13.226825
0.0,1,13.2278
0.0,1,13.228875
0.0,1,13.229921
0.0,1,13.230964
0.0,1,13.231983
0.566563,3,13.23514
0.566563,3,13.238267
0.0,1,13.23928
0.0,1,13.240259
0.0,1,13.241333
0.0,1,13.242357
0.566563,3,13.245532
0.0,1,13.246533
0.0,1,13.247566
0.0,1,13.248608
0.0,1,13.249673
0.0,1,13.250743
0.185759,2,13.252794
0.185759,2,13.254918
0.0,1,13.255916
-0.03096,2,13.257946
0.0,1,13.258977
0.0,1,13.259955
0.0,1,13.260954
0.371517,3,13.264055
0.566563,3,13.267157
0.0,1,13.26819
0.340557,4,13.272373
0.0,1,13.273381
0.0,1,13.274372
0.0,1,13.275389
0.0,1,13.276453
0.0,1,13.277462
0.0,1,13.278504
0.185759,2,13.280604
0.0,1,13.281607
0.0,1,13.282623
0.185759,2,13.284696
0.123839,4,13.288668
0.0,1,13.289652
0.0,1,13.290654
0.371517,3,13.293701
0.0,1,13.294752
0.0,1,13.295739
0.185759,2,13.297778
0.185759,2,13.299682
0.0,1,13.300636
0.371517,3,13.303559
0.185759,2,13.305493
0.0,1,13.306489
0.0,1,13.307503
0.185759,2,13.309467
0.0,1,13.310461
0.185759,2,13.312479
0.0,1,13.313446
0.0,1,13.314448
0.185759,2,13.316413
0.185759,2,13.318445
0.0,1,13.31944
0.371517,3,13.32238
0.0,1,13.323364
0.0,1,13.32433
0.0,1,13.325339
0.185759,2,13.327258
0.0,1,13.32827
0.566563,3,13.331297
0.0,1,13.3323
0.0,1,13.333317
0.371517,3,13.336355
0.0,1,13.337375
0.185759,2,13.339418
0.185759,2,13.341454
0.0,1,13.342415
0.0,1,13.343362
0.371517,3,13.348103
-0.03096,2,13.351807
0.0,1,13.353638
0.0,1,13.355344
0.371517,3,13.360383
0.0,1,13.361848
0.185759,2,13.363865
-0.03096,2,13.365842
0.185759,2,13.367861
-0.03096,2,13.369807
0.185759,2,13.371732
0.0,1,13.372669
0.185759,2,13.374567
0.0,1,13.375546
0.0,1,13.37651
0.185759,2,13.37849
-0.03096,2,13.380446
0.0,1,13.381433
0.0,1,13.382424
-0.03096,2,13.384446
0.0,1,13.385425
0.371517,3,13.388435
0.371517,3,13.391436
-0.03096,2,13.393472
0.371517,3,13.396323
0.0,1,13.397319
0.0,1,13.398309
0.371517,3,13.401164
0.0,1,13.402169
0.185759,2,13.404196
0.0,1,13.405186
0.0,1,13.406157
0.0,1,13.407196
0.0,1,13.408182
0.0,1,13.409179
0.0,1,13.41016
0.0,1,13.411298
0.0,1,13.41229
-0.03096,2,13.414244
0.0,1,13.415234
0.371517,3,13.418114
0.0,1,13.419098
0.0,1,13.420091
0.371517,3,13.42304
0.0,1,13.424045
0.0,1,13.42506
0.185759,2,13.427043
0.185759,2,13.429125
0.185759,2,13.431091
0.566563,3,13.434024
0.0,1,13.435023
0.0,1,13.436018
0.0,1,13.437021
0.0,1,13.438002
0.0,1,13.438995
0.0,1,13.439987
0.0,1,13.440963
0.185759,2,13.442863
0.371517,3,13.44599
0.185759,2,13.447969
0.0,1,13.44898
0.0,1,13.449981
0.0,1,13.450949
0.0,1,13.451883
-0.03096,2,13.453857
0.0,1,13.45483
0.0,1,13.455805
0.0,1,13.456743
0.371517,3,13.459655
0.0,1,13.460623
0.0,1,13.461629
0.0,1,13.462564
0.154799,3,13.465499
-0.03096,2,13.46755
0.185759,2,13.469599
0.0,1,13.470598
0.185759,2,13.472518
0.0,1,13.473519
-0.03096,2,13.47547
0.0,1,13.476471
0.371517,3,13.479517
0.0,1,13.480489
0.185759,2,13.482486
-0.03096,2,13.484474
0.0,1,13.485451
0.0,1,13.486445
0.0,1,13.487424
0.371517,3,13.490375
-0.03096,2,13.492318
0.185759,2,13.494304
0.0,1,13.495312
-0.03096,2,13.497322
0.185759,2,13.4993
0.154799,3,13.502239
0.0,1,13.503191
0.185759,2,13.505169
0.0,1,13.506156
0.0,1,13.507165
0.535604,4,13.511027
0.0,1,13.511993
0.092879,5,13.516943
0.0,1,13.517915
0.0,1,13.518876
0.0,1,13.519895
0.0,1,13.521183
-0.03096,2,13.523189
0.0,1,13.524191
0.0,1,13.525199
0.185759,2,13.527174
0.535604,4,13.531505
0.0,1,13.53253
0.0,1,13.533482
0.154799,3,13.536413
0.0,1,13.537406
0.0,1,13.538421
0.185759,2,13.540424
0.185759,2,13.54239
0.371517,3,13.545688
0.0,1,13.54669
0.0,1,13.547678
0.185759,2,13.549657
0.0,1,13.550631
0.0,1,13.551655
0.0,1,13.552648
0.0,1,13.553625
0.185759,2,13.555539
-0.03096,2,13.557479
0.185759,2,13.559386
0.185759,2,13.561269
0.0,1,13.562294
0.0,1,13.563285
0.0,1,13.564275
0.0,1,13.565269
0.123839,4,13.569185
0.0,1,13.570136
0.185759,2,13.572089
0.0,1,13.573078
0.0,1,13.574071
0.185759,2,13.576041
0.0,1,13.577001
0.0,1,13.578081
0.185759,2,13.58024
0.185759,2,13.582324
-0.03096,2,13.584404
0.185759,2,13.586476
0.0,1,13.587545
0.0,1,13.588501
0.340557,4,13.592757
0.0,1,13.59382
-0.06192,3,13.596944
0.0,1,13.598003
0.185759,2,13.600245
0.0,1,13.60131
0.0,1,13.602508
0.154799,3,13.60566
0.0,1,13.606658
0.566563,3,13.609544
0.0,1,13.610544
0.0,1,13.611535
0.0,1,13.612471
0.185759,2,13.614507
0.0,1,13.615528
0.0,1,13.616505
-0.03096,2,13.618608
0.0,1,13.619569
0.185759,2,13.621503
0.566563,3,13.624466
0.185759,2,13.626458
0.0,1,13.627433
0.0,1,13.628547
0.0,1,13.629635
0.185759,2,13.631567
0.0,1,13.632555
0.0,1,13.63355
0.0,1,13.634539
0.0,1,13.635541
0.0,1,13.636524
0.154799,3,13.639436
0.566563,3,13.642386
0.0,1,13.643366
0.185759,2,13.645414
0.0,1,13.646444
0.185759,2,13.64841
0.0,1,13.649413
0.0,1,13.650336
0.0,1,13.651296
0.0,1,13.652281
0.0,1,13.653287
0.0,1,13.65423
0.185759,2,13.656159
0.185759,2,13.658129
0.0,1,13.659078
0.0,1,13.660019
0.340557,4,13.664071
0.185759,2,13.666081
0.185759,2,13.668091
0.0,1,13.669109
0.566563,3,13.672108
0.0,1,13.673119
0.0,1,13.674082
0.0,1,13.675144
-0.03096,2,13.677089
0.371517,3,13.680157
0.185759,2,13.682217
0.0,1,13.683204
0.0,1,13.684242
0.185759,2,13.686157
0.0,1,13.687184
0.0,1,13.688215
0.0,1,13.68916
0.185759,2,13.691084
0.0,1,13.692012
0.0,1,13.69302
0.0,1,13.69399
0.0,1,13.694986
0.0,1,13.696062
0.0,1,13.697071
0.0,1,13.698115
0.185759,2,13.70005
0.154799,3,13.703018
0.0,1,13.703993
0.0,1,13.704998
0.0,1,13.705978
-0.03096,2,13.708008
0.0,1,13.709003
-0.03096,2,13.710961
0.0,1,13.712043
0.0,1,13.713065
0.185759,2,13.715016
0.0,1,13.715939
0.0,1,13.716942
0.185759,2,13.718939
0.185759,2,13.720898
0.0,1,13.721877
0.0,1,13.72287
0.0,1,13.723859
0.0,1,13.724854
0.0,1,13.725862
0.0,1,13.726828
0.185759,2,13.728902
0.0,1,13.729924
0.0,1,13.730891
0.0,1,13.731881
0.0,1,13.732857
-0.03096,2,13.734802
-0.03096,2,13.736697
0.0,1,13.737665
0.0,1,13.738631
0.185759,2,13.7406
0.0,1,13.741541
0.0,1,13.74251
0.371517,3,13.745475
0.0,1,13.746452
0.0,1,13.747443
0.185759,2,13.749369
0.0,1,13.750344
0.0,1,13.751263
0.185759,2,13.753268
0.0,1,13.754275
0.0,1,13.755248
0.0,1,13.756235
0.0,1,13.757233
0.0,1,13.758215
-0.06192,3,13.761158
0.0,1,13.762151
0.0,1,13.763135
0.566563,3,13.766049
0.0,1,13.767023
0.0,1,13.767991
0.0,1,13.768983
0.0,1,13.769906
0.0,1,13.770918
0.0,1,13.771921
0.185759,2,13.773877
0.0,1,13.774863
0.154799,3,13.777789
-0.03096,2,13.779691
0.371517,3,13.782738
0.0,1,13.783746
0.0,1,13.784746
0.566563,3,13.787609
0.0,1,13.788614
0.185759,2,13.790532
0.0,1,13.791513
0.185759,2,13.793444
0.185759,2,13.795324
-0.03096,2,13.797333
0.0,1,13.798338
0.566563,3,13.801276
0.0,1,13.802257
0.185759,2,13.804222
0.185759,2,13.806223
0.185759,2,13.808185
0.0,1,13.809166
0.371517,3,13.812035
0.185759,2,13.813955
0.0,1,13.814927
0.0,1,13.816026
0.185759,2,13.817807
0.0,1,13.818794
0.371517,3,13.821832
0.185759,2,13.823797
0.0,1,13.824764
0.0,1,13.825764
0.0,1,13.826682
0.0,1,13.827605
0.0,1,13.828584
-0.03096,2,13.830485
0.371517,3,13.833301
0.566563,3,13.836212
0.185759,2,13.838187
0.566563,3,13.841077
0.0,1,13.842058
-0.06192,3,13.845066
0.185759,2,13.846989
0.0,1,13.847967
0.535604,4,13.851758
0.0,1,13.852686
0.0,1,13.853667
0.371517,3,13.856442
-0.03096,2,13.858389
0.0,1,13.859346
0.092879,5,13.864225
0.371517,3,13.872495
0.185759,2,13.874585
0.0,1,13.875643
0.0,1,13.876867
0.185759,2,13.879451
0.0,1,13.880492
0.185759,2,13.88251
0.0,1,13.883496
0.0,1,13.884484
0.371517,3,13.887449
0.185759,2,13.889399
0.0,1,13.890356
0.0,1,13.891356
0.0,1,13.892375
0.0,1,13.893345
0.0,1,13.894538
0.371517,3,13.89756
0.185759,2,13.899506
0.0,1,13.900477
0.0,1,13.901476
0.371517,3,13.904506
0.0,1,13.90549
-0.06192,3,13.908432
0.185759,2,13.910392
0.566563,3,13.913321
0.0,1,13.9143
0.0,1,13.915293
0.0,1,13.916232
0.0,1,13.917238
0.0,1,13.918231
0.0,1,13.91922
0.185759,2,13.921201
0.0,1,13.922213
0.0,1,13.923153
0.0,1,13.924143
0.371517,3,13.927099
0.0,1,13.928106
0.0,1,13.929125
0.185759,2,13.931105
0.185759,2,13.933091
0.0,1,13.934052
0.185759,2,13.936032
0.0,1,13.937023
0.0,1,13.93801
0.185759,2,13.940028
0.185759,2,13.942026
0.185759,2,13.943965
0.0,1,13.944962
0.566563,3,13.947973
0.0,1,13.948973
0.0,1,13.949965
0.0,1,13.95092
0.0,1,13.951894
0.0,1,13.952875
0.0,1,13.953856
0.0,1,13.954818
0.185759,2,13.956756
-0.03096,2,13.958713
0.185759,2,13.960606
0.154799,3,13.963515
0.0,1,13.964488
0.185759,2,13.966457
0.154799,3,13.969397
0.0,1,13.970382
0.0,1,13.971361
0.154799,3,13.974334
0.185759,2,13.97628
0.185759,2,13.978274
0.0,1,13.979231
0.0,1,13.980234
0.0,1,13.981214
0.0,1,13.982215
0.0,1,13.983211
0.566563,3,13.986161
0.154799,3,13.989115
0.0,1,13.990104
0.0,1,13.991102
-0.06192,3,13.99402
0.0,1,13.994995
0.185759,2,13.99692
0.0,1,13.997925
0.0,1,13.998886
-0.03096,2,14.000872
0.185759,2,14.002863
0.0,1,14.003854
0.0,1,14.004862
0.185759,2,14.006789
0.185759,2,14.008741
0.0,1,14.009745
0.0,1,14.010736
0.0,1,14.011724
0.566563,3,14.014716
0.371517,3,14.017742
-0.06192,3,14.020712
0.340557,4,14.024701
0.0,1,14.025695
-0.03096,2,14.02765
0.566563,3,14.030731
0.185759,2,14.032919
0.0,1,14.033956
0.0,1,14.034948
-0.03096,2,14.036989
0.0,1,14.038038
0.185759,2,14.040028
0.185759,2,14.042025
0.0,1,14.04302
0.185759,2,14.045033
0.0,1,14.046023
0.123839,4,14.049968
0.0,1,14.050953
0.0,1,14.051998
0.371517,3,14.05494
0.0,1,14.055927
0.0,1,14.056942
0.0,1,14.057943
0.185759,2,14.059925
0.185759,2,14.061993
0.0,1,14.062989
0.0,1,14.063969
0.154799,3,14.066865
0.0,1,14.067863
0.0,1,14.068865
0.0,1,14.069849
0.0,1,14.070844
0.566563,3,14.073837
0.0,1,14.074799
0.566563,3,14.07776
0.0,1,14.07883
0.0,1,14.079816
0.0,1,14.080802
0.0,1,14.081758
0.185759,2,14.08371
0.185759,2,14.085691
0.752322,4,14.089681
0.0,1,14.090661
0.371517,3,14.093573
0.0,1,14.094549
0.0,1,14.095647
-0.03096,2,14.097679
0.185759,2,14.099556
-0.03096,2,14.101441
0.0,1,14.102461
0.371517,3,14.105379
0.154799,3,14.108392
-0.03096,2,14.110389
0.0,1,14.11136
0.0,1,14.112433
0.0,1,14.113413
0.185759,2,14.115375
0.0,1,14.116365
0.0,1,14.117329
0.371517,3,14.12027
0.0,1,14.121264
0.185759,2,14.123144
0.0,1,14.124105
0.0,1,14.125097
0.185759,2,14.127033
0.0,1,14.128023
0.371517,3,14.131161
0.0,1,14.132139
0.371517,3,14.13506
0.185759,2,14.137038
0.185759,2,14.139027
0.185759,2,14.140999
0.0,1,14.141963
0.185759,2,14.143937
0.0,1,14.144923
0.185759,2,14.146958
0.0,1,14.147923
0.185759,2,14.149961
-0.03096,2,14.15188
0.185759,2,14.15383
0.0,1,14.154821
0.0,1,14.155818
0.0,1,14.156773
0.185759,2,14.158741
0.0,1,14.159729
0.0,1,14.160717
0.0,1,14.161737
0.0,1,14.162731
0.371517,3,14.165663
0.535604,4,14.16947
0.0,1,14.170442
0.185759,2,14.17239
0.0,1,14.173383
0.185759,2,14.175346
0.185759,2,14.177272
0.0,1,14.17827
0.0,1,14.179329
0.0,1,14.180325
0.0,1,14.181338
0.154799,3,14.184311
0.185759,2,14.186281
0.0,1,14.187283
0.0,1,14.188277
0.0,1,14.189258
0.0,1,14.190224
0.185759,2,14.192205
0.566563,3,14.195117
0.0,1,14.196099
0.0,1,14.197095
0.0,1,14.198105
-0.03096,2,14.200025
0.566563,3,14.202956
0.0,1,14.203953
0.0,1,14.204948
-0.03096,2,14.20688
0.0,1,14.20787
0.0,1,14.208873
0.185759,2,14.210857
0.0,1,14.211814
0.0,1,14.212815
0.0,1,21.96542
0.185759,2,21.968056
0.566563,3,21.9715
0.371517,3,21.974639
0.371517,3,21.977716
0.0,1,21.979241
0.371517,3,21.983509
0.0,1,21.984996
0.185759,2,21.987882
0.185759,2,21.99078
0.0,1,21.992228
0.0,1,21.993595
0.340557,4,21.999288
0.0,1,22.00066
0.0,1,22.001992
0.566563,3,22.005302
0.566563,3,22.008492
0.0,1,22.00962
-0.03096,2,22.011813
0.566563,3,22.017564
0.566563,3,22.021969
0.0,1,22.023393
0.566563,3,22.028026
0.0,1,22.029734
-0.03096,2,22.033138
0.371517,3,22.037944
0.0,1,22.039692
0.185759,2,22.043306
0.566563,3,22.048051
0.0,1,22.0495
0.185759,2,22.052435
0.566563,3,22.057006
0.566563,3,22.062456
0.566563,3,22.066871
0.0,1,22.068361
0.0,1,22.069833
0.566563,3,22.074682
0.0,1,22.076411
0.566563,3,22.080721
-0.03096,2,22.083299
0.185759,2,22.087106
0.0,1,22.088864
0.0,1,22.090634
0.0,1,22.092446
0.535604,4,22.10008
0.0,1,22.101594
0.535604,4,22.107831
-0.03096,2,22.111303
0.0,1,22.112738
0.535604,4,22.118631
0.0,1,22.120125
0.0,1,22.121547
0.566563,3,22.127401
0.371517,3,22.131427
0.0,1,22.132765
0.0,1,22.134295
0.752322,4,22.140614
0.0,1,22.142223
0.0,1,22.145063
0.185759,2,22.14866
0.185759,2,22.151856
0.566563,3,22.156707
0.185759,2,22.159708
0.371517,3,22.163582
0.0,1,22.16455
0.185759,2,22.166542
0.566563,3,22.170135
0.371517,3,22.173781
0.185759,2,22.175959
0.0,1,22.177
0.0,1,22.177927
0.185759,2,22.180148
0.0,1,22.181179
0.0,1,22.182219
0.566563,3,22.185834
0.185759,2,22.187774
-0.03096,2,22.189838
0.371517,3,22.192815
0.535604,4,22.196783
0.185759,2,22.198781
0.0,1,22.199789
0.185759,2,22.202111
0.0,1,22.20307
0.566563,3,22.20654
0.566563,3,22.209636
0.185759,2,22.211702
0.566563,3,22.214746
0.566563,3,22.2179
0.566563,3,22.221057
0.0,1,22.222066
0.185759,2,22.224247
0.185759,2,22.226435
0.371517,3,22.229461
0.0,1,22.230423
0.185759,2,22.23245
0.566563,3,22.235763
0.185759,2,22.238337
0.371517,3,22.24145
0.185759,2,22.24346
0.185759,2,22.245518
0.0,1,22.246538
0.0,1,22.247587
0.185759,2,22.249659
-0.06192,3,22.252795
-0.03096,2,22.254807
0.185759,2,22.256747
0.0,1,22.257794
-0.03096,2,22.259805
0.185759,2,22.261894
0.0,1,22.262892
0.185759,2,22.264865
0.0,1,22.265892
0.0,1,22.266899
0.566563,3,22.269846
0.566563,3,22.272876
0.371517,3,22.275866
0.185759,2,22.277844
0.0,1,22.278889
0.0,1,22.279828
0.185759,2,22.281824
0.185759,2,22.283828
0.566563,3,22.286965
0.0,1,22.287964
-0.03096,2,22.289911
0.0,1,22.290916
0.185759,2,22.29293
0.566563,3,22.295885
0.185759,2,22.29785
0.0,1,22.298841
0.185759,2,22.300865
0.185759,2,22.302959
0.0,1,22.3039
0.0,1,22.304864
0.0,1,22.305851
0.185759,2,22.307807
0.371517,3,22.310703
0.185759,2,22.312665
0.0,1,22.313686
0.185759,2,22.315647
0.0,1,22.316643
0.154799,3,22.31974
0.0,1,22.320743
0.566563,3,22.323736
0.0,1,22.324744
0.185759,2,22.326708
-0.03096,2,22.32862
0.566563,3,22.331546
0.0,1,22.332498
0.185759,2,22.334473
0.0,1,22.335526
0.0,1,22.336504
0.185759,2,22.33849
0.185759,2,22.340405
0.371517,3,22.343386
0.185759,2,22.345365
0.185759,2,22.347334
0.0,1,22.348343
0.0,1,22.349357
0.371517,3,22.352309
0.185759,2,22.354439
0.0,1,22.355453
0.0,1,22.356455
0.566563,3,22.35936
0.0,1,22.360352
0.0,1,22.361374
0.0,1,22.362314
0.535604,4,22.366259
0.0,1,22.367207
-0.03096,2,22.369333
0.566563,3,22.372304
0.371517,3,22.37528
0.566563,3,22.378301
0.0,1,22.379299
0.566563,3,22.382173
0.0,1,22.38319
0.185759,2,22.385253
0.0,1,22.386355
0.185759,2,22.388362
0.0,1,22.389363
0.0,1,22.390412
0.0,1,22.391424
0.371517,3,22.394258
0.0,1,22.395272
0.185759,2,22.397292
0.566563,3,22.400304
0.371517,3,22.403294
0.0,1,22.404273
0.0,1,22.405314
0.123839,4,22.40932
0.0,1,22.410276
0.0,1,22.411298
0.371517,3,22.414421
0.154799,3,22.417378
0.0,1,22.418384
0.566563,3,22.421476
0.185759,2,22.423444
0.566563,3,22.426463
0.185759,2,22.428466
-0.03096,2,22.43039
0.0,1,22.431333
0.0,1,22.432312
0.0,1,22.433291
0.0,1,22.434256
0.0,1,22.435321
0.557276,4,22.439217
0.0,1,22.440178
-0.03096,2,22.44214
0.0,1,22.4431
0.185759,2,22.445067
0.371517,3,22.447959
0.185759,2,22.449956
0.566563,3,22.452984
0.0,1,22.453957
0.185759,2,22.455868
0.185759,2,22.457899
0.0,1,22.458909
0.185759,2,22.46085
0.185759,2,22.462806
0.0,1,22.463798
0.566563,3,22.46718
0.185759,2,22.469615
0.0,1,22.470599
0.0,1,22.471621
0.0,1,22.47261
0.0,1,22.473666
0.0,1,22.474727
0.0,1,22.475629
0.185759,2,22.477654
0.0,1,22.478703
0.185759,2,22.480712
0.0,1,22.481717
0.185759,2,22.483684
0.535604,4,22.487671
0.0,1,22.488587
0.185759,2,22.490564
0.371517,3,22.493533
0.0,1,22.494462
0.0,1,22.495479
0.185759,2,22.497447
0.371517,3,22.500368
-0.06192,3,22.503495
0.566563,3,22.50645
0.371517,3,22.509384
0.185759,2,22.51139
0.0,1,22.51238
0.371517,3,22.515347
0.185759,2,22.517375
0.371517,3,22.520675
0.0,1,22.521773
0.0,1,22.522759
0.0,1,22.523766
0.0,1,22.524747
0.0,1,22.525805
0.0,1,22.526719
0.185759,2,22.528669
0.185759,2,22.53072
0.185759,2,22.532775
0.0,1,22.533764
0.0,1,22.534858
0.0,1,22.535963
0.566563,3,22.539418
0.185759,2,22.541371
0.0,1,22.542316
0.0,1,22.543289
0.566563,3,22.546246
0.0,1,22.547209
0.0,1,22.548187
0.0,1,22.549211
0.371517,3,22.552411
0.371517,3,22.555335
0.185759,2,22.557296
0.371517,3,22.560335
0.185759,2,22.562294
0.0,1,22.563343
0.0,1,22.564318
0.0,1,22.565355
0.0,1,22.566415
0.566563,3,22.569407
0.0,1,22.570463
-0.03096,2,22.572522
0.185759,2,22.574513
0.371517,3,22.577438
0.0,1,22.578396
-0.03096,2,22.580358
0.0,1,22.581365
0.0,1,22.58232
0.123839,4,22.586429
0.0,1,22.587453
0.0,1,22.588423
0.0,1,22.589421
0.185759,2,22.591451
0.371517,3,22.5944
0.0,1,22.595376
0.185759,2,22.597384
0.0,1,22.598399
0.0,1,22.599396
0.185759,2,22.601427
0.371517,3,22.604471
0.185759,2,22.606474
0.566563,3,22.609482
0.0,1,22.610471
0.185759,2,22.61255
0.557276,4,22.616571
0.0,1,22.617579
0.566563,3,22.620443
0.371517,3,22.623365
0.185759,2,22.625324
0.185759,2,22.627254
0.185759,2,22.629293
0.0,1,22.630231
0.185759,2,22.632206
0.0,1,22.633215
0.0,1,22.634177
0.371517,3,22.637326
0.185759,2,22.639232
0.0,1,22.64021
0.185759,2,22.642219
0.0,1,22.643151
0.371517,3,22.646014
0.0,1,22.64706
0.185759,2,22.649096
0.566563,3,22.652097
0.0,1,22.653199
0.0,1,22.654219
0.185759,2,22.6562
0.0,1,22.657219
0.0,1,22.658212
0.185759,2,22.660256
-0.03096,2,22.662216
0.185759,2,22.664199
0.0,1,22.665167
0.371517,3,22.66816
0.0,1,22.669212
0.371517,3,22.672211
0.371517,3,22.675093
0.0,1,22.676077
0.566563,3,22.679023
0.0,1,22.679998
0.566563,3,22.682911
0.0,1,22.683863
0.185759,2,22.685941
0.0,1,22.687035
0.154799,3,22.690007
0.185759,2,22.691967
0.0,1,22.692985
0.185759,2,22.694817
0.0,1,22.695829
0.371517,3,22.698829
-0.03096,2,22.700901
0.0,1,22.701941
0.0,1,22.702929
0.566563,3,22.705892
0.185759,2,22.707864
0.154799,3,22.710842
0.0,1,22.711854
0.0,1,22.712857
0.185759,2,22.714796
0.185759,2,22.716868
0.0,1,22.717879
0.566563,3,22.720824
0.0,1,22.721899
0.0,1,22.72293
0.0,1,22.723995
0.566563,3,22.727028
0.0,1,22.728085
0.0,1,22.729104
0.0,1,22.730152
0.154799,3,22.73326
0.185759,2,22.735329
0.0,1,22.736421
0.371517,3,22.739362
0.566563,3,22.742358
0.0,1,22.743375
0.566563,3,22.746364
0.0,1,22.747351
0.154799,3,22.750412
0.566563,3,22.75342
0.0,1,22.754451
0.185759,2,22.756446
0.0,1,22.75745
-0.03096,2,22.759551
0.0,1,22.760554
0.0,1,22.761554
-0.03096,2,22.76358
0.0,1,22.76493
0.0,1,22.765988
0.371517,3,22.769758
0.185759,2,22.77164
0.0,1,22.772637
0.185759,2,22.774506
0.566563,3,22.777413
0.340557,4,22.781355
0.0,1,22.782344
0.154799,3,22.78552
0.0,1,22.786536
0.185759,2,22.788447
0.0,1,22.789467
-0.03096,2,22.791375
0.371517,3,22.794451
0.0,1,22.795403
0.0,1,22.796413
0.185759,2,22.798454
0.0,1,22.799404
0.185759,2,22.801403
0.0,1,22.802354
0.0,1,22.803409
0.0,1,22.804438
0.566563,3,22.808673
0.185759,2,22.81123
0.0,1,22.812668
0.566563,3,22.816553
0.0,1,22.817671
0.371517,3,22.820867
0.0,1,22.821867
0.371517,3,22.824937
0.557276,4,22.828895
0.185759,2,22.830928
0.371517,3,22.83395
0.0,1,22.83496
0.0,1,22.836061
0.154799,3,22.839011
-0.03096,2,22.840985
0.185759,2,22.842968
0.566563,3,22.845854
0.154799,3,22.848893
0.0,1,22.849894
0.0,1,22.85086
0.0,1,22.851848
0.371517,3,22.854973
0.0,1,22.85595
0.185759,2,22.858028
-0.03096,2,22.859961
0.0,1,22.860992
0.0,1,22.861932
0.0,1,22.862943
0.0,1,22.863929
0.371517,3,22.866935
0.371517,3,22.870035
0.371517,3,22.873105
0.185759,2,22.875061
0.185759,2,22.876969
0.0,1,22.87797
0.340557,4,22.881891
0.0,1,22.882924
0.371517,3,22.886032
0.154799,3,22.888981
0.0,1,22.890018
0.185759,2,22.892017
0.371517,3,22.895069
0.185759,2,22.897058
0.185759,2,22.899099
0.185759,2,22.901144
0.185759,2,22.903184
0.0,1,22.904209
0.0,1,22.905227
0.0,1,22.906152
0.185759,2,22.908202
0.340557,4,22.912148
0.566563,3,22.915148
0.0,1,22.916147
0.566563,3,22.919236
-0.03096,2,22.921325
0.185759,2,22.923284
0.371517,3,22.926277
0.185759,2,22.928277
-0.03096,2,22.930288
0.0,1,22.931273
0.566563,3,22.934183
0.185759,2,22.936223
0.0,1,22.937265
0.0,1,22.938273
0.185759,2,22.94025
0.0,1,22.941301
0.185759,2,22.943295
0.566563,3,22.946298
0.0,1,22.952469
0.0,1,22.953521
0.371517,3,22.956573
0.566563,3,22.960088
0.0,1,22.961118
0.0,1,22.962144
0.0,1,22.96315
0.185759,2,22.965056
0.0,1,22.966097
0.566563,3,22.969219
0.0,1,22.970274
-0.03096,2,22.972288
0.0,1,22.973324
0.0,1,22.974319
0.0,1,22.97533
0.371517,3,22.978428
0.185759,2,22.980386
0.0,1,22.981418
0.0,1,22.982455
0.566563,3,22.985746
0.0,1,22.986787
0.371517,3,22.989742
-0.03096,2,22.991749
0.0,1,22.992792
0.0,1,22.993831
0.0,1,22.994895
0.154799,3,22.998002
0.566563,3,23.001059
0.0,1,23.00223
0.566563,3,23.005244
0.0,1,23.006286
0.0,1,23.007297
0.0,1,23.00824
0.185759,2,23.010308
0.185759,2,23.012315
0.566563,3,23.015423
0.0,1,23.016464
0.371517,3,23.019545
0.0,1,23.020677
0.371517,3,23.023996
0.185759,2,23.026099
0.0,1,23.027181
0.185759,2,23.029111
0.0,1,23.03013
0.0,1,23.03113
0.0,1,23.03204
0.566563,3,23.035127
0.185759,2,23.037094
0.566563,3,23.040466
0.0,1,23.041478
0.0,1,23.042483
0.0,1,23.043451
0.0,1,23.04445
0.185759,2,23.046444
0.0,1,23.047456
0.0,1,23.048435
0.185759,2,23.050326
0.566563,3,23.053434
0.185759,2,23.056028
0.0,1,23.057513
0.371517,3,23.061335
0.0,1,23.062677
0.0,1,23.06415
0.0,1,23.06528
0.0,1,23.066257
0.721362,5,23.07141
0.0,1,23.072432
0.185759,2,23.074386
0.0,1,23.075374
0.0,1,23.076387
0.0,1,23.077383
0.185759,2,23.079375
0.185759,2,23.08133
0.185759,2,23.083359
0.0,1,23.084343
0.0,1,23.085337
0.0,1,23.086302
0.371517,3,23.08924
0.0,1,23.090289
0.0,1,23.091325
0.0,1,23.092376
0.371517,3,23.095407
0.566563,3,23.098361
0.566563,3,23.101308
0.185759,2,23.103454
0.371517,3,23.106426
0.185759,2,23.108438
0.0,1,23.109445
0.0,1,23.11043
0.566563,3,23.113377
0.0,1,23.114351
0.0,1,23.115406
0.0,1,23.116385
0.0,1,23.117392
0.371517,3,23.120457
0.185759,2,23.122435
0.185759,2,23.124409
0.535604,4,23.128268
0.371517,3,23.131167
0.566563,3,23.134089
0.0,1,23.135063
0.566563,3,23.138111
0.0,1,23.139106
0.185759,2,23.141055
0.371517,3,23.143815
0.185759,2,23.145814
0.0,1,23.146742
0.566563,3,23.149606
0.371517,3,23.15245
0.0,1,23.153416
0.566563,3,23.156382
0.0,1,23.157392
-0.03096,2,23.159342
0.371517,3,23.162259
-0.03096,2,23.164217
0.535604,4,23.168181
0.185759,2,23.170242
0.0,1,23.171198
0.154799,3,23.174158
0.154799,3,23.17713
0.566563,3,23.180008
0.566563,3,23.183007
0.185759,2,23.184967
0.0,1,23.185992
0.185759,2,23.187954
0.0,1,23.188934
0.371517,3,23.191829
0.566563,3,23.194736
0.0,1,23.1957
0.0,1,23.196715
0.185759,2,23.198702
0.566563,3,23.201743
0.0,1,23.202801
0.0,1,23.203826
0.566563,3,23.206783
0.0,1,23.20779
0.0,1,23.208739
0.0,1,23.209753
0.0,1,23.210738
0.185759,2,23.212601
-0.03096,2,23.214625
0.185759,2,23.216577
-0.03096,2,23.218589
0.185759,2,23.220588
0.0,1,23.221582
0.0,1,23.222557
0.0,1,23.223557
-0.06192,3,23.226478
0.185759,2,23.228369
0.0,1,23.229391
0.371517,3,23.2323
0.371517,3,23.235135
0.154799,3,23.238124
0.0,1,23.239143
0.185759,2,23.241094
0.185759,2,23.243061
0.0,1,23.244026
0.566563,3,23.247019
0.0,1,23.247975
-0.03096,2,23.249908
0.0,1,23.250896
0.185759,2,23.252914
0.185759,2,23.254896
0.566563,3,23.257968
0.0,1,23.258926
0.0,1,23.259952
0.566563,3,23.263025
0.0,1,23.264039
0.0,1,23.265032
0.0,1,23.266019
0.185759,2,23.267975
0.0,1,23.26904
0.185759,2,23.271061
0.185759,2,23.273036
0.535604,4,23.277015
0.557276,4,23.280884
0.340557,4,23.284897
0.185759,2,23.286875
0.566563,3,23.28979
0.185759,2,23.291773
0.371517,3,23.294805
0.185759,2,23.296776
0.0,1,23.297797
0.371517,3,23.300788
0.566563,3,23.303799
0.566563,3,23.306748
0.0,1,23.307736
0.566563,3,23.310737
0.185759,2,23.312671
0.371517,3,23.315632
0.566563,3,23.318579
0.0,1,23.319487
-0.03096,2,23.32144
0.0,1,23.322377
0.185759,2,23.32435
0.154799,3,23.327274
0.185759,2,23.329311
0.185759,2,23.331327
0.0,1,23.332328
0.566563,3,23.335337
0.0,1,23.336375
0.0,1,23.337382
0.566563,3,23.34035
0.0,1,23.341315
0.0,1,23.342352
0.371517,3,23.345363
0.185759,2,23.34735
0.371517,3,23.350343
-0.03096,2,23.352303
0.566563,3,23.355314
0.0,1,23.356345
0.0,1,23.357358
0.0,1,23.358397
0.0,1,23.359398
0.371517,3,23.362473
0.185759,2,23.36444
0.340557,4,23.368452
0.0,1,23.369506
0.371517,3,23.372554
0.0,1,23.373552
0.0,1,23.374556
0.185759,2,23.376581
0.566563,3,23.379526
0.371517,3,23.382534
0.340557,4,23.3863
0.340557,4,23.39024
0.185759,2,23.392267
0.185759,2,23.394285
0.0,1,23.395283
0.0,1,23.396315
0.0,1,23.397332
0.185759,2,23.399358
0.371517,3,23.402349
-0.03096,2,23.40442
0.0,1,23.405411
0.371517,3,23.408472
0.0,1,23.409493
0.185759,2,23.411358
0.185759,2,23.413357
0.0,1,23.414389
0.0,1,23.415416
0.566563,3,23.418418
0.566563,3,23.421427
-0.03096,2,23.423342
0.566563,3,23.426644
0.371517,3,23.429675
0.566563,3,23.432655
0.185759,2,23.434701
0.371517,3,23.438435
0.0,1,23.439356
0.0,1,23.440326
0.0,1,23.441356
0.566563,3,23.444313
0.340557,4,23.448337
0.0,1,23.449345
0.371517,3,23.452414
0.0,1,23.453503
0.566563,3,23.456413
0.185759,2,23.458372
0.0,1,23.45935
0.185759,2,23.461302
0.0,1,23.462268
0.0,1,23.463245
0.0,1,23.464243
0.371517,3,23.467182
0.566563,3,23.470195
0.0,1,23.471199
0.154799,3,23.474146
0.0,1,23.475125
0.0,1,23.47611
0.371517,3,23.479103
0.371517,3,23.48207
0.0,1,23.483057
0.371517,3,23.486014
0.0,1,23.487098
0.185759,2,23.489089
0.185759,2,23.491186
0.185759,2,23.493279
0.371517,3,23.496391
0.371517,3,23.499507
0.185759,2,23.501541
0.566563,3,23.504673
0.185759,2,23.506591
0.0,1,23.507603
0.185759,2,23.509543
0.185759,2,23.511578
0.371517,3,23.514476
0.185759,2,23.516408
0.185759,2,23.518488
0.185759,2,23.520817
0.185759,2,23.522987
0.0,1,23.523963
0.154799,3,23.526894
-0.03096,2,23.528889
0.0,1,23.52991
0.371517,3,23.532948
0.185759,2,23.534939
0.0,1,23.536307
0.566563,3,23.539516
0.566563,3,23.542436
0.185759,2,23.544418
0.371517,3,23.547373
0.0,1,23.548374
0.0,1,23.549361
0.0,1,23.550353
0.566563,3,23.553549
0.0,1,23.554482
0.185759,2,23.556506
0.185759,2,23.558481
0.371517,3,23.561483
0.566563,3,23.564478
0.566563,3,23.567454
0.0,1,23.568491
0.0,1,23.56961
0.371517,3,23.572647
0.0,1,23.573604
0.0,1,23.574522
0.566563,3,23.577463
0.0,1,23.578431
0.371517,3,23.581346
0.371517,3,23.584195
0.185759,2,23.586194
0.371517,3,23.589145
-0.03096,2,23.591144
0.0,1,23.592144
0.185759,2,23.594167
0.185759,2,23.596187
0.185759,2,23.598177
0.535604,4,23.602057
0.0,1,23.603056
0.185759,2,23.605179
0.185759,2,23.607159
0.566563,3,23.610077
0.721362,5,23.61496
0.0,1,23.615969
0.371517,3,23.618922
0.0,1,23.620073
0.0,1,23.621158
0.0,1,23.622201
0.0,1,23.623176
0.185759,2,23.625158
0.185759,2,23.627097
0.0,1,23.628124
0.185759,2,23.630043
0.0,1,23.631052
0.185759,2,23.633063
0.0,1,23.634081
0.185759,2,23.636189
0.566563,3,23.639269
0.0,1,23.64028
0.185759,2,23.642305
0.371517,3,23.645353
0.0,1,23.646372
0.0,1,23.64738
0.566563,3,23.650354
0.0,1,23.651334
0.0,1,23.652243
0.371517,3,23.655195
0.0,1,23.656203
0.0,1,23.657223
0.340557,4,23.661347
0.0,1,23.662359
0.371517,3,23.66537
0.0,1,23.666387
0.0,1,23.667421
0.185759,2,23.669507
0.371517,3,23.672552
0.0,1,23.673533
0.185759,2,23.675464
0.371517,3,23.678399
0.0,1,23.679411
0.371517,3,23.682395
-0.03096,2,23.684344
0.185759,2,23.686377
0.0,1,23.687358
0.93808,5,23.692434
0.0,1,23.693476
0.0,1,23.69451
0.185759,2,23.696418
0.566563,3,23.699418
0.0,1,23.700455
0.566563,3,23.703476
0.0,1,23.704519
0.371517,3,23.707486
0.185759,2,23.709607
0.185759,2,23.711672
0.566563,3,23.714653
0.0,1,23.715648
-0.03096,2,23.717649
0.0,1,23.718642
0.0,1,23.719662
-0.03096,2,23.72173
0.566563,3,23.72465
0.185759,2,23.726631
0.0,1,23.728289
0.566563,3,23.731304
0.0,1,23.732325
0.371517,3,23.735286
0.0,1,23.736269
0.566563,3,23.739241
0.185759,2,23.741266
0.371517,3,23.744293
0.185759,2,23.746335
0.371517,3,23.749302
0.0,1,23.750329
0.0,1,23.751348
-0.03096,2,23.753375
0.752322,4,23.757399
0.0,1,23.758372
0.0,1,23.759341
0.0,1,23.760335
0.566563,3,23.763289
0.0,1,23.764298
0.566563,3,23.767329
0.185759,2,23.769315
0.185759,2,23.771308
0.0,1,23.772284
0.566563,3,23.775239
0.185759,2,23.777282
0.185759,2,23.779279
0.0,1,23.780249
0.371517,3,23.78332
0.566563,3,23.786294
0.0,1,23.78727
0.0,1,23.788274
0.566563,3,23.791304
0.0,1,23.792327
0.185759,2,23.794346
0.0,1,23.795327
0.566563,3,23.798295
0.0,1,23.799296
0.185759,2,23.801217
0.247678,7,23.808186
0.371517,3,23.811193
0.566563,3,23.814217
0.0,1,23.815184
0.185759,2,23.817194
0.154799,3,23.820353
0.0,1,23.821401
0.566563,3,23.824328
0.0,1,23.825346
0.123839,4,23.829364
0.566563,3,23.832275
0.0,1,23.833275
0.566563,3,23.836253
0.0,1,23.837275
-0.03096,2,23.839236
0.185759,2,23.841213
0.566563,3,23.844224
0.0,1,23.845164
0.185759,2,23.847165
0.185759,2,23.849143
0.185759,2,23.851126
0.0,1,23.852121
-0.03096,2,23.854144
0.371517,3,23.857147
0.185759,2,23.859178
0.371517,3,23.862149
0.371517,3,23.865119
0.185759,2,23.867106
0.371517,3,23.870136
0.566563,3,23.87323
0.154799,3,23.876225
0.566563,3,23.879233
0.0,1,23.88023
0.535604,4,23.884273
0.0,1,23.885276
-0.03096,2,23.887444
0.0,1,23.88846
0.0,1,23.889477
0.0,1,23.890435
-0.03096,2,23.892429
0.185759,2,23.89439
0.566563,3,23.897314
0.0,1,23.898348
0.185759,2,23.900329
0.185759,2,23.902313
0.0,1,23.903417
0.309598,5,23.908515
0.371517,3,23.91156
0.566563,3,23.91461
0.185759,2,23.916631
0.0,1,23.917706
0.0,1,23.918706
0.566563,3,23.921781
0.0,1,23.922797
0.0,1,23.923763
0.0,1,23.9248
0.185759,2,23.926812
0.566563,3,23.929847
0.0,1,23.930805
-0.03096,2,23.932822
0.0,1,23.933872
0.340557,4,23.93794
0.0,1,23.938917
0.185759,2,23.940878
0.185759,2,23.942859
0.0,1,23.943812
0.504644,5,23.948763
0.0,1,23.949735
0.0,1,23.950739
0.185759,2,23.95277
0.154799,3,23.955918
0.185759,2,23.958091
0.185759,2,23.960201
0.0,1,23.961181
0.0,1,23.962247
0.0,1,23.963305
0.185759,2,23.965325
0.0,1,23.966372
0.535604,4,23.970429
0.0,1,23.971516
0.0,1,23.972612
0.0,1,23.97384
0.185759,2,23.975937
0.185759,2,23.977952
-0.03096,2,23.97985
-0.03096,2,23.98179
0.371517,3,23.984716
0.0,1,23.985705
0.0,1,23.986789
0.185759,2,23.988784
0.752322,4,23.992836
0.0,1,23.993929
0.0,1,23.994953
0.0,1,23.996083
0.185759,2,23.998441
0.185759,2,24.00056
0.0,1,24.00163
0.0,1,24.002691
0.185759,2,24.004643
0.566563,3,24.007702
0.0,1,24.008653
0.566563,3,24.011642
0.0,1,24.012637
0.535604,4,24.016623
0.0,1,24.017608
-0.03096,2,24.019795
0.0,1,24.020908
0.0,1,24.022167
0.185759,2,24.024245
0.154799,3,24.027284
0.0,1,24.028291
0.0,1,24.029248
0.0,1,24.030271
0.0,1,24.031307
0.0,1,24.032307
0.0,1,24.033339
0.566563,3,24.036539
0.0,1,24.03779
0.340557,4,24.041822
-0.03096,2,24.043857
-0.03096,2,24.045982
0.185759,2,24.04802
0.0,1,24.049081
0.0,1,24.050151
0.752322,4,24.055648
0.752322,4,24.062088
0.371517,3,24.065084
0.566563,3,24.068017
0.0,1,24.069031
0.0,1,24.070035
0.185759,2,24.072109
0.185759,2,24.074073
0.0,1,24.075063
0.185759,2,24.077024
0.566563,3,24.079977
0.0,1,24.080939
0.0,1,24.081917
0.0,1,24.082906
0.0,1,24.083895
0.566563,3,24.086947
0.566563,3,24.089833
0.185759,2,24.091766
0.371517,3,24.09466
0.371517,3,24.097504
-0.03096,2,24.099429
0.0,1,24.100391
0.185759,2,24.102373
0.154799,3,24.10542
-0.03096,2,24.107249
