#{"t_start": 1630956913.2440693, "env_id": "Pendulum-v0"}
r,l,t
-0.428877,1,1.577935
-0.228674,1,1.579927
-1.34955,1,1.581841
-1.451653,1,1.584499
-9.594954,1,1.586701
-7.916819,1,1.588518
-1.456218,1,1.590313
-0.104401,1,1.592119
-2.98572,1,1.593818
-5.640458,1,1.595171
-0.095501,1,1.596518
-3.868325,1,1.597867
-0.655548,1,1.599539
-9.665993,1,1.601081
-0.44681,1,1.602938
-0.788541,1,1.604969
-1.679798,1,1.606244
-6.882964,1,1.608099
-2.095705,1,1.609204
-3.949969,1,1.61031
-1.553177,1,1.61144
-0.53685,1,1.612564
-1.23821,1,1.613686
-5.010752,1,1.614822
-9.524299,1,1.615948
-3.652257,1,1.617293
-1.679079,1,1.618416
-1.2395,1,1.619774
-0.125791,1,1.622128
-5.484125,1,1.623353
-6.250763,1,1.624641
-8.631586,1,1.625933
-0.684871,1,1.627207
-7.362343,1,1.628545
-4.317481,1,1.630207
-3.660336,1,1.631867
-0.660939,1,1.633484
-0.486722,1,1.635141
-0.944036,1,1.636699
-2.712766,1,1.637882
-2.078159,1,1.638998
-6.829966,1,1.640173
-1.275136,1,1.641315
-5.806742,1,1.642457
-3.796776,1,1.643629
-1.085208,1,1.644793
-0.882442,1,1.645961
-0.025042,1,1.647127
-9.149975,1,1.648263
-1.152926,1,1.64938
-6.051598,1,1.650513
-1.817695,1,1.651655
-0.832064,1,1.652791
-2.373164,1,1.653896
-1.33603,1,1.654996
-1.351242,1,1.656115
-1.499538,1,1.657247
-3.807031,1,1.658518
-2.363537,1,1.659686
-1.396138,1,1.66081
-0.403532,1,1.661925
-0.512351,1,1.66305
-1.614635,1,1.664188
-5.336545,1,1.665302
-1.230254,1,1.66642
-0.627765,1,1.667557
-4.252052,1,1.668678
-8.388592,1,1.669905
-9.768958,1,1.671144
-9.395096,1,1.672379
-4.577677,1,1.673607
-9.842688,1,1.674833
-2.571915,1,1.676072
-9.281864,1,1.67732
-1.077057,1,1.67851
-3.163827,1,1.679663
-0.812437,1,1.680791
-5.732761,1,1.681925
-0.399091,1,1.683047
-6.646568,1,1.684177
-0.774738,1,1.685296
-2.305175,1,1.686413
-0.726654,1,1.687582
-0.028737,1,1.688759
-0.413741,1,1.689977
-4.287323,1,1.691246
-0.953448,1,1.692521
-0.868878,1,1.693786
-0.931437,1,1.695052
-0.053462,1,1.696344
-3.024287,1,1.69749
-8.692993,1,1.698684
-1.313569,1,1.699882
-0.18524,1,1.701062
-0.653369,1,1.702428
-7.295698,1,1.703777
-3.312768,1,1.705139
-0.479128,1,1.706504
-4.9979,1,1.707703
-9.77941,1,1.708843
-1.728561,1,1.710021
-0.077872,1,1.711716
-7.524151,1,1.712842
-0.13567,1,1.713961
-3.341284,1,1.715082
-0.090992,1,1.716317
-0.645337,1,1.717446
-2.651242,1,1.718568
-0.415015,1,1.719685
-2.499563,1,1.721168
-6.704175,1,1.722292
-3.494547,1,1.723426
-0.522552,1,1.724596
-5.523569,1,1.725896
-0.035059,1,1.727182
-1.113893,1,1.728391
-0.451408,1,1.729517
-6.191911,1,1.730628
-4.981666,1,1.731754
-2.990106,1,1.73287
-3.104422,1,1.734158
-1.61354,1,1.735326
-8.840332,1,1.736441
-4.163647,1,1.737574
-9.750927,1,1.738683
-9.653651,1,1.739819
-6.758154,1,1.740935
-4.78362,1,1.742054
-7.053498,1,1.743182
-0.163922,1,1.744315
-3.183924,1,1.745437
-7.397648,1,1.746551
-3.535611,1,1.747688
-0.573616,1,1.7488
-3.965257,1,1.749929
-8.967105,1,1.75106
-3.372996,1,1.752182
-7.371919,1,1.753302
-7.809858,1,1.754416
-4.680852,1,1.755535
-0.032902,1,1.756648
-0.481337,1,1.757766
-3.601424,1,1.758894
-1.700806,1,1.760019
-2.818125,1,1.761148
-3.513425,1,1.762275
-1.739019,1,1.763402
-4.561146,1,1.764536
-3.856854,1,1.765664
-7.798578,1,1.766845
-2.427734,1,1.767984
-0.665523,1,1.769447
-2.226603,1,1.770918
-4.672186,1,1.772619
-1.248102,1,1.774082
-6.428551,1,1.775551
-0.927194,1,1.777091
-0.743662,1,1.778661
-0.621639,1,1.780066
-7.583348,1,1.781214
-1.944436,1,1.782355
-2.379174,1,1.783633
-4.979572,1,1.784898
-0.603025,1,1.786164
-0.080682,1,1.78766
-2.770515,1,1.788854
-0.870936,1,1.789959
-5.458659,1,1.791055
-9.297311,1,1.792163
-3.339996,1,1.793274
-9.171118,1,1.794363
-2.71884,1,1.7955
-1.332114,1,1.796613
-2.635055,1,1.797707
-9.944798,1,1.798796
-5.555698,1,1.799929
-2.008755,1,1.801253
-9.374671,1,1.80244
-1.600868,1,1.803754
-6.860745,1,1.808659
-9.2082,1,1.809799
-0.137951,1,1.810937
-7.819365,1,1.812158
-1.290316,1,1.813642
-0.275723,1,1.815274
-1.469248,1,1.816915
-0.034595,1,1.818756
-1.817948,1,1.820422
-1.172911,1,1.821614
-0.523524,1,1.822773
-1.18527,1,1.823913
-0.804271,1,1.825038
-0.64716,1,1.826153
-8.67099,1,1.827266
-0.521532,1,1.828392
-1.779348,1,1.829522
-4.050499,1,1.830637
-7.524929,1,1.831767
-2.181687,1,1.832918
-1.866628,1,1.834225
-5.755464,1,1.83539
-4.821613,1,1.836645
-1.386489,1,1.838124
-7.7053,1,1.839304
-0.229244,1,1.840492
-2.044642,1,1.841631
-6.484905,1,1.842789
-3.892139,1,1.843943
-0.108528,1,1.845079
-0.322867,1,1.846222
-8.146774,1,1.847343
-0.02518,1,1.848467
-0.096461,1,1.849595
-1.02553,1,1.850912
-8.842174,1,1.852044
-7.014302,1,1.853169
-0.831702,1,1.854287
-6.229643,1,1.855412
-1.529537,1,1.856526
-2.307983,1,1.857638
-3.629348,1,1.858749
-0.139253,1,1.85988
-1.402171,1,1.860999
-8.406911,1,1.862114
-3.14217,1,1.863235
-6.658273,1,1.864364
-4.521819,1,1.865476
-0.255722,1,1.8666
-3.066393,1,1.867801
-6.687134,1,1.868926
-1.876722,1,1.870044
-9.937633,1,1.871159
-5.657201,1,1.872317
-2.952251,1,1.873449
-5.133344,1,1.874573
-2.672303,1,1.875704
-4.627292,1,1.876827
-3.424737,1,1.87802
-3.110456,1,1.879158
-0.593372,1,1.880314
-0.061289,1,1.881431
-7.701627,1,1.882547
-3.111282,1,1.883681
-8.855325,1,1.884848
-2.864491,1,1.885962
-1.847934,1,1.887082
-5.077616,1,1.8882
-5.336946,1,1.889316
-0.978128,1,1.890425
-6.140531,1,1.89155
-2.449029,1,1.892669
-2.887348,1,1.893795
-0.981559,1,1.89491
-0.773075,1,1.896032
-1.916351,1,1.897157
-0.343408,1,1.898267
-1.938355,1,1.899393
-3.858659,1,1.900597
-7.855997,1,1.901731
-0.113748,1,1.902848
-9.576501,1,1.903971
-2.88298,1,1.905087
-0.916064,1,1.906196
-6.550005,1,1.907319
-0.262732,1,1.908435
-0.153262,1,1.909561
-1.329448,1,1.910676
-0.28954,1,1.911801
-4.453299,1,1.912921
-0.885559,1,1.914041
-0.002942,1,1.915168
-6.77944,1,1.916307
-1.342104,1,1.917534
-0.10145,1,1.918685
-0.390992,1,1.91984
-0.514409,1,1.920983
-0.156001,1,1.922348
-3.844847,1,1.923509
-6.695248,1,1.924623
-4.740069,1,1.925733
-1.49611,1,1.926851
-0.055686,1,1.927976
-5.434039,1,1.929142
-0.252238,1,1.930305
-4.724309,1,1.931443
-4.208295,1,1.932887
-5.631843,1,1.934428
-0.76503,1,1.936023
-5.125233,1,1.937712
-9.285701,1,1.939425
-0.047204,1,1.941112
-0.044896,1,1.942798
-5.94301,1,1.944534
-6.973248,1,1.945901
-3.678666,1,1.947177
-2.289808,1,1.948473
-0.959869,1,1.949756
-0.073608,1,1.951101
-9.624713,1,1.952362
-2.945224,1,1.953733
-2.55867,1,1.954895
-4.877773,1,1.956032
-0.092594,1,1.957164
-0.491673,1,1.958296
-0.000518,1,1.959448
-9.274228,1,1.960571
-1.120127,1,1.961704
-3.735027,1,1.962832
-0.065118,1,1.964001
-7.8877,1,1.965182
-0.041947,1,1.966362
-1.146957,1,1.967673
-7.289649,1,1.968872
-2.551974,1,1.970063
-3.010229,1,1.971247
-0.812077,1,1.97245
-2.076605,1,1.9736
-5.061854,1,1.974758
-0.428668,1,1.975942
-2.84481,1,1.977098
-2.171523,1,1.978286
-6.294714,1,1.979467
-0.844319,1,1.980625
-2.302407,1,1.981791
-0.151975,1,1.982939
-0.803479,1,1.984082
-6.369752,1,1.985211
-5.700563,1,1.986343
-3.673435,1,1.98749
-6.086007,1,1.988619
-0.094168,1,1.989768
-4.006707,1,1.990889
-6.345978,1,1.992028
-0.473278,1,1.993166
-0.760525,1,1.994289
-0.031769,1,1.995426
-1.203908,1,1.996574
-0.968673,1,1.997754
-2.10749,1,1.998929
-0.507371,1,2.000087
-2.162499,1,2.001227
-0.050713,1,2.002402
-4.094968,1,2.003586
-1.015285,1,2.004763
-0.861379,1,2.005955
-0.575748,1,2.007111
-5.757456,1,2.008297
-5.609676,1,2.009469
-7.52014,1,2.010635
-0.10164,1,2.01182
-6.211161,1,2.012989
-0.472026,1,2.014163
-0.242098,1,2.015347
-8.540829,1,2.016536
-5.036596,1,2.017948
-5.739339,1,2.019083
-7.493139,1,2.020198
-4.001579,1,2.021343
-8.704752,1,2.022441
-2.14715,1,2.023713
-1.406642,1,2.025211
-7.633808,1,2.026679
-1.534567,1,2.028182
-0.011713,1,2.029329
-3.209446,1,2.030444
-3.005658,1,2.031564
-0.174644,1,2.032793
-0.893782,1,2.034915
-0.026351,1,2.036686
-0.298463,1,2.038387
-0.353042,1,2.040034
-3.880763,1,2.041563
-0.402486,1,2.042786
-0.436021,1,2.043934
-0.630238,1,2.045058
-0.951733,1,2.046188
-6.637513,1,2.047352
-5.151594,1,2.048527
-2.002078,1,2.049829
-6.183852,1,2.050961
-6.685935,1,2.052101
-0.018998,1,2.05324
-2.715834,1,2.054376
-0.893458,1,2.055527
-5.386828,1,2.056673
-0.629115,1,2.0578
-3.729595,1,2.058933
-2.497446,1,2.060074
-9.46142,1,2.061208
-8.699126,1,2.062346
-5.196932,1,2.063481
-1.197244,1,2.064617
-3.033345,1,2.06574
-0.405393,1,2.066864
-0.635948,1,2.068037
-0.663741,1,2.069168
-2.131737,1,2.070309
-8.073277,1,2.071449
-0.84065,1,2.072584
-0.017024,1,2.073715
-9.389933,1,2.07485
-1.029179,1,2.075985
-5.99274,1,2.077115
-0.704348,1,2.078559
-0.148151,1,2.080044
-2.37901,1,2.081496
-7.75091,1,2.082939
-0.07978,1,2.084398
-6.400851,1,2.085857
-1.092252,1,2.087374
-0.928866,1,2.089022
-1.020914,1,2.090618
-1.439025,1,2.091975
-0.390402,1,2.093169
-2.512693,1,2.094406
-7.459532,1,2.095618
-3.25516,1,2.096761
-1.790788,1,2.097865
-1.505781,1,2.098974
-2.803506,1,2.100091
-0.147179,1,2.101187
-1.242602,1,2.102292
-0.445139,1,2.10341
-2.354682,1,2.104514
-0.70748,1,2.10561
-1.730998,1,2.106714
-2.760211,1,2.107831
-0.095984,1,2.108937
-7.295438,1,2.11019
-1.777868,1,2.111347
-6.804564,1,2.112469
-3.452716,1,2.113591
-5.083649,1,2.114707
-0.591934,1,2.115849
-7.396489,1,2.117314
-5.044193,1,2.118856
-9.401096,1,2.120397
-0.434372,1,2.121914
-1.324591,1,2.12345
-4.829569,1,2.124997
-1.770435,1,2.126379
-1.845983,1,2.127655
-0.979563,1,2.128919
-0.60056,1,2.130175
-0.151667,1,2.131441
-2.930032,1,2.13271
-4.412903,1,2.133987
-4.51985,1,2.135697
-5.439249,1,2.13724
-5.958299,1,2.138692
-6.024858,1,2.14016
-4.597983,1,2.141804
-9.503081,1,2.143953
-1.208164,1,2.145598
-1.454472,1,2.146743
-0.377811,1,2.147852
-2.995039,1,2.148947
-0.010202,1,2.150075
-2.108414,1,2.151381
-4.586526,1,2.152488
-0.068422,1,2.153588
-0.626793,1,2.15468
-4.300808,1,2.155788
-5.17645,1,2.156888
-0.833407,1,2.158005
-1.116951,1,2.159112
-3.620242,1,2.160243
-2.098181,1,2.161336
-4.85854,1,2.162424
-0.274447,1,2.163529
-1.032533,1,2.164666
-0.672432,1,2.165805
-0.057522,1,2.166922
-3.163239,1,2.168023
-3.506116,1,2.16915
-1.111157,1,2.170231
-3.74454,1,2.171334
-3.426308,1,2.172431
-0.896652,1,2.173578
-1.234711,1,2.174691
-0.124347,1,2.17581
-3.808186,1,2.17691
-0.038229,1,2.178009
-0.095715,1,2.179148
-0.864241,1,2.180268
-0.128321,1,2.183093
-8.496504,1,2.188589
-0.08415,1,2.190124
-3.760045,1,2.191642
-0.826981,1,2.193141
-4.830077,1,2.19467
-2.078991,1,2.196219
-8.876499,1,2.197481
-7.863208,1,2.198663
-0.404378,1,2.199801
-0.167974,1,2.200913
-5.015212,1,2.202013
-1.232118,1,2.203117
-6.494951,1,2.204235
-2.133837,1,2.205342
-4.83222,1,2.206442
-4.364611,1,2.207569
-5.380948,1,2.208673
-1.150161,1,2.209777
-3.83059,1,2.210877
-8.35709,1,2.21199
-0.347559,1,2.213188
-0.180936,1,2.214313
-3.934505,1,2.215502
-1.421173,1,2.216666
-1.562275,1,2.21785
-2.046386,1,2.218958
-0.135774,1,2.220086
-4.391453,1,2.221196
-0.221198,1,2.222303
-0.004641,1,2.22341
-8.132675,1,2.22461
-3.151278,1,2.225779
-1.40911,1,2.226877
-4.495855,1,2.227986
-1.042576,1,2.229068
-1.225945,1,2.230317
-2.542589,1,2.231442
-2.203959,1,2.232552
-7.173726,1,2.233664
-7.468366,1,2.234883
-2.022454,1,2.236002
-2.471851,1,2.237112
-5.339069,1,2.238215
-2.81738,1,2.239345
-8.701859,1,2.240435
-7.674699,1,2.241528
-7.079255,1,2.242627
-9.434162,1,2.243773
-0.581357,1,2.244892
-0.718912,1,2.245977
-7.825916,1,2.247075
-1.914664,1,2.248183
-0.071572,1,2.249286
-0.83171,1,2.250396
-0.19827,1,2.251616
-0.151846,1,2.252728
-0.200065,1,2.253832
-4.256983,1,2.254941
-0.063096,1,2.256051
-2.728861,1,2.257153
-5.642068,1,2.258254
-0.020017,1,2.259357
-6.883652,1,2.260461
-7.378783,1,2.261571
-8.485385,1,2.262674
-0.983096,1,2.263797
-0.339113,1,2.264903
-0.675578,1,2.266015
-6.576709,1,2.267123
-7.844179,1,2.268327
-3.657429,1,2.269419
-1.17234,1,2.270507
-0.153073,1,2.27161
-0.215962,1,2.272715
-0.428881,1,2.273824
-0.189621,1,2.274937
-2.396935,1,2.276085
-2.330538,1,2.27722
-4.996668,1,2.278322
-4.864809,1,2.279434
-0.236311,1,2.280596
-0.050771,1,2.281684
-6.87661,1,2.282781
-0.672292,1,2.284195
-2.702415,1,2.285329
-0.995701,1,2.29193
-3.360828,1,2.293499
-6.783224,1,2.294978
-0.151917,1,2.296427
-6.387604,1,2.297964
-5.287603,1,2.299515
-0.445439,1,2.300694
-2.98612,1,2.301911
-6.878865,1,2.30312
-1.01921,1,2.304305
-5.278444,1,2.305422
-8.558638,1,2.306538
-3.248283,1,2.307658
-2.142831,1,2.308774
-0.607694,1,2.309884
-0.46763,1,2.310995
-1.817726,1,2.312114
-0.517983,1,2.313224
-5.970114,1,2.314341
-4.195769,1,2.315463
-3.16873,1,2.316567
-5.822793,1,2.317691
-1.522663,1,2.318805
-0.586523,1,2.319924
-1.134703,1,2.321034
-4.988928,1,2.322141
-0.614976,1,2.323247
-3.104193,1,2.324375
-9.876099,1,2.325499
-0.118368,1,2.326612
-0.426103,1,2.327708
-3.645426,1,2.32882
-7.12042,1,2.32992
-9.281915,1,2.331028
-6.487265,1,2.332131
-0.836356,1,2.333221
-7.151348,1,2.334318
-1.280541,1,2.335442
-1.00148,1,2.336563
-0.062976,1,2.337668
-5.886773,1,2.338768
-3.368961,1,2.339888
-1.975905,1,2.340999
-2.670752,1,2.342103
-1.87768,1,2.343216
-5.806024,1,2.344335
-6.357714,1,2.345448
-1.808853,1,2.346559
-3.48679,1,2.347688
-9.706921,1,2.348804
-5.794449,1,2.349904
-6.330339,1,2.351008
-3.944416,1,2.352122
-2.292349,1,2.353233
-3.17185,1,2.354329
-0.334772,1,2.355441
-1.851531,1,2.356555
-4.924993,1,2.357657
-0.096585,1,2.358769
-2.720223,1,2.359886
-5.291216,1,2.360987
-4.279729,1,2.362137
-0.499671,1,2.363387
-6.760864,1,2.364666
-1.195372,1,2.366424
-0.240181,1,2.368119
-8.710483,1,2.36974
-4.732475,1,2.371464
-2.310129,1,2.372626
-0.717379,1,2.373791
-0.425262,1,2.374936
-2.461053,1,2.376093
-2.424836,1,2.377241
-1.113357,1,2.378386
-0.08649,1,2.37954
-4.518109,1,2.380686
-3.824812,1,2.381839
-4.515511,1,2.382976
-0.720472,1,2.384131
-0.41047,1,2.385486
-0.785823,1,2.386632
-7.032193,1,2.387786
-0.481541,1,2.388942
-9.503639,1,2.390127
-4.47453,1,2.391325
-1.622694,1,2.392588
-2.99078,1,2.393779
-7.660273,1,2.394935
-1.593032,1,2.396093
-5.563274,1,2.397266
-3.40239,1,2.39842
-0.834842,1,2.399566
-1.781653,1,2.400704
-1.032344,1,2.401852
-8.342306,1,2.402997
-0.072488,1,2.404141
-1.742433,1,2.405283
-7.656188,1,2.406413
-0.098299,1,2.407555
-8.942349,1,2.408702
-0.133947,1,2.409886
-0.15792,1,2.411071
-0.305473,1,2.412263
-0.120386,1,2.413435
-1.581472,1,2.414695
-7.471238,1,2.415837
-0.26208,1,2.416998
-4.160868,1,2.418527
-2.3703,1,2.419707
-2.63101,1,2.420862
-5.390743,1,2.422008
-0.710085,1,2.423208
-4.95887,1,2.424423
-9.355693,1,2.425638
-8.132357,1,2.426782
-5.519458,1,2.427949
-2.333529,1,2.429189
-1.838587,1,2.430464
-1.57268,1,2.431687
-0.090573,1,2.432885
-0.194127,1,2.434078
-0.873405,1,2.435997
-0.060303,1,2.437094
-4.861937,1,2.43824
-7.62436,1,2.439373
-9.386003,1,2.440504
-0.643787,1,2.441639
-7.802452,1,2.442768
-2.557378,1,2.443921
-2.325338,1,2.445059
-0.448494,1,2.446202
-3.167849,1,2.447697
-6.68376,1,2.448903
-7.762953,1,2.450085
-0.081048,1,2.451366
-1.822204,1,2.452556
-9.055421,1,2.453728
-0.055024,1,2.454894
-0.332573,1,2.456084
-8.233471,1,2.458975
-3.980304,1,2.460541
-6.202512,1,2.462046
-0.268889,1,2.463557
-9.756319,1,2.465051
-0.470113,1,2.466557
-1.833113,1,2.467766
-2.030614,1,2.468996
-6.816569,1,2.470263
-8.49846,1,2.471521
-2.988909,1,2.47269
-2.773557,1,2.473952
-6.318637,1,2.475203
-0.76861,1,2.476423
-5.049783,1,2.477648
-2.307437,1,2.478875
-2.52075,1,2.480159
-0.690922,1,2.481267
-0.684748,1,2.482372
-9.60237,1,2.48348
-6.013862,1,2.484578
-0.141836,1,2.485692
-0.061445,1,2.486788
-0.061203,1,2.487905
-8.797184,1,2.489036
-0.068595,1,2.490134
-7.625587,1,2.491223
-1.046781,1,2.492338
-1.402771,1,2.493441
-4.76661,1,2.494538
-0.886483,1,2.495645
-3.752485,1,2.496707
-6.086726,1,2.497811
-1.147466,1,2.498937
-2.655789,1,2.500051
-0.384653,1,2.501209
-9.013696,1,2.50276
-0.38007,1,2.504377
-1.104163,1,2.506274
-0.774192,1,2.507931
-8.703533,1,2.509723
-0.325576,1,2.511271
-0.44068,1,2.512646
-0.099924,1,2.513812
-0.069901,1,2.514977
-2.079211,1,2.516166
-0.269205,1,2.517334
-8.14563,1,2.519778
-3.344333,1,2.521609
-8.850973,1,2.523219
-0.087144,1,2.524411
-6.544081,1,2.52563
-3.666346,1,2.526854
-0.78815,1,2.528099
-1.705032,1,2.529301
-7.65308,1,2.53059
-7.2054,1,2.531773
-1.224931,1,2.532954
-3.362405,1,2.53415
-0.747165,1,2.535511
-0.303871,1,2.536725
-3.63878,1,2.538458
-2.808817,1,2.539649
-2.431528,1,2.540813
-0.05329,1,2.541981
-0.260132,1,2.543139
-6.437729,1,2.544315
-0.098502,1,2.545476
-2.972277,1,2.546646
-9.259591,1,2.547816
-4.833472,1,2.548975
-2.819942,1,2.550135
-2.525369,1,2.551447
-1.491202,1,2.55262
-4.14256,1,2.553781
-0.621171,1,2.554954
-7.487343,1,2.556121
-3.050575,1,2.557277
-0.11535,1,2.558442
-3.307922,1,2.559622
-2.816262,1,2.560781
-8.835631,1,2.561946
-2.482215,1,2.563118
-4.720062,1,2.564293
-1.883755,1,2.565481
-5.237879,1,2.566649
-0.807871,1,2.567815
-6.829884,1,2.568988
-0.352691,1,2.570147
-4.489594,1,2.571308
-2.66775,1,2.572467
-9.843783,1,2.573659
-5.606576,1,2.574805
-7.004081,1,2.575976
-9.685649,1,2.577129
-0.523638,1,2.57829
-3.114964,1,2.579456
-1.010477,1,2.580618
-0.137259,1,2.581774
-0.077745,1,2.582931
-3.418842,1,2.584107
-6.799541,1,2.585325
-0.00229,1,2.58647
-9.339181,1,2.587591
-7.399327,1,2.588683
-9.347559,1,2.589781
-4.375177,1,2.590864
-2.901681,1,2.59197
-4.528285,1,2.59306
-2.667418,1,2.594141
-3.425967,1,2.595234
-3.054947,1,2.596692
-0.006008,1,2.598063
-4.801551,1,2.599441
-0.49333,1,2.600828
-7.792133,1,2.602266
-0.062703,1,2.60372
-1.22339,1,2.605241
-6.434988,1,2.606935
-7.581284,1,2.608465
-0.063929,1,2.610022
-8.989337,1,2.611523
-0.332089,1,2.612767
-1.086355,1,2.613886
-6.289752,1,2.615001
-0.063575,1,2.616139
-8.837264,1,2.617256
-2.202558,1,2.618375
-2.254155,1,2.619503
-0.139878,1,2.620707
-5.771271,1,2.622709
-0.112817,1,2.62416
-0.184943,1,2.625397
-0.217117,1,2.627575
-5.801059,1,2.629119
-2.954954,1,2.630683
-8.175488,1,2.632269
-9.727154,1,2.633841
-5.337883,1,2.635422
-1.791669,1,2.63688
-4.719878,1,2.6387
-1.875166,1,2.639848
-0.592194,1,2.640945
-0.112189,1,2.642058
-5.359962,1,2.64316
-0.196898,1,2.644255
-3.63124,1,2.64534
-0.395504,1,2.646437
-4.417594,1,2.647539
-7.235822,1,2.648643
-0.188136,1,2.64975
-8.443491,1,2.650858
-4.64558,1,2.652144
-6.065114,1,2.653263
-1.518108,1,2.654489
-0.148268,1,2.655619
-2.001665,1,2.656695
-6.263878,1,2.657771
-0.126398,1,2.658872
-7.206159,1,2.659958
-0.348883,1,2.661032
-3.570067,1,2.662108
-0.528047,1,2.663173
-5.551615,1,2.664261
-0.002919,1,2.665335
-3.800553,1,2.666414
-5.452109,1,2.667498
-9.27816,1,2.668632
-5.272378,1,2.669705
-3.599053,1,2.670776
-0.088676,1,2.671856
-9.146312,1,2.672934
-1.421612,1,2.674012
-5.016308,1,2.675097
-2.907422,1,2.676187
-3.43995,1,2.677263
-2.549995,1,2.678333
-0.27127,1,2.679419
-1.767837,1,2.680493
-2.13917,1,2.681577
-3.473676,1,2.68265
-5.180179,1,2.683738
-1.936858,1,2.684813
-1.608226,1,2.685898
-8.218778,1,2.686974
-1.977466,1,2.688068
-0.479625,1,2.689365
-0.208579,1,2.690631
-5.873839,1,2.691728
-4.713508,1,2.692808
-1.9003,1,2.693883
-0.306894,1,2.694964
-2.218208,1,2.696046
-0.641519,1,2.697119
-0.002007,1,2.698197
-0.020841,1,2.699283
-8.740441,1,2.700381
-0.039336,1,2.701454
-1.881596,1,2.702534
-2.035341,1,2.703635
-6.009978,1,2.704713
-4.842611,1,2.705784
-7.276114,1,2.706885
-0.189291,1,2.707969
-9.265712,1,2.709044
-6.494043,1,2.710124
-3.52012,1,2.711411
-2.138774,1,2.712493
-6.822368,1,2.713567
-5.620672,1,2.714639
-0.192022,1,2.716237
-0.050476,1,2.71805
-0.631552,1,2.719627
-1.255551,1,2.721209
-0.012249,1,2.722777
-7.672741,1,2.724383
-0.03576,1,2.725986
-5.723942,1,2.727302
-5.315419,1,2.728554
-2.335143,1,2.729715
-2.582138,1,2.730839
-0.109274,1,2.731977
-3.025968,1,2.733104
-0.09889,1,2.734236
-3.151781,1,2.735367
-0.215541,1,2.736498
-1.701286,1,2.737644
-5.74951,1,2.738832
-0.495344,1,2.739983
-0.974919,1,2.741126
-1.286511,1,2.742249
-8.963099,1,2.743384
-7.332577,1,2.744503
-2.813166,1,2.745636
-7.097968,1,2.746752
-4.048953,1,2.747885
-0.817977,1,2.749012
-2.601773,1,2.750129
-1.295066,1,2.75134
-1.035163,1,2.752466
-2.008037,1,2.753587
-1.33881,1,2.754714
-2.108882,1,2.755845
-0.487918,1,2.75697
-1.809687,1,2.758091
-0.462495,1,2.759215
-6.612809,1,2.760355
-0.068271,1,2.761482
-1.110114,1,2.762616
-1.467751,1,2.763764
-2.756008,1,2.764887
-0.274987,1,2.766037
-3.311375,1,2.767155
-0.061399,1,2.76838
-4.424178,1,2.769504
-4.201995,1,2.770639
-3.32293,1,2.771767
-7.669296,1,2.772896
-4.751973,1,2.774028
-0.486678,1,2.775149
-2.166321,1,2.776282
-7.769632,1,2.777403
-9.523398,1,2.778517
-0.426717,1,2.779655
-9.246966,1,2.780784
-0.005454,1,2.781989
-9.13286,1,2.783141
-1.597541,1,2.784293
-0.071126,1,2.785419
-3.653088,1,2.78654
-0.258217,1,2.787681
-4.552942,1,2.788819
-1.651292,1,2.790028
-1.964468,1,2.791171
-8.562298,1,2.792303
-7.874197,1,2.79342
-0.305014,1,2.794544
-4.851511,1,2.79567
-8.510159,1,2.796795
-0.503074,1,2.797936
-9.153661,1,2.799046
-8.96346,1,2.800186
-6.642183,1,2.801409
-0.628551,1,2.802603
-6.205815,1,2.80374
-0.012028,1,2.804867
-1.268737,1,2.806013
-0.51848,1,2.80713
-0.307126,1,2.80827
-1.575534,1,2.80938
-0.292879,1,2.810491
-0.070632,1,2.811622
-0.995191,1,2.813133
-0.087917,1,2.814638
-3.115262,1,2.816488
-2.299257,1,2.818207
-6.740773,1,2.81974
-2.901424,1,2.820841
-0.062705,1,2.821963
-0.237008,1,2.823086
-1.896925,1,2.824209
-0.153569,1,2.825327
-0.789598,1,2.826454
-9.513287,1,2.827577
-8.225378,1,2.828701
-1.768055,1,2.829822
-2.233855,1,2.830914
-8.66992,1,2.832146
-3.297628,1,2.833311
-1.676437,1,2.834468
-7.742519,1,2.835646
-0.45458,1,2.836808
-0.515595,1,2.837996
-3.832481,1,2.839138
-6.238797,1,2.840308
-5.41719,1,2.841402
-3.532553,1,2.84249
-0.064566,1,2.843582
-0.68761,1,2.844676
-3.39648,1,2.845787
-9.255421,1,2.846863
-0.184517,1,2.847967
-5.608582,1,2.849059
-0.094448,1,2.850169
-7.975404,1,2.851716
-0.193519,1,2.852835
-2.195925,1,2.853923
-2.825563,1,2.855005
-2.545524,1,2.856105
-8.839135,1,2.8572
-0.313316,1,2.858294
-0.244034,1,2.85939
-0.753578,1,2.860473
-0.415871,1,2.861572
-0.862222,1,2.862648
-1.359426,1,2.863754
-1.614786,1,2.86495
-4.347349,1,2.866088
-8.067575,1,2.867217
-0.058246,1,2.868392
-5.007264,1,2.869524
-2.435335,1,2.870652
-2.578335,1,2.871792
-6.217084,1,2.872919
-3.11655,1,2.873982
-1.565874,1,2.875057
-3.769138,1,2.876141
-0.336949,1,2.877224
-0.700253,1,2.878291
-1.192939,1,2.879383
-0.471289,1,2.880474
-7.490696,1,2.881573
-3.942405,1,2.882704
-8.744854,1,2.883829
-0.017496,1,2.885041
-0.079066,1,2.886235
-5.885583,1,2.887382
-1.307523,1,2.888516
-0.153777,1,2.889641
-9.515417,1,2.890752
-8.799116,1,2.891815
-7.769134,1,2.892914
-2.290654,1,2.894009
-0.070337,1,2.8951
-4.281961,1,2.896187
-5.257537,1,2.897255
-3.689037,1,2.898338
-0.598216,1,2.899425
-1.8407,1,2.900525
-0.270279,1,2.901658
-1.670029,1,2.902749
-7.694334,1,2.903848
-3.295939,1,2.904941
-8.945662,1,2.906026
-1.042671,1,2.907122
-8.230429,1,2.9082
-8.807028,1,2.909286
-5.027009,1,2.910363
-2.264049,1,2.911457
-2.148624,1,2.912532
-2.288819,1,2.913606
-4.148693,1,2.914687
-4.966934,1,2.915786
-2.827031,1,2.916871
-0.695305,1,2.917991
-3.525662,1,2.919064
-5.235638,1,2.920152
-5.990652,1,2.92123
-2.335129,1,2.922298
-0.941811,1,2.923395
-6.845984,1,2.924476
-0.402358,1,2.925573
-0.02822,1,2.926697
-1.889066,1,2.927801
-9.227769,1,2.928895
-1.017324,1,2.929985
-5.108845,1,2.931069
-0.073885,1,2.932176
-0.197969,1,2.933275
-0.085639,1,2.934358
-4.403006,1,2.935465
-3.318422,1,2.936545
-4.64245,1,2.937624
-0.016982,1,2.938699
-7.079885,1,2.939808
-0.2035,1,2.940912
-3.210327,1,2.942049
-8.679091,1,2.943175
-0.070765,1,2.944299
-2.797896,1,2.94544
-0.647253,1,2.946558
-4.796563,1,2.947731
-1.028089,1,2.948861
-1.484729,1,2.949991
-0.103803,1,2.951211
-2.767913,1,2.95234
-2.616983,1,2.953468
-0.812893,1,2.954869
-0.915527,1,2.955998
-3.588057,1,2.957146
-2.331865,1,2.958227
-6.603761,1,2.959329
-6.58136,1,2.96129
-0.183316,1,2.962829
-0.48805,1,2.964354
-0.38254,1,2.965906
-9.363564,1,2.967479
-3.396302,1,2.968729
-0.96378,1,2.969871
-8.604011,1,2.971004
-7.229331,1,2.972142
-0.779723,1,2.973325
-2.932493,1,2.974487
-0.959876,1,2.97565
-0.062016,1,2.976786
-7.864043,1,2.977911
-1.084767,1,2.97904
-3.143037,1,2.98018
-0.318417,1,2.981318
-0.365273,1,2.982462
-0.505448,1,2.983601
-4.569089,1,2.984735
-6.496033,1,2.985859
-3.373622,1,2.986978
-5.257586,1,2.988108
-2.420923,1,2.989254
-4.070282,1,2.990398
-8.782837,1,2.991532
-4.518073,1,2.992664
-2.813267,1,2.993788
-0.226117,1,2.994908
-9.026368,1,2.996041
-0.086845,1,2.997166
-1.256112,1,2.998295
-5.05479,1,2.999461
-0.589726,1,3.000548
-0.443944,1,3.001627
-0.395588,1,3.002693
-0.729112,1,3.003799
-8.635996,1,3.004882
-5.90551,1,3.006138
-1.572494,1,3.007223
-6.42144,1,3.008316
-8.411649,1,3.009392
-3.786189,1,3.010475
-3.734491,1,3.011648
-1.055007,1,3.012709
-4.261847,1,3.013793
-6.91262,1,3.014881
-0.428609,1,3.01597
-7.564284,1,3.017061
-3.843833,1,3.018155
-0.122956,1,3.019258
-7.516862,1,3.020357
-8.550738,1,3.021572
-1.820407,1,3.022683
-8.567811,1,3.023797
-2.052549,1,3.024892
-0.928847,1,3.02599
-6.130737,1,3.02709
-7.565044,1,3.028215
-0.166402,1,3.029359
-3.481147,1,3.030457
-4.101177,1,3.031567
-4.74023,1,3.032644
-3.855322,1,3.033729
-9.796022,1,3.034812
-1.019587,1,3.035944
-2.147458,1,3.037036
-9.649298,1,3.038167
-0.168843,1,3.039273
-1.877773,1,3.040403
-0.054306,1,3.041515
-0.072207,1,3.042623
-0.302346,1,3.043801
-6.252624,1,3.044868
-0.020168,1,3.045982
-5.544673,1,3.047081
-7.353687,1,3.048189
-8.194708,1,3.049292
-0.138008,1,3.050397
-8.281831,1,3.051514
-2.273245,1,3.052631
-0.186025,1,3.053759
-1.065597,1,3.05484
-4.201006,1,3.055972
-1.044935,1,3.057072
-8.035539,1,3.058174
-0.101512,1,3.059273
-7.503744,1,3.060403
-0.020016,1,3.061538
-0.106804,1,3.062637
-4.459424,1,3.063769
-4.176376,1,3.06487
-8.79188,1,3.065971
-6.343902,1,3.067075
-8.925215,1,3.068206
-0.059601,1,3.069332
-0.105518,1,3.070431
-8.857595,1,3.071543
-1.533606,1,3.072651
-6.947265,1,3.073763
-1.11115,1,3.074867
-0.379397,1,3.075983
-4.971776,1,3.077064
-0.128374,1,3.078151
-9.265012,1,3.079242
-4.449516,1,3.080364
-9.37363,1,3.081449
-3.909465,1,3.082531
-1.097271,1,3.083642
-0.078293,1,3.084762
-6.617115,1,3.08633
-1.65972,1,3.087804
-0.072821,1,3.089261
-1.84766,1,3.090793
-0.233518,1,3.092265
-4.277796,1,3.093489
-6.36579,1,3.094723
-2.421306,1,3.095951
-7.738516,1,3.103441
-1.244063,1,3.10468
-0.493745,1,3.105962
-1.884843,1,3.107239
-0.2602,1,3.108603
-9.357263,1,3.110154
-4.151997,1,3.111395
-0.148666,1,3.112626
-1.585188,1,3.113867
-2.242693,1,3.115096
-0.375245,1,3.116253
-1.296321,1,3.11739
-2.210029,1,3.118801
-1.436798,1,3.120375
-6.734337,1,3.121996
-0.450811,1,3.123573
-3.565976,1,3.125132
-0.039542,1,3.126672
-9.166359,1,3.128232
-7.731843,1,3.129813
-0.669796,1,3.131391
-0.06185,1,3.132901
-5.223873,1,3.134337
-3.032572,1,3.135859
-7.704858,1,3.137299
-0.226199,1,3.138744
-3.348735,1,3.140215
-0.917279,1,3.141683
-0.060343,1,3.142902
-2.700703,1,3.144173
-3.01031,1,3.145447
-6.196255,1,3.146738
-5.978843,1,3.148
-1.038373,1,3.149163
-1.461662,1,3.150283
-7.448754,1,3.151443
-4.139413,1,3.152604
-9.570484,1,3.15375
-0.066665,1,3.154898
-9.421926,1,3.156055
-0.083793,1,3.157214
-0.404265,1,3.15833
-4.786295,1,3.159469
-5.543796,1,3.160589
-0.109095,1,3.161705
-5.918282,1,3.162822
-0.023489,1,3.163955
-1.722864,1,3.16508
-0.10855,1,3.166201
-2.627281,1,3.1675
-2.202566,1,3.168755
-0.378385,1,3.169989
-6.460142,1,3.171226
-1.691902,1,3.172473
-6.41883,1,3.173703
-6.224388,1,3.174936
-9.316767,1,3.17627
-0.074729,1,3.177592
-2.147867,1,3.178907
-5.123462,1,3.180234
-2.577878,1,3.181561
-6.423273,1,3.182867
-0.846774,1,3.184184
-6.308906,1,3.185405
-2.519543,1,3.186681
-0.716261,1,3.187958
-5.002866,1,3.189238
-4.911553,1,3.190493
-0.022309,1,3.191785
-3.159138,1,3.193023
-0.964955,1,3.194247
-6.400867,1,3.195487
-4.818321,1,3.196729
-0.098873,1,3.197966
-1.920485,1,3.199205
-1.062349,1,3.200435
-3.199787,1,3.201663
-0.028828,1,3.202891
-0.133407,1,3.204775
-3.255367,1,3.206288
-0.913151,1,3.20778
-0.224549,1,3.209407
-0.411527,1,3.211026
-0.517178,1,3.212702
-7.781518,1,3.214241
-0.580928,1,3.21581
-7.891867,1,3.217375
-6.433031,1,3.21895
-0.368672,1,3.220545
-1.475955,1,3.222073
-0.745729,1,3.223573
-7.553583,1,3.225077
-3.388559,1,3.226254
-1.004514,1,3.227479
-0.236017,1,3.228704
-0.059655,1,3.229907
-0.081989,1,3.231112
-2.677764,1,3.232324
-0.050479,1,3.233531
-4.711177,1,3.234745
-2.947691,1,3.235866
-0.927956,1,3.236975
-1.595622,1,3.238082
-0.356663,1,3.239188
-1.855747,1,3.240304
-9.554167,1,3.241413
-8.218539,1,3.242514
-0.014633,1,3.243628
-2.152469,1,3.244735
-3.610073,1,3.245851
-4.240935,1,3.246956
-7.994229,1,3.248121
-3.127998,1,3.249223
-9.241786,1,3.250334
-3.887706,1,3.251453
-8.291849,1,3.252578
-1.483381,1,3.253695
-2.368011,1,3.254801
-2.14169,1,3.255918
-4.27731,1,3.257026
-3.136167,1,3.258128
-1.061894,1,3.25926
-5.67872,1,3.260366
-0.127388,1,3.261839
-8.461042,1,3.263364
-5.789038,1,3.264889
-2.743736,1,3.266345
-5.659435,1,3.267963
-1.256559,1,3.269501
-2.250989,1,3.270869
-0.631557,1,3.272097
-7.410241,1,3.273335
-0.149051,1,3.274537
-5.35648,1,3.275753
-1.776527,1,3.277008
-4.185176,1,3.27822
-0.521929,1,3.279463
-7.64979,1,3.28057
-1.426419,1,3.281669
-6.471949,1,3.282766
-7.667859,1,3.283879
-8.690887,1,3.285011
-3.514527,1,3.286108
-2.642349,1,3.287204
-4.107449,1,3.288315
-9.864753,1,3.28941
-8.264936,1,3.290505
-3.335985,1,3.291613
-1.224797,1,3.292701
-7.01502,1,3.293829
-5.372728,1,3.294974
-0.854899,1,3.296087
-5.661241,1,3.297214
-1.605199,1,3.298323
-2.29782,1,3.29944
-2.597559,1,3.30056
-1.257511,1,3.301693
-1.052509,1,3.302804
-0.98709,1,3.30401
-2.810695,1,3.305117
-8.572473,1,3.306212
-2.892868,1,3.307331
-5.641012,1,3.308436
-9.176757,1,3.30954
-0.366898,1,3.310651
-0.054594,1,3.311769
-0.047542,1,3.312897
-1.27947,1,3.314002
-4.385677,1,3.315114
-5.352762,1,3.31623
-4.678282,1,3.317348
-0.730912,1,3.31848
-5.143277,1,3.319589
-8.762177,1,3.320701
-0.462856,1,3.321899
-8.28755,1,3.323097
-0.071998,1,3.324311
-0.388996,1,3.325418
-8.868841,1,3.326575
-1.26964,1,3.3277
-9.57216,1,3.328807
-4.004528,1,3.32993
-2.928017,1,3.331036
-5.295815,1,3.332193
-0.013598,1,3.333316
-0.513864,1,3.334454
-0.055731,1,3.335622
-4.003285,1,3.336756
-0.902422,1,3.337889
-4.281616,1,3.339037
-3.352093,1,3.34049
-8.911963,1,3.342017
-2.320783,1,3.343495
-3.211854,1,3.344956
-2.486473,1,3.34641
-6.85832,1,3.347836
-0.765356,1,3.348988
-1.874547,1,3.350191
-0.004827,1,3.351393
-9.912193,1,3.352676
-9.605401,1,3.353873
-5.56942,1,3.355067
-3.901174,1,3.356259
-0.069442,1,3.357439
-3.308683,1,3.35857
-0.110592,1,3.359682
-0.959035,1,3.360787
-0.279308,1,3.361878
-1.066656,1,3.362977
-4.64042,1,3.364091
-4.984784,1,3.365183
-1.441115,1,3.36629
-3.119551,1,3.367415
-0.638191,1,3.368516
-0.218236,1,3.369612
-7.153493,1,3.370711
-0.226538,1,3.37204
-2.338976,1,3.373256
-6.555959,1,3.37439
-0.170097,1,3.37551
-3.232278,1,3.376629
-2.668916,1,3.37774
-4.688048,1,3.378859
-6.447143,1,3.379975
-0.001332,1,3.381093
-8.332676,1,3.382216
-4.678419,1,3.383368
-5.744599,1,3.384504
-3.403929,1,3.385623
-8.522119,1,3.386733
-0.216047,1,3.387863
-3.491719,1,3.389002
-0.03898,1,3.390205
-7.669699,1,3.391341
-3.302272,1,3.39245
-2.344068,1,3.393559
-9.792286,1,3.394666
-0.062098,1,3.395789
-8.88589,1,3.396924
-7.527079,1,3.398023
-0.230594,1,3.399161
-1.709562,1,3.40026
-0.221156,1,3.401362
-4.180502,1,3.402454
-7.061821,1,3.403577
-8.231223,1,3.404688
-0.455827,1,3.405798
-0.128314,1,3.407552
-1.095822,1,3.409437
-8.799688,1,3.411075
-3.436856,1,3.412726
-0.974207,1,3.414372
-8.986404,1,3.415949
-0.409016,1,3.417295
-0.126481,1,3.418536
-4.786834,1,3.419693
-9.604778,1,3.420891
-3.02528,1,3.422124
-5.672943,1,3.423276
-9.6253,1,3.424568
-7.155998,1,3.425715
-3.162369,1,3.42688
-0.95733,1,3.428052
-2.749739,1,3.429229
-2.872412,1,3.430357
-5.356453,1,3.431509
-0.584027,1,3.432661
-0.598566,1,3.433814
-4.814693,1,3.435055
-0.711058,1,3.436204
-9.842878,1,3.437339
-2.481232,1,3.438437
-0.943484,1,3.439594
-0.135043,1,3.440741
-3.825744,1,3.441899
-9.407359,1,3.443039
-1.579132,1,3.444184
-6.858858,1,3.445359
-0.382581,1,3.446514
-1.282409,1,3.447677
-2.280534,1,3.448825
-6.738682,1,3.449974
-6.197434,1,3.451119
-0.907756,1,3.452345
-1.748665,1,3.45351
-3.88387,1,3.454641
-0.625134,1,3.455806
-1.149134,1,3.456945
-1.783918,1,3.458093
-2.809827,1,3.45924
-1.748774,1,3.460404
-0.351531,1,3.461579
-3.69739,1,3.462711
-0.091457,1,3.463859
-1.870477,1,3.46501
-9.308137,1,3.466154
-0.211043,1,3.467313
-8.406834,1,3.468587
-7.507788,1,3.469749
-0.105839,1,3.470898
-0.785592,1,3.472061
-5.110128,1,3.473199
-5.106081,1,3.474343
-0.535822,1,3.475497
-7.870814,1,3.476655
-2.13402,1,3.477831
-3.778525,1,3.47901
-3.301767,1,3.480494
-3.010602,1,3.481622
-6.658226,1,3.482722
-3.36875,1,3.483893
-8.043188,1,3.485224
-3.437499,1,3.486396
-8.599986,1,3.487556
-0.209049,1,3.488708
-0.646882,1,3.489857
-2.537195,1,3.490998
-0.73586,1,3.492159
-1.11121,1,3.493326
-1.99195,1,3.494472
-1.92402,1,3.495666
-3.117633,1,3.496808
-4.225863,1,3.497953
-9.683594,1,3.499099
-0.040298,1,3.500264
-1.61312,1,3.501435
-5.752853,1,3.502979
-2.528384,1,3.504441
-1.46706,1,3.505924
-7.534802,1,3.507409
-9.189345,1,3.508941
-0.973211,1,3.51046
-0.657833,1,3.511708
-0.70359,1,3.513042
-0.140298,1,3.514322
-0.330895,1,3.515604
-8.587212,1,3.516849
-1.988166,1,3.517969
-1.676033,1,3.519093
-9.093253,1,3.520184
-0.301326,1,3.521308
-9.803335,1,3.522437
-0.412533,1,3.523705
-8.383531,1,3.524951
-1.806116,1,3.526165
-3.562241,1,3.527309
-5.515005,1,3.528413
-8.985544,1,3.529511
-3.557602,1,3.530607
-9.759075,1,3.531725
-3.203143,1,3.532818
-7.028711,1,3.53391
-6.666752,1,3.535
-1.305083,1,3.536156
-9.013317,1,3.537264
-1.889975,1,3.538375
-0.196564,1,3.539489
-1.005952,1,3.540606
-0.038638,1,3.541714
-0.150566,1,3.542816
-1.158131,1,3.543938
-5.764415,1,3.544991
-4.207682,1,3.546078
-0.319421,1,3.547161
-6.987813,1,3.548256
-1.579019,1,3.549368
-0.123882,1,3.55044
-5.374802,1,3.551533
-4.533653,1,3.552689
-0.762162,1,3.553835
-0.172939,1,3.55494
-0.887852,1,3.556085
-4.441136,1,3.557245
-6.059566,1,3.558367
-7.613021,1,3.559486
-1.228443,1,3.560601
-1.620978,1,3.561712
-5.775358,1,3.562768
-7.881117,1,3.563882
-0.275061,1,3.564989
-3.097536,1,3.5661
-9.470672,1,3.56718
-5.332675,1,3.568274
-1.109043,1,3.569428
-3.557666,1,3.570528
-2.115758,1,3.57162
-5.65558,1,3.572718
-2.308045,1,3.573844
-0.116948,1,3.574919
-0.542853,1,3.57602
-0.052917,1,3.577112
-7.371738,1,3.578207
-0.225555,1,3.579309
-3.980955,1,3.580402
-1.893604,1,3.58152
-0.300009,1,3.582594
-2.333309,1,3.583687
-0.051632,1,3.584779
-8.508894,1,3.585929
-0.083447,1,3.587026
-0.506149,1,3.588135
-6.710323,1,3.589257
-2.535275,1,3.590335
-8.546557,1,3.591429
-0.048813,1,3.592532
-2.457449,1,3.593626
-0.73784,1,3.594718
-1.581339,1,3.595825
-0.337333,1,3.596915
-0.104713,1,3.598029
-0.305029,1,3.599151
-1.069032,1,3.600229
-0.006809,1,3.601313
-2.459744,1,3.6024
-7.137111,1,3.603515
-0.005197,1,3.604609
-1.556352,1,3.605708
-6.784083,1,3.606799
-9.518995,1,3.607901
-4.081778,1,3.608984
-0.000813,1,3.610077
-6.518599,1,3.611168
-2.106005,1,3.612273
-0.526894,1,3.613364
-1.657877,1,3.61444
-2.545547,1,3.615534
-0.482032,1,3.616621
-0.397036,1,3.617703
-8.723426,1,3.618785
-3.856808,1,3.619901
-6.640494,1,3.621078
-6.496883,1,3.622245
-0.129125,1,3.623446
-3.273223,1,3.624579
-0.084768,1,3.625692
-4.743791,1,3.626803
-1.01505,1,3.627944
-2.503151,1,3.629098
-2.297698,1,3.630281
-9.083561,1,3.631381
-0.358991,1,3.632474
-0.038499,1,3.633563
-3.00489,1,3.634651
-8.362851,1,3.635749
-3.641905,1,3.636858
-2.533669,1,3.637932
-1.031799,1,3.63905
-0.124026,1,3.64015
-7.212957,1,3.641244
-5.740613,1,3.642328
-0.099059,1,3.643422
-5.868064,1,3.644505
-1.373981,1,3.645598
-1.469513,1,3.646694
-1.932061,1,3.647805
-8.605153,1,3.648901
-4.046626,1,3.649998
-0.607323,1,3.651096
-0.598216,1,3.652215
-1.072502,1,3.653332
-5.014385,1,3.65444
-8.942797,1,3.655727
-0.036274,1,3.657152
-0.666506,1,3.658254
-5.721567,1,3.659353
-5.466046,1,3.660444
-0.487099,1,3.661556
-9.441508,1,3.662657
-2.7308,1,3.663776
-8.106716,1,3.664875
-7.795614,1,3.665968
-6.127496,1,3.667069
-0.460214,1,3.668186
-4.502246,1,3.669472
-0.233209,1,3.670563
-3.16675,1,3.671675
-1.756229,1,3.672769
-6.054993,1,3.673867
-7.731585,1,3.674961
-0.350651,1,3.676065
-4.761864,1,3.677162
-0.211921,1,3.678264
-4.897774,1,3.679385
-2.799532,1,3.680472
-0.988911,1,3.681578
-1.902446,1,3.68271
-1.476029,1,3.68379
-2.575174,1,3.685116
-5.427808,1,3.68627
-0.849896,1,3.687351
-8.095112,1,3.688428
-4.242855,1,3.689515
-0.764841,1,3.690599
-5.859263,1,3.691694
-2.745954,1,3.692791
-5.073398,1,3.694041
-3.82255,1,3.695226
-2.91244,1,3.696441
-1.065336,1,3.697636
-5.703243,1,3.698833
-4.036083,1,3.700025
-9.053286,1,3.701232
-1.074697,1,3.702297
-1.877351,1,3.703392
-6.913617,1,3.704497
-0.188677,1,3.70559
-0.201358,1,3.706712
-3.030656,1,3.707825
-1.406548,1,3.708957
-7.195544,1,3.710154
-9.552155,1,3.711237
-0.042184,1,3.712334
-9.0992,1,3.713437
-9.221586,1,3.714522
-8.105059,1,3.715636
-1.462013,1,3.716735
-7.56253,1,3.717826
-3.533409,1,3.71892
-0.10442,1,3.720031
-1.567087,1,3.72113
-1.097239,1,3.722222
-1.218989,1,3.723333
-1.015222,1,3.724414
-3.795079,1,3.725526
-0.24944,1,3.726652
-2.983808,1,3.727812
-2.312187,1,3.728926
-5.219368,1,3.730041
-3.863579,1,3.731151
-0.145572,1,3.732273
-3.030883,1,3.733383
-0.75373,1,3.734504
-0.443019,1,3.735637
-2.001342,1,3.736753
-0.157513,1,3.737862
-6.53656,1,3.738978
-0.460183,1,3.740099
-0.675901,1,3.741214
-3.547,1,3.742325
-0.560993,1,3.743449
-2.806663,1,3.744564
-0.996631,1,3.745677
-1.443543,1,3.746797
-9.822252,1,3.747921
-3.268018,1,3.749065
-8.600093,1,3.751801
-2.445323,1,3.752911
-9.827674,1,3.754017
-5.63514,1,3.755295
-1.699638,1,3.756665
-0.205053,1,3.757861
-2.529206,1,3.758976
-1.891103,1,3.760101
-0.439257,1,3.761221
-0.785323,1,3.762337
-1.349967,1,3.763463
-0.067318,1,3.764585
-3.83834,1,3.765701
-1.269886,1,3.766831
-1.950902,1,3.767956
-4.443023,1,3.769146
-0.522795,1,3.770292
-0.166291,1,3.771424
-0.088092,1,3.772543
-3.491366,1,3.773667
-4.12131,1,3.774787
-4.370458,1,3.775919
-0.817016,1,3.777035
-3.880851,1,3.778156
-0.503404,1,3.779233
-1.005599,1,3.780362
-4.8551,1,3.78147
-8.033849,1,3.782582
-4.136773,1,3.783716
-0.580236,1,3.784831
-4.884384,1,3.785939
-2.506964,1,3.787059
-1.626744,1,3.788179
-5.442323,1,3.789335
-8.500432,1,3.790446
-0.560517,1,3.791574
-4.20415,1,3.792686
-0.051657,1,3.793805
-2.400371,1,3.794925
-4.369508,1,3.796061
-5.469125,1,3.797174
-0.92336,1,3.798292
-0.011202,1,3.799433
-6.422349,1,3.800559
-1.823855,1,3.801683
-0.150947,1,3.802911
-9.667607,1,3.804042
-1.172137,1,3.805155
-4.688418,1,3.806277
-0.571496,1,3.8074
-5.796154,1,3.808514
-3.299923,1,3.809626
-2.034274,1,3.810747
-0.162677,1,3.811895
-0.840328,1,3.81302
-0.209222,1,3.814153
-6.922649,1,3.815512
-1.150856,1,3.816804
-0.516565,1,3.818234
-5.672771,1,3.819501
-1.591616,1,3.820657
-5.454877,1,3.821763
-1.767204,1,3.822881
-6.487738,1,3.824053
-0.010113,1,3.825171
-0.458622,1,3.826277
-0.63697,1,3.827413
-0.821272,1,3.828537
-3.495449,1,3.829676
-8.781714,1,3.830816
-1.878748,1,3.831994
-2.079345,1,3.833126
-1.221564,1,3.834253
-2.920971,1,3.83538
-0.351423,1,3.836507
-0.054557,1,3.837642
-7.275323,1,3.838815
-1.277947,1,3.839993
-0.572696,1,3.841134
-3.168666,1,3.842257
-3.734235,1,3.843386
-0.841065,1,3.844508
-0.055642,1,3.845637
-1.957935,1,3.846775
-1.641397,1,3.847952
-2.668558,1,3.849117
-4.875304,1,3.850273
-1.935475,1,3.851451
-0.115693,1,3.852614
-0.404487,1,3.853808
-8.582232,1,3.854976
-8.532672,1,3.856159
-4.038633,1,3.857283
-7.263445,1,3.858429
-2.900592,1,3.859554
-3.198753,1,3.860677
-6.751658,1,3.861812
-1.000966,1,3.863023
-8.925461,1,3.864204
-3.598113,1,3.86534
-2.629317,1,3.866741
-0.225435,1,3.867892
-7.344202,1,3.869029
-7.92451,1,3.870193
-1.221303,1,3.871344
-6.738638,1,3.872598
-2.441188,1,3.873845
-4.600759,1,3.87506
-1.589367,1,3.876239
-3.088653,1,3.877417
-0.376738,1,3.878579
-3.614148,1,3.879848
-0.373565,1,3.880984
-0.060447,1,3.882277
-1.693767,1,3.883578
-1.291492,1,3.884874
-6.870822,1,3.886288
-7.761324,1,3.887575
-6.713958,1,3.889094
-1.59054,1,3.890658
-4.350596,1,3.892191
-5.54847,1,3.893941
-0.157915,1,3.895591
-6.795045,1,3.897137
-0.064815,1,3.898646
-0.7668,1,3.900096
-0.503554,1,3.901555
-1.399691,1,3.902989
-1.550479,1,3.90452
-6.298913,1,3.905889
-3.049057,1,3.907022
-3.730807,1,3.908116
-4.560919,1,3.909239
-4.167134,1,3.910332
-0.096256,1,3.91142
-0.446787,1,3.912496
-1.088656,1,3.913566
-0.199233,1,3.914657
-6.031731,1,3.915692
-0.976793,1,3.916755
-0.01911,1,3.917866
-5.261976,1,3.918934
-6.476137,1,3.920022
-3.341725,1,3.921095
-1.557114,1,3.922167
-0.116477,1,3.923256
-0.085847,1,3.924327
-0.537876,1,3.925406
-5.400287,1,3.926531
-3.443991,1,3.927637
-0.399924,1,3.928733
-1.74224,1,3.92981
-0.427747,1,3.930879
-3.272134,1,3.93194
-0.293904,1,3.933049
-0.41599,1,3.934088
-2.862992,1,3.93516
-3.157126,1,3.936305
-0.761348,1,3.937402
-6.147198,1,3.938498
-4.450741,1,3.939636
-1.651828,1,3.940753
-0.23342,1,3.941896
-1.428221,1,3.943008
-1.273002,1,3.944136
-9.199864,1,3.945265
-0.284633,1,3.946381
-0.132867,1,3.947518
-0.045745,1,3.948645
-0.202078,1,3.949774
-0.837594,1,3.950904
-0.559722,1,3.952029
-1.670763,1,3.953179
-4.347733,1,3.954305
-6.408549,1,3.955446
-0.525205,1,3.956571
-5.021793,1,3.957701
-0.538277,1,3.958834
-0.344599,1,3.959965
-0.519771,1,3.9611
-0.722207,1,3.962226
-5.906739,1,3.963361
-9.175089,1,3.964494
-0.623447,1,3.965618
-0.231107,1,3.966752
-0.497805,1,3.967884
-0.11867,1,3.969013
-6.716545,1,3.970137
-2.343769,1,3.971255
-0.053074,1,3.972394
-0.0173,1,3.973527
-1.659696,1,3.974656
-0.870156,1,3.975789
-0.173438,1,3.976919
-8.264141,1,3.978046
-1.613692,1,3.979167
-0.053408,1,3.980303
-3.993259,1,3.981424
-0.878973,1,3.982548
-8.403987,1,3.983687
-3.869817,1,3.984809
-4.120799,1,3.985926
-0.578397,1,3.987046
-1.085872,1,3.988172
-3.574437,1,3.989318
-0.03166,1,3.990444
-0.431483,1,3.991576
-5.47225,1,3.992701
-2.050988,1,3.993819
-0.066104,1,3.994942
-1.851285,1,3.996079
-1.333439,1,3.997208
-1.109005,1,3.998325
-6.110044,1,3.999464
-1.749144,1,4.00061
-3.577354,1,4.001712
-9.637833,1,4.002821
-5.505696,1,4.003939
-9.52504,1,4.005085
-0.039966,1,4.00619
-6.012166,1,4.007352
-0.880399,1,4.008413
-2.791385,1,4.009516
-0.93642,1,4.010614
-2.927501,1,4.011738
-0.217561,1,4.012847
-0.089234,1,4.013947
-0.800704,1,4.015049
-6.728498,1,4.016218
-0.057322,1,4.017349
-5.969216,1,4.018464
-0.249097,1,4.019656
-9.807312,1,4.020786
-0.408402,1,4.021906
-0.255876,1,4.023017
-9.619961,1,4.024159
-3.135699,1,4.025288
-0.153889,1,4.026403
-9.198892,1,4.027544
-2.106111,1,4.028667
-1.308435,1,4.029779
-7.72244,1,4.030899
-3.495138,1,4.032036
-9.122427,1,4.033161
-0.250352,1,4.034281
-6.622957,1,4.035411
-3.8313,1,4.03659
-4.575717,1,4.037694
-3.146758,1,4.038797
-3.423275,1,4.039927
-1.236544,1,4.041054
-8.801973,1,4.042176
-0.646324,1,4.043297
-1.900116,1,12.349045
-1.896403,1,12.350531
-2.032853,1,12.352076
-1.067028,1,12.354458
-0.273746,1,12.356628
-9.586752,1,12.358696
-2.727218,1,12.360514
-0.250102,1,12.362446
-1.074092,1,12.364403
-0.286255,1,12.366098
-2.482707,1,12.367986
-2.76361,1,12.369568
-0.063296,1,12.371339
-1.344422,1,12.372942
-4.911546,1,12.374816
-7.836695,1,12.37669
-8.427967,1,12.378552
-4.207072,1,12.380396
-6.567027,1,12.382424
-0.130751,1,12.384382
-0.398108,1,12.386201
-3.550169,1,12.388068
-4.285616,1,12.389998
-0.177168,1,12.39189
-8.213528,1,12.393723
-0.112439,1,12.395545
-0.450803,1,12.397508
-6.992591,1,12.399512
-1.683016,1,12.401612
-2.633473,1,12.403054
-1.014353,1,12.404757
-1.732621,1,12.406591
-0.146875,1,12.408464
-2.55472,1,12.410277
-0.144977,1,12.412047
-4.82593,1,12.413783
-4.462517,1,12.415536
-0.49048,1,12.416997
-5.913124,1,12.418262
-2.759132,1,12.419533
-0.271542,1,12.420843
-1.279068,1,12.422516
-8.379028,1,12.424273
-1.133836,1,12.426184
-0.071718,1,12.427853
-5.804721,1,12.429605
-0.231744,1,12.43138
-0.752998,1,12.433106
-2.381854,1,12.434897
-9.557395,1,12.436502
-1.175925,1,12.437818
-0.043639,1,12.439126
-1.518381,1,12.440414
-2.561343,1,12.441685
-4.544342,1,12.442982
-2.562416,1,12.444208
-4.19816,1,12.445542
-0.979399,1,12.447069
-0.356699,1,12.448898
-1.815607,1,12.450743
-6.350029,1,12.452482
-8.746955,1,12.454146
-8.582894,1,12.456097
-4.150984,1,12.457273
-2.37892,1,12.458512
-0.016582,1,12.459762
-2.132871,1,12.460993
-8.389584,1,12.462577
-0.235908,1,12.46517
-8.16568,1,12.467647
-2.464525,1,12.469613
-9.444349,1,12.471365
-7.7872,1,12.473116
-0.158163,1,12.474713
-5.489743,1,12.476398
-4.88107,1,12.47775
-7.351771,1,12.479062
-2.212148,1,12.480445
-1.533593,1,12.481744
-4.308391,1,12.483068
-7.580215,1,12.484425
-1.919438,1,12.48563
-1.836132,1,12.486821
-4.913305,1,12.488026
-0.66281,1,12.489177
-3.043551,1,12.490356
-1.969596,1,12.491548
-4.267418,1,12.492846
-0.159557,1,12.494143
-4.988334,1,12.495342
-5.402573,1,12.496545
-0.008759,1,12.497739
-2.333646,1,12.49894
-8.546192,1,12.500145
-3.450351,1,12.501359
-3.734812,1,12.50257
-0.006637,1,12.503778
-3.295865,1,12.504984
-3.174139,1,12.506228
-8.216511,1,12.507451
-0.083423,1,12.508654
-0.117393,1,12.509929
-0.446164,1,12.511132
-7.80865,1,12.512343
-0.092426,1,12.513548
-4.095141,1,12.51472
-0.561958,1,12.515933
-2.230311,1,12.517138
-9.531371,1,12.518771
-1.795349,1,12.520065
-0.269659,1,12.521285
-0.204859,1,12.522495
-1.21651,1,12.523712
-3.131002,1,12.524951
-6.523865,1,12.526269
-1.816884,1,12.527546
-0.51799,1,12.528945
-0.110233,1,12.530304
-0.069159,1,12.531566
-5.872717,1,12.532791
-9.552123,1,12.534005
-4.31215,1,12.535209
-4.15017,1,12.536681
-2.873647,1,12.537895
-6.015097,1,12.539114
-1.369372,1,12.540361
-9.282977,1,12.541595
-0.07435,1,12.542929
-5.019944,1,12.544189
-0.083394,1,12.545619
-8.372523,1,12.546938
-2.642327,1,12.548163
-6.958085,1,12.549402
-7.780075,1,12.550651
-2.883092,1,12.551889
-0.714325,1,12.553119
-1.617281,1,12.554348
-0.46178,1,12.555591
-3.61609,1,12.55681
-0.399828,1,12.558061
-3.064847,1,12.5594
-7.643197,1,12.560658
-0.588082,1,12.561888
-3.703889,1,12.563133
-6.229892,1,12.564381
-0.002283,1,12.565632
-0.43305,1,12.566888
-0.64268,1,12.56812
-0.097108,1,12.569376
-8.508745,1,12.570619
-1.375524,1,12.571876
-0.030663,1,12.573126
-1.333265,1,12.574386
-8.195098,1,12.575647
-6.267414,1,12.57694
-1.224624,1,12.578173
-2.840426,1,12.579397
-1.211515,1,12.580656
-9.220262,1,12.581888
-2.680886,1,12.583153
-7.663803,1,12.584412
-0.12022,1,12.585639
-1.16651,1,12.586912
-0.213894,1,12.588173
-1.947081,1,12.589411
-0.156921,1,12.590655
-0.908732,1,12.591907
-0.197372,1,12.593166
-0.090522,1,12.59441
-0.035426,1,12.59568
-3.670587,1,12.596923
-0.161325,1,12.598173
-0.183014,1,12.599429
-0.020811,1,12.600689
-4.133999,1,12.601964
-0.185788,1,12.603212
-9.83616,1,12.604475
-0.177992,1,12.605725
-0.547519,1,12.606976
-7.813019,1,12.60825
-1.611528,1,12.609513
-0.144764,1,12.610783
-0.887994,1,12.612057
-0.195175,1,12.613319
-7.112987,1,12.614578
-3.810783,1,12.615862
-3.743515,1,12.617117
-6.22423,1,12.618379
-8.643694,1,12.619665
-0.15064,1,12.620942
-2.748682,1,12.622216
-0.157418,1,12.62351
-0.567886,1,12.624774
-0.729031,1,12.626028
-1.609891,1,12.627295
-3.04287,1,12.628573
-0.109213,1,12.629855
-4.438218,1,12.63112
-0.645985,1,12.632405
-1.257401,1,12.633681
-5.541967,1,12.634949
-0.098343,1,12.636241
-6.070152,1,12.637508
-8.604159,1,12.638785
-2.635011,1,12.640068
-0.80711,1,12.641352
-0.424151,1,12.642813
-0.90831,1,12.644215
-0.054747,1,12.645594
-6.807083,1,12.646994
-4.698415,1,12.648395
-4.358706,1,12.649765
-0.285559,1,12.651136
-0.003677,1,12.652487
-2.923833,1,12.653829
-6.882941,1,12.655197
-2.73046,1,12.656532
-9.929302,1,12.657864
-0.006874,1,12.659198
-1.289513,1,12.660551
-1.015837,1,12.661882
-4.703922,1,12.663232
-1.581754,1,12.664573
-1.777225,1,12.665918
-3.651327,1,12.667243
-0.173597,1,12.668589
-8.958891,1,12.669956
-9.085207,1,12.671317
-4.612309,1,12.672671
-0.141563,1,12.674038
-3.249357,1,12.675408
-2.313007,1,12.676805
-0.037272,1,12.678179
-0.398065,1,12.679568
-4.940193,1,12.680933
-0.751624,1,12.682303
-1.659645,1,12.683682
-9.380891,1,12.68506
-0.189416,1,12.686435
-2.208504,1,12.687824
-8.40464,1,12.68919
-1.012741,1,12.690678
-0.248312,1,12.692095
-0.666105,1,12.693532
-0.416799,1,12.694929
-4.603916,1,12.696367
-2.97822,1,12.697779
-5.553917,1,12.699231
-9.86443,1,12.700674
-2.63621,1,12.702106
-6.222897,1,12.773185
-0.419878,1,12.774858
-0.060002,1,12.776576
-1.018759,1,12.777832
-0.114423,1,12.77915
-9.532804,1,12.780474
-2.563056,1,12.781708
