#{"t_start": 1631042028.6748962, "env_id": "imitationNM/SortingOnions-v0"}
r,l,t
0.0,1,1.670378
0.0,1,1.672691
0.185759,2,1.678412
0.0,1,1.681541
0.0,1,1.684435
0.0,1,1.686768
-0.03096,2,1.69136
-0.03096,2,1.695895
0.0,1,1.69834
-0.03096,2,1.702131
-0.03096,2,1.705302
0.0,1,1.707
0.185759,2,1.710138
0.0,1,1.711903
-0.03096,2,1.715826
0.0,1,1.71749
0.0,1,1.719125
0.0,1,1.720737
0.0,1,1.722322
0.185759,2,1.725501
0.0,1,1.727509
0.092879,5,1.738348
0.0,1,1.74115
0.0,1,1.742857
0.0,1,1.744823
-0.03096,2,1.748355
0.0,1,1.750285
0.154799,3,1.75535
0.154799,3,1.760956
0.0,1,1.762714
0.0,1,1.764512
0.0,1,1.766202
0.0,1,1.767806
0.185759,2,1.771027
0.154799,3,1.776091
0.185759,2,1.779851
0.185759,2,1.783591
0.0,1,1.785206
0.185759,2,1.788311
0.0,1,1.790012
-0.03096,2,1.793305
0.0,1,1.79626
0.154799,3,1.803332
0.185759,2,1.806627
0.185759,2,1.809966
0.0,1,1.811913
0.0,1,1.813784
0.0,1,1.815588
0.0,1,1.817192
0.0,1,1.818818
0.185759,2,1.822057
0.0,1,1.823687
0.0,1,1.825389
0.0,1,1.82703
0.0,1,1.828935
0.0,1,1.831043
0.0,1,1.832613
0.0,1,1.834206
-0.03096,2,1.837457
0.0,1,1.839171
0.0,1,1.840874
0.0,1,1.842479
0.185759,2,1.846037
0.0,1,1.848088
0.0,1,1.849964
0.566563,3,1.854752
0.340557,4,1.861847
0.0,1,1.863545
0.0,1,1.865429
-0.123839,5,1.873384
0.185759,2,1.876627
-0.03096,2,1.88107
0.0,1,1.882731
0.0,1,1.884234
0.0,1,1.885899
0.0,1,1.88746
-0.03096,2,1.89085
0.185759,2,1.894673
0.0,1,1.89623
0.0,1,1.898025
0.0,1,1.899554
0.0,1,1.901172
0.0,1,1.902712
0.0,1,1.904358
0.185759,2,1.907672
0.0,1,1.909321
0.0,1,1.911429
0.0,1,1.913077
0.371517,3,1.918733
0.0,1,1.920328
0.0,1,1.92201
0.0,1,1.923583
0.0,1,1.925316
0.0,1,1.926962
0.0,1,1.928914
0.0,1,1.930544
0.0,1,1.932188
0.0,1,1.933755
0.185759,2,1.936778
0.0,1,1.93831
0.0,1,1.940114
-0.06192,3,1.945367
0.0,1,1.947329
0.154799,3,1.95226
0.0,1,1.953959
0.0,1,1.955528
0.0,1,1.957388
-0.03096,2,1.961166
-0.03096,2,1.965024
0.0,1,1.966646
0.0,1,1.968216
0.0,1,1.969704
0.185759,2,1.972798
0.0,1,1.974458
0.0,1,1.97602
0.0,1,1.9779
0.185759,2,1.981979
0.185759,2,1.985531
0.0,1,1.9871
-0.06192,3,1.99174
0.0,1,1.993386
0.0,1,1.995465
0.0,1,1.997617
-0.03096,2,2.001129
0.0,1,2.002674
0.0,1,2.004248
0.0,1,2.005896
0.0,1,2.007567
0.0,1,2.009265
-0.03096,2,2.012926
0.185759,2,2.017003
0.0,1,2.018526
0.0,1,2.020054
-0.03096,2,2.02324
0.0,1,2.024829
0.0,1,2.026929
0.0,1,2.028863
0.0,1,2.030597
0.0,1,2.032263
0.0,1,2.033799
0.0,1,2.035348
0.0,1,2.036963
0.0,1,2.038727
0.154799,3,2.043597
-0.03096,2,2.047157
0.0,1,2.049204
0.0,1,2.051299
0.0,1,2.052889
0.185759,2,2.057391
0.185759,2,2.062433
0.0,1,2.064011
0.0,1,2.065731
0.0,1,2.067386
0.0,1,2.068998
-0.03096,2,2.072253
0.0,1,2.073975
0.0,1,2.075619
0.0,1,2.077312
0.0,1,2.078961
0.185759,2,2.083251
0.0,1,2.084839
0.0,1,2.086466
0.0,1,2.088007
0.0,1,2.089637
0.0,1,2.091206
0.0,1,2.092852
0.0,1,2.094978
0.0,1,2.096751
0.0,1,2.098475
0.0,1,2.100022
0.0,1,2.101537
0.371517,3,2.106993
0.0,1,2.108752
0.0,1,2.110285
0.0,1,2.112269
0.0,1,2.114527
0.0,1,2.116113
0.0,1,2.117728
0.0,1,2.1193
0.0,1,2.120896
0.0,1,2.122697
0.0,1,2.124354
0.0,1,2.125979
0.0,1,2.128196
0.0,1,3.179745
0.0,1,3.182168
0.0,1,3.184362
0.0,1,3.185989
0.0,1,3.187462
0.0,1,3.189119
0.0,1,3.190642
0.0,1,3.192228
0.0,1,3.193809
0.185759,2,3.197336
0.0,1,3.199245
0.0,1,3.200823
0.0,1,3.202419
0.0,1,3.203956
0.0,1,3.205564
0.0,1,3.207264
0.0,1,3.208857
0.0,1,3.210528
0.0,1,3.212809
0.0,1,3.214442
0.0,1,3.216061
0.0,1,3.217699
0.185759,2,3.220874
0.0,1,3.222443
0.0,1,3.224231
0.0,1,3.225815
0.0,1,3.22734
0.0,1,3.229175
0.185759,2,3.234052
0.0,1,3.235708
0.0,1,3.23731
-0.03096,2,3.240815
0.0,1,3.24254
0.0,1,3.244225
0.0,1,3.246258
0.0,1,3.248132
0.0,1,3.24992
0.185759,2,3.253074
0.0,1,3.254668
0.0,1,3.25649
-0.06192,3,3.261772
0.0,1,3.263593
0.0,1,3.265567
0.185759,2,3.268799
0.0,1,3.270387
0.0,1,3.271996
0.185759,2,3.27531
0.0,1,3.276966
0.0,1,3.279105
0.0,1,3.280689
0.0,1,3.283937
0.185759,2,3.28861
0.0,1,3.290865
0.0,1,3.293172
0.0,1,3.294855
0.185759,2,3.298452
0.185759,2,3.301538
0.0,1,3.303108
0.185759,2,3.306097
0.0,1,3.307989
0.0,1,3.30957
0.0,1,3.311162
0.0,1,3.313303
0.0,1,3.315365
0.0,1,3.317056
0.0,1,3.318528
0.0,1,3.320107
0.0,1,3.321664
0.0,1,3.323255
0.0,1,3.324916
0.0,1,3.326498
0.0,1,3.328064
0.0,1,3.329872
0.0,1,3.331552
0.0,1,3.333367
0.0,1,3.335009
0.0,1,3.3366
0.0,1,3.33824
0.0,1,3.339925
0.0,1,3.341564
0.0,1,3.343153
0.0,1,3.344866
0.0,1,3.346758
0.0,1,3.348849
-0.03096,2,3.351975
0.0,1,3.353573
-0.03096,2,3.356844
0.0,1,3.358508
0.185759,2,3.362156
-0.03096,2,3.365943
0.0,1,3.367558
0.0,1,3.369133
0.0,1,3.370641
0.0,1,3.372218
0.0,1,3.373958
0.0,1,3.375632
0.0,1,3.377285
0.0,1,3.379586
0.0,1,3.381368
0.0,1,3.383331
0.0,1,3.384938
0.185759,2,3.388144
0.0,1,3.389802
0.371517,3,3.394601
0.0,1,3.396736
0.0,1,3.398811
0.0,1,3.400426
0.0,1,3.402008
-0.03096,2,3.405122
0.0,1,3.406713
0.0,1,3.408551
-0.03096,2,3.412221
0.0,1,3.414001
0.185759,2,3.417556
0.0,1,3.419142
-0.03096,2,3.42225
0.0,1,3.423921
0.0,1,3.425566
0.340557,4,3.432773
0.0,1,3.43439
0.0,1,3.435961
0.0,1,3.437539
0.0,1,3.439106
0.0,1,3.440795
0.0,1,3.442486
0.0,1,3.444082
0.185759,2,3.44791
0.0,1,3.449931
0.0,1,3.45149
0.0,1,3.453167
0.371517,3,3.458074
0.0,1,3.459702
-0.03096,2,3.463441
0.185759,2,3.467061
-0.03096,2,3.470223
0.0,1,3.471839
0.0,1,3.473456
-0.03096,2,3.47676
0.0,1,3.478404
0.0,1,3.480258
0.0,1,3.482185
-0.03096,2,3.485327
0.185759,2,3.488482
0.0,1,3.490035
0.0,1,3.491691
0.185759,2,3.494942
-0.03096,2,3.498857
0.0,1,3.501597
0.0,1,3.503844
0.0,1,3.50614
0.0,1,3.508442
0.0,1,3.510192
0.0,1,3.511751
0.0,1,3.513447
0.0,1,3.515121
0.0,1,3.51682
0.0,1,3.518405
0.0,1,3.519998
0.185759,2,3.523299
0.0,1,3.524982
0.0,1,3.52666
0.0,1,3.528226
0.0,1,3.530168
0.0,1,3.532305
0.0,1,3.533885
0.185759,2,3.537142
0.0,1,3.538902
0.0,1,3.540622
0.0,1,3.542814
0.0,1,3.54445
0.185759,2,3.548597
0.0,1,3.550363
0.0,1,3.551946
-0.092879,4,3.558351
0.0,1,3.559991
0.0,1,3.561605
0.0,1,3.563493
0.0,1,3.56559
0.0,1,3.567184
0.0,1,3.568759
0.0,1,3.570338
0.0,1,3.571893
0.0,1,3.573502
0.0,1,3.575221
0.0,1,3.576852
0.0,1,3.578473
0.0,1,3.58019
0.0,1,3.581936
0.0,1,3.583722
0.0,1,3.619072
0.0,1,3.620746
0.0,1,3.62237
-0.03096,2,3.625658
0.0,1,3.627216
0.0,1,3.62941
0.0,1,3.631044
0.0,1,3.633008
0.0,1,3.634643
-0.03096,2,3.637805
0.0,1,3.639438
0.0,1,3.64124
0.0,1,3.642897
0.185759,2,3.646528
0.0,1,3.648399
0.0,1,3.650313
0.0,1,3.651924
0.0,1,3.653521
0.0,1,3.655126
0.0,1,3.656857
0.0,1,4.710591
0.0,1,4.714597
0.0,1,4.718605
0.0,1,4.721404
0.371517,3,4.728501
0.0,1,4.731223
0.0,1,4.733813
0.0,1,4.735788
0.0,1,4.737728
0.0,1,4.739677
0.0,1,4.741601
0.0,1,4.74339
0.0,1,4.745265
0.0,1,4.747368
0.0,1,4.749925
0.0,1,4.75171
0.0,1,4.753429
0.185759,2,4.756734
0.0,1,4.758385
-0.03096,2,4.761818
0.0,1,4.764037
0.0,1,4.765829
0.0,1,4.767722
0.0,1,4.769411
0.0,1,4.771138
0.0,1,4.772784
0.0,1,4.774402
0.185759,2,4.780988
0.0,1,4.783873
0.0,1,4.786227
0.0,1,4.788569
0.0,1,4.790519
0.0,1,4.79223
-0.03096,2,4.795374
0.0,1,4.797415
0.0,1,4.79915
0.0,1,4.801088
0.0,1,4.802685
0.0,1,4.804346
0.0,1,4.805918
0.0,1,4.807608
0.0,1,4.810576
0.0,1,4.813751
0.0,1,4.816905
0.0,1,4.818845
0.0,1,4.820444
0.0,1,4.822015
0.0,1,4.823574
0.0,1,4.825306
0.0,1,4.826993
0.0,1,4.828652
0.0,1,4.830745
0.0,1,4.832595
0.0,1,4.834476
0.0,1,4.83611
0.0,1,4.837747
0.0,1,4.839364
0.0,1,4.841041
0.0,1,4.842885
0.0,1,4.84461
0.0,1,4.846776
0.0,1,4.848398
0.0,1,4.850516
0.0,1,4.8522
0.0,1,4.853889
0.0,1,4.85554
0.0,1,4.857239
0.0,1,4.859059
0.0,1,4.860819
0.0,1,4.86252
0.0,1,4.864441
0.0,1,4.866158
0.0,1,4.867827
0.0,1,4.869477
0.0,1,4.871074
0.0,1,4.872705
0.0,1,4.874315
0.0,1,4.876011
0.0,1,4.877703
0.0,1,4.879295
0.0,1,4.88109
-0.03096,2,4.884566
0.0,1,4.886118
0.0,1,4.887662
0.0,1,4.889241
0.0,1,4.890805
0.0,1,4.892584
0.0,1,4.894186
0.0,1,4.895714
0.0,1,4.897903
0.0,1,4.899568
0.0,1,4.901252
0.0,1,4.902802
0.0,1,4.904495
0.0,1,4.906085
0.0,1,4.907721
0.185759,2,4.91101
0.0,1,4.912625
0.0,1,4.914566
0.0,1,4.916304
0.0,1,4.918034
0.0,1,4.919614
0.0,1,4.921182
0.0,1,4.922787
0.0,1,4.924407
0.0,1,4.9262
0.0,1,4.927877
0.0,1,4.929479
0.0,1,4.931312
0.0,1,4.933419
0.0,1,4.935148
0.0,1,4.937121
0.0,1,4.938737
0.0,1,4.940345
0.0,1,4.942163
0.0,1,4.943826
-0.03096,2,4.947898
0.0,1,4.949646
0.0,1,4.951308
0.0,1,4.952823
0.0,1,4.95438
0.0,1,4.955903
0.185759,2,4.959275
0.0,1,4.960903
0.0,1,4.962469
0.0,1,4.96464
0.0,1,4.966702
0.0,1,4.968305
0.0,1,4.969906
0.0,1,4.971477
0.0,1,4.973094
0.0,1,4.974853
0.0,1,4.976546
0.0,1,4.978136
0.0,1,4.98036
0.0,1,4.982014
0.0,1,4.983974
0.0,1,4.986762
0.0,1,4.989742
0.0,1,4.992975
0.0,1,4.994658
0.0,1,4.996378
0.0,1,4.998014
0.0,1,5.000006
0.0,1,5.001644
0.0,1,5.00329
0.0,1,5.004956
0.0,1,5.006583
0.0,1,5.008245
0.371517,3,5.013712
0.0,1,5.015455
0.0,1,5.017395
0.0,1,5.019048
0.0,1,5.020694
0.0,1,5.022333
0.0,1,5.02396
0.0,1,5.025643
0.0,1,5.027361
0.0,1,5.029031
0.0,1,5.031343
0.0,1,5.033022
0.0,1,5.034682
0.0,1,5.036202
0.0,1,5.037797
0.0,1,5.039362
0.0,1,5.040909
0.0,1,5.042551
0.0,1,5.044163
0.0,1,5.045772
0.185759,2,5.049639
-0.03096,2,5.052936
0.0,1,5.05454
0.0,1,5.056139
0.0,1,5.057806
0.0,1,5.059471
0.185759,2,5.062645
0.0,1,5.064542
0.0,1,5.066255
0.0,1,5.067955
0.0,1,5.069579
0.0,1,5.071182
0.0,1,5.072758
0.0,1,5.074363
0.0,1,5.076044
0.0,1,5.077649
0.0,1,5.079262
0.0,1,5.081401
0.0,1,5.083449
0.0,1,5.08512
0.0,1,5.086746
0.0,1,5.088366
0.185759,2,5.091626
0.185759,2,5.09491
0.0,1,5.097146
0.0,1,5.098782
0.0,1,5.100768
0.0,1,5.102365
0.0,1,5.103976
0.0,1,5.105608
0.0,1,5.107152
0.0,1,5.108799
0.0,1,5.110415
0.0,1,5.112021
0.0,1,5.114232
0.0,1,5.115919
0.0,1,5.117947
0.0,1,5.119622
0.0,1,5.121194
0.0,1,5.122793
0.0,1,5.124489
0.0,1,5.126144
0.0,1,5.127814
0.0,1,5.129422
-0.03096,2,5.132936
0.0,1,5.134678
-0.03096,2,5.137764
0.0,1,5.139359
0.0,1,5.140903
0.0,1,5.142587
0.0,1,5.144183
0.0,1,5.145796
0.0,1,5.148062
0.0,1,5.149719
0.0,1,5.151364
0.0,1,5.152972
0.0,1,5.154562
0.0,1,5.156117
0.0,1,5.15774
0.0,1,5.159569
0.0,1,5.161269
0.0,1,5.16293
0.0,1,5.164808
0.0,1,5.166824
0.185759,2,5.170136
0.0,1,5.171744
0.0,1,5.1734
0.0,1,6.20054
0.0,1,6.203514
0.0,1,6.205913
0.0,1,6.208308
0.0,1,6.21037
0.0,1,6.212006
0.0,1,6.213663
0.0,1,6.215734
0.0,1,6.217767
0.0,1,6.219416
0.0,1,6.221055
0.0,1,6.222696
0.0,1,6.224338
0.0,1,6.226099
0.0,1,6.227776
0.0,1,6.22955
0.0,1,6.231806
0.0,1,6.234432
0.0,1,6.236066
0.0,1,6.237701
0.0,1,6.239321
0.0,1,6.240893
0.0,1,6.242553
0.0,1,6.244258
0.0,1,6.245921
0.0,1,6.248088
0.185759,2,6.251736
0.0,1,6.253371
0.0,1,6.254984
0.0,1,6.25661
0.0,1,6.258215
0.0,1,6.259967
0.0,1,6.261596
0.185759,2,6.265244
0.0,1,6.266991
0.0,1,6.26897
0.0,1,6.270554
0.0,1,6.272115
0.0,1,6.273728
0.0,1,6.275429
0.0,1,6.277129
0.0,1,6.278785
0.0,1,6.280413
0.0,1,6.282253
0.0,1,6.283995
0.0,1,6.285791
0.0,1,6.28736
0.0,1,6.288999
0.0,1,6.290578
0.0,1,6.292168
0.0,1,6.294039
0.0,1,6.295669
0.0,1,6.297592
0.0,1,6.299455
0.0,1,6.301653
0.0,1,6.30323
0.0,1,6.304853
0.0,1,6.3064
0.0,1,6.307965
0.0,1,6.30974
0.0,1,6.311392
0.0,1,6.312977
0.0,1,6.315174
0.0,1,6.31707
0.0,1,6.319022
0.0,1,6.3206
0.185759,2,6.323724
0.0,1,6.325438
0.0,1,6.327218
0.0,1,6.329406
0.0,1,6.331543
0.0,1,6.333152
0.0,1,6.335216
0.0,1,6.336882
0.0,1,6.338458
0.0,1,6.340041
0.0,1,6.341674
0.0,1,6.343334
0.0,1,6.346124
0.0,1,6.34922
0.0,1,6.352335
0.0,1,6.354551
0.0,1,6.356209
0.0,1,6.357872
0.0,1,6.359601
0.0,1,6.361334
0.0,1,6.363017
0.0,1,6.365229
0.0,1,6.366899
0.0,1,6.368967
0.0,1,6.370515
0.0,1,6.372138
0.0,1,6.373681
0.0,1,6.3753
0.0,1,6.377151
0.0,1,6.378769
0.0,1,6.380402
0.0,1,6.382397
0.0,1,6.384055
-0.03096,2,6.387313
-0.03096,2,6.390423
0.0,1,6.392159
0.0,1,6.393842
0.0,1,6.395477
0.0,1,6.397129
0.0,1,6.39907
0.0,1,6.400723
0.0,1,6.402399
0.0,1,6.404006
0.0,1,6.40564
0.0,1,6.407208
0.0,1,6.408828
0.0,1,6.41059
0.0,1,6.412211
0.0,1,6.413832
0.0,1,6.416048
0.0,1,6.418076
0.0,1,6.419691
0.0,1,6.421316
0.0,1,6.422966
0.0,1,6.424614
0.0,1,6.426431
0.0,1,6.428098
0.0,1,6.429816
0.0,1,6.432081
0.0,1,6.433808
0.0,1,6.435798
0.0,1,6.437446
0.0,1,6.439063
0.0,1,6.440707
0.0,1,6.44255
0.0,1,6.44421
0.0,1,6.445922
0.0,1,6.448219
0.0,1,6.449896
0.0,1,6.451854
0.0,1,6.453448
0.0,1,6.455065
0.0,1,6.456679
0.0,1,6.458385
-0.03096,2,6.461912
0.0,1,6.463475
0.0,1,6.465462
0.0,1,6.467132
0.0,1,6.469232
0.0,1,6.470832
0.0,1,6.472415
0.0,1,6.474043
0.0,1,6.475859
0.0,1,6.477526
0.0,1,6.479149
0.0,1,6.480752
0.0,1,6.484154
0.0,1,6.487104
0.0,1,6.489539
0.0,1,6.492203
0.0,1,6.494775
0.0,1,6.497136
0.0,1,6.499164
0.0,1,6.500801
0.0,1,6.502466
0.0,1,6.503994
0.0,1,6.505535
0.0,1,6.507085
0.0,1,6.508946
0.0,1,6.510673
0.0,1,6.512453
0.0,1,6.51432
0.0,1,6.516026
0.0,1,6.518105
0.0,1,6.519695
0.0,1,6.521347
0.0,1,6.522968
0.0,1,6.524615
0.0,1,6.526501
0.0,1,6.528278
0.0,1,6.530042
0.0,1,6.532604
0.0,1,6.534753
0.0,1,6.53639
0.0,1,6.538027
0.0,1,6.539661
0.154799,3,6.544973
0.0,1,6.546592
0.0,1,6.548794
0.0,1,6.550768
0.0,1,6.552545
0.0,1,6.554156
0.0,1,6.555744
0.0,1,6.557352
0.0,1,6.559227
0.0,1,6.560953
0.0,1,6.562569
0.0,1,6.56475
-0.03096,2,6.56826
0.0,1,6.569849
0.0,1,6.571454
0.0,1,6.57302
0.0,1,6.57471
0.0,1,6.57666
0.0,1,6.578268
0.0,1,6.579809
0.0,1,6.582197
0.0,1,6.584065
0.0,1,6.585945
0.0,1,6.587534
0.0,1,6.589153
0.0,1,6.590737
0.0,1,6.593836
0.0,1,6.596966
0.0,1,6.600257
0.0,1,6.602504
0.0,1,6.604066
0.0,1,6.605714
0.0,1,6.607367
0.0,1,6.60938
0.0,1,6.611133
0.0,1,6.612851
0.0,1,6.615136
0.0,1,6.616867
0.0,1,6.618827
0.0,1,6.620425
0.0,1,6.622094
0.0,1,6.623732
0.0,1,6.625748
0.0,1,6.627468
0.0,1,6.629278
0.0,1,6.631494
0.0,1,6.633189
0.0,1,6.635285
0.0,1,6.63695
0.0,1,6.638614
0.0,1,6.640281
0.0,1,6.642138
-0.03096,2,6.645483
0.0,1,6.647068
0.0,1,6.649345
0.0,1,6.651357
0.0,1,6.653022
0.0,1,6.655344
0.0,1,6.657176
0.0,1,6.658922
0.0,1,6.66073
0.0,1,6.662388
0.0,1,6.664036
0.0,1,6.665884
0.0,1,7.545009
0.0,1,7.546781
0.0,1,7.548849
0.0,1,7.550786
0.0,1,7.553139
0.0,1,7.554766
0.0,1,7.556374
0.0,1,7.557969
0.0,1,7.559604
0.0,1,7.561357
0.0,1,7.563053
0.0,1,7.564716
0.0,1,7.566653
0.0,1,7.568855
0.0,1,7.570471
0.0,1,7.572092
0.0,1,7.573696
0.0,1,7.575258
0.0,1,7.577087
0.0,1,7.578771
0.0,1,7.580793
0.0,1,7.583027
0.0,1,7.585874
0.0,1,7.587441
0.0,1,7.589005
0.0,1,7.590549
0.0,1,7.592158
0.0,1,7.594452
0.0,1,7.596091
0.0,1,7.597748
0.0,1,7.599844
0.0,1,7.601663
0.0,1,7.603386
0.0,1,7.60506
0.0,1,7.606669
0.0,1,7.608293
0.0,1,7.61003
0.0,1,7.611727
0.0,1,7.613398
0.0,1,7.615573
0.0,1,7.617338
0.0,1,7.619388
0.0,1,7.621029
0.0,1,7.622684
0.0,1,7.624306
0.0,1,7.625991
0.0,1,7.627646
0.0,1,7.629305
-0.03096,2,7.633026
0.0,1,7.634697
0.0,1,7.636783
0.0,1,7.638431
0.0,1,7.640033
0.0,1,7.641648
0.0,1,7.643331
0.0,1,7.645001
0.0,1,7.646612
0.0,1,7.648195
0.0,1,7.650126
0.0,1,7.651772
0.0,1,7.653543
0.0,1,7.655239
0.0,1,7.65682
0.0,1,7.658394
0.0,1,7.660438
0.0,1,7.662082
0.0,1,7.663707
0.0,1,7.665959
0.0,1,7.667541
0.0,1,7.66966
0.0,1,7.671327
0.0,1,7.672948
0.0,1,7.674529
0.0,1,7.676386
0.0,1,7.678135
0.0,1,7.679828
0.0,1,7.681432
0.0,1,7.6835
0.0,1,7.685631
0.0,1,7.687346
0.0,1,7.688998
0.0,1,7.690628
0.0,1,7.692307
0.0,1,7.694375
0.0,1,7.696103
0.0,1,7.697758
0.0,1,7.699899
0.0,1,7.701608
0.0,1,7.703439
0.0,1,7.70511
0.0,1,7.706733
0.0,1,7.70844
0.0,1,7.710465
0.0,1,7.712124
0.0,1,7.713755
0.0,1,7.715989
0.0,1,7.717807
0.0,1,7.719613
0.0,1,7.721216
0.0,1,7.72283
0.0,1,7.724532
0.0,1,7.726471
0.0,1,7.728141
0.0,1,7.729768
0.0,1,7.731422
0.0,1,7.733509
0.0,1,7.735145
0.0,1,7.736846
0.0,1,7.738446
0.0,1,7.740051
0.0,1,7.741726
0.0,1,7.743719
0.0,1,7.745449
0.0,1,7.747252
0.0,1,7.749461
0.0,1,7.751215
0.0,1,7.75349
0.0,1,7.755064
0.0,1,7.756666
0.0,1,7.758283
0.0,1,7.760253
0.0,1,7.76187
0.0,1,7.763583
0.0,1,7.76595
0.0,1,7.76755
0.0,1,7.769475
0.0,1,7.771057
0.0,1,7.772656
0.0,1,7.774232
0.0,1,7.77621
0.0,1,7.777982
0.0,1,7.779648
0.0,1,7.781296
0.0,1,7.783615
0.0,1,7.785734
0.0,1,7.787459
0.0,1,7.789056
0.0,1,7.790648
0.0,1,7.792343
0.0,1,7.794247
0.0,1,7.795948
0.0,1,7.797601
0.0,1,7.79979
0.0,1,7.801486
0.0,1,7.803539
0.0,1,7.805161
0.0,1,7.806758
0.0,1,7.808358
0.0,1,7.81039
0.0,1,7.812038
-0.03096,2,7.815518
0.0,1,7.817335
0.0,1,7.819599
0.0,1,7.82121
0.0,1,7.82281
0.0,1,7.824406
0.0,1,7.826337
0.0,1,7.828179
0.0,1,7.829807
0.0,1,7.83146
0.0,1,7.833651
0.0,1,7.835859
0.0,1,7.837491
0.0,1,7.839105
0.0,1,7.84073
0.0,1,7.842542
0.0,1,7.844316
0.0,1,7.846036
0.0,1,7.847684
0.0,1,7.849912
0.0,1,7.851624
0.0,1,7.8536
0.0,1,7.855202
0.0,1,7.856823
0.0,1,7.858421
0.0,1,7.86025
0.0,1,7.861967
0.0,1,7.863713
0.0,1,7.866071
0.0,1,7.867682
0.0,1,7.869668
0.185759,2,7.872873
0.0,1,7.874512
0.0,1,7.876277
0.0,1,7.878107
0.0,1,7.879865
0.0,1,7.881599
0.0,1,7.884748
0.0,1,7.888026
0.0,1,7.891151
0.0,1,7.893766
0.0,1,7.896766
0.0,1,7.900374
0.0,1,7.903747
0.0,1,7.905779
0.0,1,7.907427
0.0,1,7.90912
0.0,1,7.911026
0.0,1,7.91279
0.0,1,7.914508
0.0,1,7.916695
0.0,1,7.91848
0.0,1,7.920305
0.0,1,7.921864
0.0,1,7.923406
0.0,1,7.924965
0.0,1,7.927049
0.0,1,7.929392
0.0,1,7.931581
0.0,1,7.933655
0.0,1,7.935365
0.0,1,7.937067
0.0,1,7.938653
0.0,1,7.940204
0.0,1,7.94181
0.0,1,7.94349
0.0,1,7.945152
0.0,1,7.946783
0.0,1,7.948378
0.0,1,7.950274
0.0,1,7.952005
0.0,1,7.953693
0.0,1,7.955274
0.0,1,7.956862
0.0,1,7.958432
0.0,1,7.960148
0.0,1,7.961778
0.0,1,7.963384
0.0,1,7.964937
0.0,1,7.966985
0.0,1,7.968645
0.0,1,7.971619
0.0,1,7.974106
0.0,1,7.976536
0.0,1,7.978951
0.0,1,7.981279
0.0,1,7.983733
0.0,1,7.985376
0.0,1,7.987154
0.0,1,7.988777
0.0,1,7.990359
0.0,1,7.992015
0.0,1,7.993876
0.0,1,7.995525
0.0,1,7.997163
0.0,1,7.999189
0.0,1,8.000893
0.0,1,8.003087
0.0,1,8.004758
0.0,1,8.006401
0.0,1,8.008015
0.0,1,8.009763
0.0,1,8.011473
0.0,1,8.901515
0.0,1,8.903791
0.0,1,8.90662
0.0,1,8.909554
0.0,1,8.913073
0.0,1,8.914875
0.185759,2,8.918918
0.0,1,8.920895
0.0,1,8.922492
0.0,1,8.924074
0.0,1,8.925682
0.0,1,8.927421
0.0,1,8.929082
0.0,1,8.93067
0.0,1,8.932337
0.0,1,8.934302
0.0,1,8.936555
0.0,1,8.938229
0.0,1,8.939897
0.0,1,8.941546
0.0,1,8.943241
0.0,1,8.944963
0.0,1,8.946634
0.0,1,8.948304
0.0,1,8.950586
0.0,1,8.952248
0.0,1,8.954276
0.0,1,8.955876
0.0,1,8.957452
0.0,1,8.958987
0.0,1,8.96068
0.0,1,8.962456
0.0,1,8.964151
0.0,1,8.967342
0.0,1,8.970578
0.0,1,8.973484
0.0,1,8.975034
0.0,1,8.976673
0.0,1,8.97844
0.0,1,8.980061
0.0,1,8.981786
0.0,1,8.983966
0.0,1,8.985769
0.0,1,8.987578
0.0,1,8.989211
0.0,1,8.990826
0.0,1,8.992445
0.0,1,8.99414
0.0,1,8.995819
0.0,1,8.997414
0.0,1,8.998982
0.0,1,9.001158
0.0,1,9.003119
0.0,1,9.004783
0.0,1,9.006418
0.0,1,9.008049
0.0,1,9.00969
0.0,1,9.011284
0.0,1,9.012954
0.0,1,9.014587
0.0,1,9.016383
0.0,1,9.018134
0.0,1,9.020005
0.0,1,9.021631
0.0,1,9.023201
0.0,1,9.024786
0.0,1,9.026379
0.0,1,9.028115
0.0,1,9.029725
0.0,1,9.031363
0.0,1,9.033601
0.0,1,9.035245
0.0,1,9.03721
0.0,1,9.038853
0.0,1,9.040432
0.0,1,9.041998
0.0,1,9.043563
0.0,1,9.045324
0.0,1,9.046983
0.0,1,9.048637
0.0,1,9.050766
0.0,1,9.052504
0.0,1,9.054355
0.0,1,9.055961
0.0,1,9.057543
0.0,1,9.059136
0.0,1,9.060857
0.0,1,9.062498
0.0,1,9.064073
0.0,1,9.065627
0.0,1,9.068555
0.0,1,9.071331
0.0,1,9.073685
0.0,1,9.076066
0.0,1,9.078721
0.0,1,9.08067
0.0,1,9.082314
0.0,1,9.084603
0.0,1,9.086745
0.0,1,9.088372
0.0,1,9.089997
0.0,1,9.091637
0.0,1,9.09339
0.0,1,9.0952
0.0,1,9.096881
0.0,1,9.098504
0.0,1,9.10073
0.0,1,9.102462
0.0,1,9.104418
0.0,1,9.106083
0.0,1,9.107727
0.0,1,9.109418
0.0,1,9.111234
0.0,1,9.112904
0.0,1,9.114562
0.0,1,9.116209
0.0,1,9.119068
0.0,1,9.121576
0.0,1,9.123875
0.0,1,9.126231
0.0,1,9.12873
0.0,1,9.130469
0.0,1,9.132161
0.0,1,9.134209
0.0,1,9.136072
0.0,1,9.137927
0.0,1,9.139534
0.0,1,9.14116
0.0,1,9.142812
0.0,1,9.144575
0.0,1,9.146248
0.0,1,9.14787
0.0,1,9.149505
0.0,1,9.151281
0.0,1,9.154435
0.0,1,9.15712
0.0,1,9.159496
0.0,1,9.162003
0.0,1,9.164333
0.0,1,9.166126
0.0,1,9.168183
0.0,1,9.170318
0.0,1,9.172012
0.0,1,9.173679
0.0,1,9.175363
0.0,1,9.177159
0.0,1,9.178924
0.0,1,9.180597
0.0,1,9.182265
0.0,1,9.184607
0.0,1,9.18674
0.0,1,9.188437
0.0,1,9.190119
0.0,1,9.192887
0.0,1,9.19515
0.0,1,9.197457
0.0,1,9.200113
0.0,1,9.202474
0.0,1,9.204536
0.0,1,9.206142
0.0,1,9.207713
0.0,1,9.209328
0.0,1,9.211125
0.0,1,9.212753
0.0,1,9.214391
0.0,1,9.216006
0.0,1,9.217968
0.0,1,9.219593
0.0,1,9.221277
0.0,1,9.222899
0.0,1,9.224501
0.0,1,9.226149
0.0,1,9.227816
0.0,1,9.2294
0.0,1,9.230962
0.0,1,9.232558
0.0,1,9.234632
0.0,1,9.236701
0.0,1,9.238353
0.0,1,9.239913
0.0,1,9.241479
0.0,1,9.243052
0.0,1,9.245793
0.0,1,9.247564
0.0,1,9.249214
0.0,1,9.251339
0.0,1,9.253322
0.0,1,9.255051
0.0,1,9.256668
0.0,1,9.258296
0.0,1,9.25995
0.0,1,9.261714
0.0,1,9.263275
0.0,1,9.264917
0.0,1,9.267153
0.0,1,9.268761
0.0,1,9.270736
0.0,1,9.272356
0.0,1,9.273919
0.0,1,9.275575
0.0,1,9.277374
0.0,1,9.279044
0.0,1,9.280617
0.0,1,9.282176
0.0,1,9.284239
0.0,1,9.286097
0.0,1,9.28795
0.0,1,9.289574
0.0,1,9.291199
0.0,1,9.292868
0.0,1,9.2947
0.0,1,9.296324
0.0,1,9.297927
0.185759,2,9.301338
0.0,1,9.303493
0.0,1,9.305174
0.0,1,9.306791
0.0,1,9.308397
0.0,1,9.310076
0.0,1,9.311874
0.0,1,9.3135
0.0,1,9.315058
0.0,1,9.317158
0.0,1,9.318771
0.0,1,9.320724
0.0,1,9.322345
0.0,1,9.323899
0.0,1,9.325477
0.0,1,9.327095
0.0,1,9.328834
0.0,1,9.330436
0.0,1,9.332015
0.0,1,9.334248
0.0,1,9.335901
0.0,1,9.337958
0.0,1,9.339526
0.0,1,9.3411
0.0,1,9.342704
0.0,1,9.344381
0.0,1,9.34606
0.0,1,9.347707
0.0,1,9.350605
0.0,1,9.352229
0.0,1,9.354093
0.0,1,9.355698
0.0,1,9.35727
0.0,1,9.358803
0.0,1,9.360412
0.0,1,9.362084
0.0,1,9.363643
0.0,1,9.365291
0.0,1,9.367455
0.0,1,9.369059
0.0,1,9.370834
0.0,1,10.271068
0.0,1,10.273657
0.0,1,10.276019
0.0,1,10.278386
0.0,1,10.280776
0.0,1,10.282462
0.0,1,10.284452
0.0,1,10.286452
0.0,1,10.288372
0.0,1,10.289998
0.0,1,10.29161
0.0,1,10.293206
0.0,1,10.294839
0.0,1,10.296521
0.0,1,10.298162
0.0,1,10.299836
0.185759,2,10.304271
0.0,1,10.305898
0.0,1,10.307505
0.0,1,10.309135
0.0,1,10.310749
0.0,1,10.312602
0.0,1,10.314259
0.0,1,10.315931
0.0,1,10.31803
0.0,1,10.319797
0.0,1,10.32178
0.0,1,10.323399
0.0,1,10.325011
0.0,1,10.326611
0.0,1,10.32847
0.0,1,10.331373
0.0,1,10.334653
0.0,1,10.336974
0.0,1,10.338746
0.0,1,10.340397
0.0,1,10.342072
0.0,1,10.343718
0.0,1,10.345576
0.0,1,10.347369
0.0,1,10.349112
0.0,1,10.351346
0.0,1,10.353084
0.0,1,10.355115
0.0,1,10.356727
0.0,1,10.358355
0.0,1,10.359946
0.0,1,10.361841
0.0,1,10.363556
0.0,1,10.365233
0.0,1,10.366893
0.0,1,10.368974
0.0,1,10.371072
0.0,1,10.372818
0.0,1,10.374505
0.0,1,10.376149
0.0,1,10.377922
0.0,1,10.379766
0.0,1,10.381481
0.0,1,10.383139
0.0,1,10.385291
0.0,1,10.387096
0.0,1,10.389131
0.0,1,10.390749
0.0,1,10.392381
0.0,1,10.394149
0.0,1,10.396042
0.0,1,10.397744
0.0,1,10.399518
0.0,1,10.401857
0.0,1,10.403493
0.0,1,10.405497
0.0,1,10.407079
0.0,1,10.408686
0.0,1,10.410269
0.0,1,10.412179
0.0,1,10.41383
0.0,1,10.415473
0.0,1,10.417124
0.0,1,10.420296
0.0,1,10.422805
0.0,1,10.424982
0.0,1,10.427328
0.0,1,10.429615
0.0,1,10.431266
0.0,1,10.432894
0.0,1,10.435189
0.0,1,10.436867
0.0,1,10.438829
0.0,1,10.440417
0.0,1,10.442012
0.0,1,10.443628
0.0,1,10.445282
0.0,1,10.446981
0.0,1,10.44864
0.0,1,10.450254
0.0,1,10.452192
0.0,1,10.453922
0.0,1,10.455569
0.0,1,10.45718
0.0,1,10.458804
0.0,1,10.460425
0.0,1,10.462109
0.0,1,10.463841
0.0,1,10.46556
0.0,1,10.467182
0.0,1,10.469028
0.0,1,10.470663
0.0,1,10.472354
0.0,1,10.473929
0.0,1,10.47549
0.0,1,10.477086
0.0,1,10.478842
0.0,1,10.480553
0.0,1,10.482213
0.0,1,10.483796
0.0,1,10.485639
0.0,1,10.487305
0.0,1,10.489039
0.0,1,10.490672
0.0,1,10.492291
0.0,1,10.493941
0.0,1,10.495616
0.0,1,10.497269
0.0,1,10.498904
0.0,1,10.500535
0.0,1,10.50236
0.0,1,10.50448
0.0,1,10.506114
0.0,1,10.507692
0.0,1,10.509332
0.0,1,10.511026
0.0,1,10.5129
0.0,1,10.514574
0.0,1,10.51623
0.0,1,10.518521
0.0,1,10.520339
0.0,1,10.522282
0.0,1,10.523839
0.0,1,10.525441
0.0,1,10.527093
0.0,1,10.529039
0.0,1,10.530706
0.0,1,10.532316
0.0,1,10.533935
0.0,1,10.536877
0.0,1,10.539376
0.0,1,10.541772
0.0,1,10.544026
0.0,1,10.546146
0.0,1,10.547854
0.0,1,10.549591
0.0,1,10.551874
0.0,1,10.553666
0.0,1,10.555608
0.0,1,10.557178
0.0,1,10.558804
0.0,1,10.560376
0.0,1,10.562212
0.0,1,10.563848
0.0,1,10.565465
0.0,1,10.567059
0.0,1,10.569072
0.0,1,10.57114
0.0,1,10.572783
0.0,1,10.574373
0.0,1,10.575963
0.0,1,10.577587
0.0,1,10.580436
0.0,1,10.583038
0.0,1,10.58584
0.0,1,10.588635
0.0,1,10.590524
0.0,1,10.59211
0.0,1,10.593693
0.0,1,10.595369
0.0,1,10.597025
0.0,1,10.598721
0.0,1,10.600322
0.0,1,10.602376
0.0,1,10.604428
0.0,1,10.606128
0.0,1,10.607711
0.0,1,10.609345
0.0,1,10.610998
0.0,1,10.612873
0.0,1,10.614525
0.0,1,10.61617
0.0,1,10.618228
0.0,1,10.61984
0.0,1,10.621925
0.0,1,10.623605
0.0,1,10.625377
0.0,1,10.627225
0.0,1,10.629574
0.0,1,10.631454
0.0,1,10.633215
0.0,1,10.635437
0.0,1,10.637352
0.0,1,10.639681
0.0,1,10.641634
0.0,1,10.643862
0.0,1,10.646204
0.0,1,10.648404
0.0,1,10.65032
0.0,1,10.652445
0.0,1,10.65414
0.0,1,10.655771
0.0,1,10.657374
0.0,1,10.658972
0.0,1,10.660597
0.0,1,10.66249
0.0,1,10.664098
0.0,1,10.665746
0.0,1,10.667355
0.0,1,10.669102
0.0,1,10.670805
0.0,1,10.672525
0.0,1,10.674129
0.0,1,10.675735
0.0,1,10.710351
0.0,1,10.712135
0.0,1,10.713957
0.0,1,10.715717
0.0,1,10.717454
0.0,1,10.719354
0.0,1,10.721456
0.0,1,10.723099
0.0,1,10.724779
0.0,1,10.726497
0.0,1,10.728146
0.0,1,10.730785
0.0,1,10.732743
0.0,1,10.735009
0.0,1,10.73668
0.0,1,10.738634
0.0,1,10.740274
0.0,1,10.741929
0.0,1,10.743609
0.0,1,10.745313
0.0,1,10.747118
0.0,1,10.748909
0.0,1,10.750701
0.0,1,10.752617
0.0,1,10.754694
0.0,1,10.756433
0.0,1,10.758187
0.0,1,10.759859
0.0,1,10.761522
0.0,1,10.763432
0.0,1,10.765139
0.0,1,10.766837
0.0,1,10.769282
0.0,1,10.771337
0.0,1,10.773053
0.0,1,11.71493
0.0,1,11.716747
0.0,1,11.719044
0.0,1,11.720767
0.0,1,11.72271
0.0,1,11.724352
0.0,1,11.725964
0.0,1,11.727701
0.0,1,11.729448
0.0,1,11.731123
0.0,1,11.732791
0.0,1,11.734543
0.0,1,11.737281
0.0,1,11.739509
0.0,1,11.741445
0.0,1,11.743357
0.0,1,11.745281
0.0,1,11.747234
0.0,1,11.749208
0.0,1,11.751169
0.0,1,11.75391
0.0,1,11.755983
0.0,1,11.757604
0.0,1,11.759223
0.0,1,11.760859
0.0,1,11.762457
0.0,1,11.765539
0.0,1,11.76894
0.0,1,11.772418
0.0,1,11.774197
0.0,1,11.775784
0.0,1,11.777375
0.0,1,11.778987
0.0,1,11.780782
0.0,1,11.782478
0.0,1,11.784163
0.0,1,11.786269
0.0,1,11.788154
0.0,1,11.790044
0.0,1,11.791668
0.0,1,11.793265
0.0,1,11.794855
0.0,1,11.796625
0.0,1,11.798397
0.0,1,11.80005
0.0,1,11.802069
0.0,1,11.803771
0.0,1,11.805975
0.0,1,11.807581
0.0,1,11.809167
0.0,1,11.810751
0.0,1,11.812326
0.0,1,11.814169
0.0,1,11.815804
0.0,1,11.817563
0.0,1,11.819627
0.0,1,11.821404
0.0,1,11.823372
0.0,1,11.82501
0.0,1,11.826625
0.0,1,11.828252
0.0,1,11.829992
0.0,1,11.831609
0.0,1,11.833331
0.0,1,11.834955
0.0,1,11.836797
0.0,1,11.83891
0.0,1,11.840611
0.0,1,11.84224
0.0,1,11.844186
0.0,1,11.845891
0.0,1,11.847599
0.0,1,11.849299
0.0,1,11.850937
0.0,1,11.85301
0.0,1,11.854871
0.0,1,11.856717
0.0,1,11.85836
0.0,1,11.860001
0.0,1,11.861647
0.0,1,11.863393
0.0,1,11.865012
0.0,1,11.866603
0.0,1,11.868241
0.0,1,11.870233
0.0,1,11.872218
0.0,1,11.873852
0.0,1,11.875441
0.0,1,11.877037
0.0,1,11.878679
0.0,1,11.880486
0.0,1,11.882107
0.0,1,11.883745
0.0,1,11.885891
0.0,1,11.887522
0.0,1,11.889453
0.0,1,11.891064
0.0,1,11.892674
0.0,1,11.894271
0.0,1,11.895914
0.0,1,11.898787
0.0,1,11.901785
0.0,1,11.905464
0.0,1,11.907149
0.0,1,11.908784
0.0,1,11.910367
0.0,1,11.911945
0.0,1,11.913609
0.0,1,11.915304
0.0,1,11.917033
0.0,1,11.91929
0.0,1,11.920922
0.0,1,11.922956
0.0,1,11.924561
0.0,1,11.926144
0.0,1,11.927747
0.0,1,11.929445
0.0,1,11.931195
0.0,1,11.93279
0.0,1,11.93452
0.0,1,11.936858
0.0,1,11.93891
0.0,1,11.940593
0.0,1,11.94223
0.0,1,11.943861
0.0,1,11.94554
0.0,1,11.947492
0.0,1,11.949144
0.0,1,11.950773
0.0,1,11.952956
0.0,1,11.954491
0.0,1,11.95632
0.0,1,11.957886
0.0,1,11.959439
0.0,1,11.961029
0.0,1,11.96269
0.0,1,11.96438
0.0,1,11.966002
0.0,1,11.967717
0.0,1,11.969712
0.0,1,11.971389
0.0,1,11.973392
0.0,1,11.974953
0.0,1,11.976514
0.0,1,11.978088
0.0,1,11.979727
0.0,1,11.981418
0.0,1,11.983011
0.0,1,11.984591
0.0,1,11.986832
0.0,1,11.98853
0.0,1,11.990205
0.0,1,11.99182
0.0,1,11.993453
0.0,1,11.995055
0.0,1,11.997836
0.0,1,12.000163
0.0,1,12.002944
0.0,1,12.005725
0.0,1,12.007504
0.0,1,12.009132
0.0,1,12.010717
0.0,1,12.012342
0.0,1,12.013996
0.0,1,12.015553
0.0,1,12.017239
0.0,1,12.019306
0.0,1,12.021002
0.0,1,12.022912
0.0,1,12.024552
0.0,1,12.026166
0.0,1,12.02781
0.0,1,12.029508
0.0,1,12.031128
0.0,1,12.032826
0.0,1,12.034497
0.0,1,12.036525
0.0,1,12.038321
0.0,1,12.040344
0.0,1,12.042042
0.0,1,12.043685
0.0,1,12.045371
0.0,1,12.047139
0.0,1,12.048903
0.0,1,12.050569
0.0,1,12.052715
0.0,1,12.054409
0.0,1,12.056352
0.0,1,12.058015
0.0,1,12.059677
0.0,1,12.061326
0.0,1,12.063052
0.0,1,12.064749
0.0,1,12.066392
0.0,1,12.06804
0.0,1,12.070228
0.0,1,12.072272
0.0,1,12.073964
0.0,1,12.07561
0.0,1,12.077231
0.0,1,12.078861
0.0,1,12.080626
0.0,1,12.082227
0.0,1,12.083802
0.0,1,12.086019
0.0,1,12.087616
0.0,1,12.089612
0.0,1,12.091254
0.0,1,12.092865
0.0,1,12.094463
0.0,1,12.096118
0.0,1,12.097737
0.0,1,12.099305
0.0,1,12.10092
0.0,1,12.103131
0.0,1,12.104733
0.0,1,12.106697
0.0,1,12.108238
0.0,1,12.109813
0.0,1,12.111367
0.0,1,12.113118
0.0,1,12.11475
0.0,1,12.116361
0.0,1,12.117961
0.0,1,12.120038
0.0,1,12.121694
0.0,1,12.12342
0.0,1,12.125042
-0.03096,2,12.128224
0.0,1,12.129976
0.0,1,12.13164
0.0,1,12.13324
0.0,1,12.134803
0.0,1,12.136965
0.0,1,12.139015
0.0,1,12.140747
0.0,1,12.142346
0.0,1,12.143914
0.0,1,12.145531
0.0,1,12.147181
0.0,1,12.148747
0.0,1,12.150495
0.0,1,12.1525
0.0,1,12.154265
0.0,1,12.156131
0.0,1,12.157721
0.0,1,12.159292
0.0,1,12.160896
0.0,1,12.162519
0.0,1,12.164325
0.0,1,12.165873
0.0,1,12.167438
0.0,1,12.16949
0.0,1,12.17106
0.0,1,12.173006
0.0,1,13.145956
0.0,1,13.148098
0.0,1,13.149825
0.0,1,13.151508
0.0,1,13.153817
0.0,1,13.156078
0.0,1,13.157938
0.0,1,13.159523
0.0,1,13.161203
0.0,1,13.162892
0.0,1,13.164581
0.0,1,13.166365
0.0,1,13.168063
0.0,1,13.170311
0.0,1,13.172616
0.0,1,13.174493
0.0,1,13.176201
0.0,1,13.177895
0.0,1,13.179576
0.0,1,13.181355
0.0,1,13.183093
0.0,1,13.184814
0.0,1,13.186852
0.0,1,13.189171
0.0,1,13.190967
0.0,1,13.192674
0.0,1,13.194356
0.0,1,13.196532
0.0,1,13.198278
0.0,1,13.199988
0.0,1,13.201678
0.0,1,13.203969
0.0,1,13.205792
0.0,1,13.20771
0.0,1,13.209407
0.0,1,13.211069
0.0,1,13.212742
0.0,1,13.214486
0.0,1,13.216162
0.0,1,13.217812
0.0,1,13.219652
0.0,1,13.221517
0.0,1,13.223739
0.0,1,13.22537
0.0,1,13.227
0.0,1,13.228611
0.0,1,13.230283
0.0,1,13.232017
0.0,1,13.233677
0.0,1,13.235327
0.0,1,13.237559
0.0,1,13.239316
0.0,1,13.241199
0.0,1,13.242828
0.0,1,13.244442
0.0,1,13.246073
0.0,1,13.247838
0.0,1,13.249545
0.0,1,13.251145
0.0,1,13.253001
0.0,1,13.254867
0.0,1,13.257071
0.0,1,13.258695
0.0,1,13.260362
0.0,1,13.261997
0.0,1,13.263697
0.0,1,13.265402
0.0,1,13.266988
0.0,1,13.268561
0.0,1,13.270711
0.0,1,13.272552
0.0,1,13.27444
0.0,1,13.276095
0.0,1,13.277754
0.0,1,13.279403
0.0,1,13.281232
0.0,1,13.282886
0.0,1,13.284552
0.0,1,13.286395
0.0,1,13.288336
0.0,1,13.290478
0.0,1,13.292154
0.0,1,13.293795
0.0,1,13.29543
0.0,1,13.297156
0.0,1,13.298849
0.0,1,13.300556
0.0,1,13.302219
0.0,1,13.30452
0.0,1,13.306644
0.0,1,13.308293
0.0,1,13.309996
0.0,1,13.311642
0.0,1,13.313323
0.0,1,13.315112
0.0,1,13.31679
0.0,1,13.318473
0.0,1,13.320741
0.0,1,13.322653
0.0,1,13.324516
0.0,1,13.326092
0.0,1,13.327679
0.0,1,13.329306
0.0,1,13.331076
0.0,1,13.332744
0.0,1,13.334347
0.0,1,13.335949
0.0,1,13.338071
0.0,1,13.340094
0.0,1,13.341725
0.0,1,13.343281
0.0,1,13.344898
0.0,1,13.3465
0.0,1,13.348325
0.0,1,13.350039
0.0,1,13.351683
0.0,1,13.353853
0.0,1,13.355569
0.0,1,13.357557
0.0,1,13.35914
0.0,1,13.360749
0.0,1,13.362354
0.0,1,13.364067
0.0,1,13.365757
0.0,1,13.367369
0.0,1,13.368985
0.0,1,13.371236
0.0,1,13.373371
0.0,1,13.375004
0.0,1,13.376641
0.0,1,13.378261
0.0,1,13.379901
0.0,1,13.381732
0.0,1,13.383337
0.0,1,13.384948
0.0,1,13.38701
0.0,1,13.388654
0.0,1,13.391586
0.0,1,13.393458
0.0,1,13.395042
0.0,1,13.396667
0.0,1,13.399091
0.0,1,13.401405
0.0,1,13.404295
0.0,1,13.406626
0.0,1,13.408266
0.0,1,13.409889
0.0,1,13.411491
0.0,1,13.413101
0.0,1,13.416017
0.0,1,13.418998
0.0,1,13.421652
0.0,1,13.424049
0.0,1,13.426383
0.0,1,13.428693
0.0,1,13.430383
0.0,1,13.432178
0.0,1,13.433824
0.0,1,13.435444
0.0,1,13.437543
0.0,1,13.439336
0.0,1,13.441921
0.0,1,13.444288
0.0,1,13.446684
0.0,1,13.448966
0.0,1,13.450621
0.0,1,13.452276
0.0,1,13.454631
0.0,1,13.456702
0.0,1,13.458346
0.0,1,13.459934
0.0,1,13.461528
0.0,1,13.463114
0.0,1,13.466167
0.0,1,13.468771
0.0,1,13.471844
0.0,1,13.474609
0.0,1,13.476722
0.0,1,13.478376
0.0,1,13.48004
0.0,1,13.481784
0.0,1,13.483427
0.0,1,13.485099
0.0,1,13.487222
0.0,1,13.488916
0.0,1,13.490762
0.0,1,13.492415
0.0,1,13.494109
0.0,1,13.49571
0.0,1,13.49744
0.0,1,13.499218
0.0,1,13.500869
0.0,1,13.502462
0.0,1,13.504795
0.0,1,13.506854
0.0,1,13.508558
0.0,1,13.510195
0.0,1,13.511823
0.0,1,13.513479
0.0,1,13.515285
0.0,1,13.51694
0.0,1,13.518586
0.0,1,13.520861
0.0,1,13.522564
0.0,1,13.524649
0.0,1,13.526318
0.0,1,13.527874
0.0,1,13.529502
0.0,1,13.531238
0.0,1,13.532938
0.0,1,13.53459
0.0,1,13.536216
0.0,1,13.538383
0.0,1,13.540285
0.0,1,13.541903
0.0,1,13.543466
0.0,1,13.545045
0.0,1,13.546585
0.0,1,13.549732
0.0,1,13.552692
0.0,1,13.554912
0.0,1,13.557094
0.0,1,13.558742
0.0,1,13.560362
0.0,1,13.562027
0.0,1,13.563633
0.0,1,13.565338
0.0,1,13.566951
0.0,1,13.568573
0.0,1,13.570688
0.0,1,13.572508
0.0,1,13.574473
0.0,1,13.576222
0.0,1,13.577788
0.0,1,13.579331
0.0,1,13.581037
0.0,1,13.582715
0.0,1,13.584353
0.0,1,13.586013
0.0,1,13.58812
0.0,1,13.590229
0.0,1,13.591834
0.0,1,13.593432
0.0,1,13.594972
0.0,1,13.596534
0.0,1,13.598336
0.0,1,13.599933
0.0,1,13.601557
0.0,1,13.60377
0.0,1,13.605401
0.0,1,13.607441
0.0,1,13.609058
0.0,1,13.610669
0.0,1,13.612285
0.0,1,13.613984
0.0,1,13.61565
0.0,1,14.553005
0.0,1,14.555148
0.0,1,14.557216
0.0,1,14.560827
0.0,1,14.56329
0.0,1,14.56514
0.0,1,14.566754
0.0,1,14.568351
0.0,1,14.570197
0.0,1,14.572331
0.0,1,14.573938
0.0,1,14.575561
0.0,1,14.577257
0.0,1,14.578895
0.0,1,14.580511
0.0,1,14.5821
0.0,1,14.583753
0.0,1,14.58543
0.0,1,14.587071
0.0,1,14.590376
0.0,1,14.593305
0.0,1,14.595682
0.0,1,14.597928
0.0,1,14.600161
0.0,1,14.602519
0.0,1,14.604691
0.0,1,14.60626
0.0,1,14.608225
0.0,1,14.609876
0.0,1,14.611428
0.0,1,14.612987
0.0,1,14.61455
0.0,1,14.616184
0.0,1,14.617802
0.0,1,14.61945
0.0,1,14.621715
0.0,1,14.62345
0.0,1,14.625431
0.0,1,14.627052
0.0,1,14.628675
0.0,1,14.630287
0.0,1,14.631974
0.0,1,14.634923
0.0,1,14.638319
0.0,1,14.641591
0.0,1,14.643155
0.0,1,14.644714
0.0,1,14.646255
0.0,1,14.647954
0.0,1,14.649601
0.0,1,14.65118
0.0,1,14.652778
0.0,1,14.654786
0.0,1,14.656352
0.0,1,14.658205
0.0,1,14.65976
0.0,1,14.661376
0.0,1,14.662974
0.0,1,14.664592
0.0,1,14.666239
0.0,1,14.669053
0.0,1,14.671913
0.0,1,14.674503
0.0,1,14.676928
0.0,1,14.678946
0.0,1,14.680586
0.0,1,14.682256
0.0,1,14.685234
0.0,1,14.687854
0.0,1,14.690347
0.0,1,14.692864
0.0,1,14.695012
0.0,1,14.697353
0.0,1,14.699742
0.0,1,14.70191
0.0,1,14.704447
0.0,1,14.706427
0.0,1,14.708383
0.0,1,14.709943
0.0,1,14.711486
0.0,1,14.713038
0.0,1,14.714662
0.0,1,14.716472
0.0,1,14.718142
0.0,1,14.719839
0.0,1,14.721922
0.0,1,14.723824
0.0,1,14.725708
0.0,1,14.727314
0.0,1,14.728935
0.0,1,14.730533
0.0,1,14.732425
0.0,1,14.734019
0.0,1,14.735631
0.0,1,14.737252
0.0,1,14.739044
0.0,1,14.74112
0.0,1,14.742771
0.0,1,14.744404
0.0,1,14.746103
0.0,1,14.747721
0.0,1,14.749562
0.0,1,14.751279
0.0,1,14.753017
0.0,1,14.75525
0.0,1,14.757161
0.0,1,14.759013
0.0,1,14.760635
0.0,1,14.762191
0.0,1,14.763736
0.0,1,14.765456
0.0,1,14.767152
0.0,1,14.768839
0.0,1,14.770525
0.0,1,14.772323
0.0,1,14.774073
0.0,1,14.775855
0.0,1,14.777447
0.0,1,14.779037
0.0,1,14.780641
0.0,1,14.782384
0.0,1,14.784061
0.0,1,14.7858
0.0,1,14.78789
0.0,1,14.789566
0.0,1,14.791648
0.0,1,14.793285
0.0,1,14.794907
0.0,1,14.796546
0.0,1,14.798285
0.0,1,14.800019
0.0,1,14.801699
0.0,1,14.803296
0.0,1,14.805331
0.0,1,14.807128
0.0,1,14.809111
0.0,1,14.810694
0.0,1,14.812286
0.0,1,14.813922
0.0,1,14.815668
0.0,1,14.817416
0.0,1,14.819106
0.0,1,14.821316
0.0,1,14.823326
0.0,1,14.825274
0.0,1,14.827532
0.0,1,14.829794
0.0,1,14.831623
0.0,1,14.834005
0.0,1,14.83575
0.0,1,14.837708
0.0,1,14.839633
0.0,1,14.84153
0.0,1,14.843148
0.0,1,14.84479
0.0,1,14.846418
0.0,1,14.84829
0.0,1,14.850209
0.0,1,14.851942
0.0,1,14.853654
0.0,1,14.855923
0.0,1,14.857975
0.0,1,14.859666
0.0,1,14.861308
0.0,1,14.862931
0.0,1,14.864781
0.0,1,14.866751
0.0,1,14.868488
0.0,1,14.870148
0.0,1,14.872534
0.0,1,14.874177
0.0,1,14.875857
0.0,1,14.877476
0.0,1,14.879108
0.0,1,14.880774
0.0,1,14.88283
0.0,1,14.884519
0.0,1,14.886214
0.0,1,14.888724
0.0,1,14.890506
0.0,1,14.892468
0.0,1,14.894039
0.0,1,14.895615
0.0,1,14.897252
0.0,1,14.899268
0.0,1,14.900913
0.0,1,14.902597
0.0,1,14.904815
0.0,1,14.906413
0.0,1,14.908555
0.0,1,14.910221
0.0,1,14.91192
0.0,1,14.913609
0.0,1,14.91559
0.0,1,14.91733
0.0,1,14.919087
0.0,1,14.921117
0.0,1,14.923055
0.0,1,14.925222
0.0,1,14.927076
0.0,1,14.928797
0.0,1,14.93057
0.0,1,14.932613
0.0,1,14.934207
0.0,1,14.935775
0.0,1,14.937365
0.0,1,14.939419
0.0,1,14.941515
0.0,1,14.943148
0.0,1,14.944777
0.0,1,14.946404
0.0,1,14.948274
0.0,1,14.950042
0.0,1,14.9529
0.0,1,14.955863
0.0,1,14.958572
0.0,1,14.960876
0.0,1,14.96321
0.0,1,14.96514
0.0,1,14.966914
0.0,1,14.969287
0.0,1,14.971587
0.0,1,14.973266
0.0,1,14.975245
0.0,1,14.976935
0.0,1,14.978597
0.0,1,14.980245
0.0,1,14.982155
0.0,1,14.983947
0.0,1,14.985692
0.0,1,14.987367
0.0,1,14.990762
0.0,1,14.993124
0.0,1,14.995356
0.0,1,14.997059
0.0,1,14.999423
0.0,1,15.001791
0.0,1,15.003503
0.0,1,15.005493
0.0,1,15.007119
0.0,1,15.00908
0.0,1,15.010667
0.0,1,15.012305
0.0,1,15.01388
0.0,1,15.016156
0.0,1,15.018518
0.0,1,15.020898
0.0,1,15.023874
0.0,1,15.026498
0.0,1,15.028774
0.0,1,15.03118
0.0,1,15.033812
0.0,1,15.035874
0.0,1,15.037497
0.0,1,15.039255
0.0,1,15.040998
0.0,1,16.085317
0.0,1,16.087378
0.0,1,16.089915
0.0,1,16.09269
0.0,1,16.094374
0.0,1,16.096
0.0,1,16.097624
0.0,1,16.09945
0.0,1,16.101426
0.0,1,16.103183
0.0,1,16.105051
0.0,1,16.107107
0.0,1,16.109267
0.0,1,16.110907
0.0,1,16.112576
0.0,1,16.114227
0.0,1,16.116263
0.0,1,16.119553
0.0,1,16.123392
0.0,1,16.126267
0.0,1,16.128625
0.0,1,16.130912
0.0,1,16.133302
0.0,1,16.135838
0.0,1,16.137984
0.0,1,16.140121
0.0,1,16.142121
0.0,1,16.143844
0.0,1,16.145499
0.0,1,16.147103
0.0,1,16.148959
0.0,1,16.152267
0.0,1,16.155285
0.0,1,16.157904
0.0,1,16.160305
0.0,1,16.162135
0.0,1,16.163763
0.0,1,16.165863
0.0,1,16.167945
0.0,1,16.169774
0.0,1,16.171555
0.0,1,16.173535
0.0,1,16.175314
0.0,1,16.177091
0.0,1,16.178728
0.0,1,16.180363
0.0,1,16.182099
0.0,1,16.184741
0.0,1,16.186743
0.0,1,16.188794
0.0,1,16.190753
0.0,1,16.192982
0.0,1,16.194642
0.0,1,16.196214
0.0,1,16.197843
0.0,1,16.199708
0.0,1,16.201707
0.0,1,16.203439
0.0,1,16.205395
0.0,1,16.208053
0.0,1,16.21059
0.0,1,16.213026
0.0,1,16.215543
0.0,1,16.218022
0.0,1,16.219854
0.0,1,16.221592
0.0,1,16.223427
0.0,1,16.22553
0.0,1,16.227152
0.0,1,16.228759
0.0,1,16.230407
0.0,1,16.232191
0.0,1,16.234393
0.0,1,16.236127
0.0,1,16.237906
0.0,1,16.240164
0.0,1,16.242251
0.0,1,16.243873
0.0,1,16.245466
0.0,1,16.24706
0.0,1,16.248809
0.0,1,16.250773
0.0,1,16.252737
0.0,1,16.254447
0.0,1,16.256518
0.0,1,16.258314
0.0,1,16.260099
0.0,1,16.262286
0.0,1,16.26455
0.0,1,16.267844
0.0,1,16.271177
0.0,1,16.273836
0.0,1,16.275848
0.0,1,16.277435
0.0,1,16.278996
0.0,1,16.280607
0.0,1,16.282524
0.0,1,16.285034
0.0,1,16.287403
0.0,1,16.289892
0.0,1,16.29167
0.0,1,16.293359
0.0,1,16.294975
0.0,1,16.296581
0.0,1,16.298215
0.0,1,16.301569
0.0,1,16.304673
0.0,1,16.306844
0.0,1,16.308826
0.0,1,16.310416
0.0,1,16.312067
0.0,1,16.313667
0.0,1,16.315293
0.0,1,16.317367
0.0,1,16.319112
0.0,1,16.320826
0.0,1,16.3231
0.0,1,16.32497
0.0,1,16.326643
0.0,1,16.328248
0.0,1,16.329869
0.0,1,16.331549
0.0,1,16.333494
0.0,1,16.33536
0.0,1,16.337072
0.0,1,16.339079
0.0,1,16.340757
0.0,1,16.342698
0.0,1,16.344287
0.0,1,16.345862
0.0,1,16.34743
0.0,1,16.34909
0.0,1,16.350904
0.0,1,16.352569
0.0,1,16.354313
0.0,1,16.356574
0.0,1,16.35846
0.0,1,16.360365
0.0,1,16.361976
0.0,1,16.36354
0.0,1,16.365211
0.0,1,16.366987
0.0,1,16.368605
0.0,1,16.370278
0.0,1,16.371881
0.0,1,16.373664
0.0,1,16.375322
0.0,1,16.377012
0.0,1,16.378564
0.0,1,16.380147
0.0,1,16.38179
0.0,1,16.385033
0.0,1,16.387915
0.0,1,16.391323
0.0,1,16.393601
0.0,1,16.395173
0.0,1,16.397395
0.0,1,16.399127
0.0,1,16.401142
0.0,1,16.402777
0.0,1,16.404437
0.0,1,16.406669
0.0,1,16.408422
0.0,1,16.410457
0.0,1,16.412058
0.0,1,16.413676
0.0,1,16.415299
0.0,1,16.417637
0.0,1,16.419316
0.0,1,16.420998
0.0,1,16.423335
0.0,1,16.425189
0.0,1,16.427152
0.0,1,16.4289
0.0,1,16.430495
0.0,1,16.432132
0.0,1,16.434322
0.0,1,16.436374
0.0,1,16.43804
0.0,1,16.440102
0.0,1,16.441869
0.0,1,16.443729
0.0,1,16.445333
0.0,1,16.446923
0.0,1,16.448531
0.0,1,16.450599
-0.03096,2,16.454112
0.0,1,16.456903
0.0,1,16.459839
0.0,1,16.461716
0.0,1,16.463374
0.0,1,16.465092
0.0,1,16.467091
0.0,1,16.468874
0.0,1,16.470545
0.0,1,16.472813
0.0,1,16.474465
0.0,1,16.476431
0.0,1,16.478164
0.0,1,16.47982
0.0,1,16.481494
0.0,1,16.483563
0.0,1,16.485264
0.0,1,16.487002
0.0,1,16.488647
0.0,1,16.490829
0.0,1,16.492919
0.0,1,16.494571
0.0,1,16.496252
0.0,1,16.497957
0.0,1,16.500321
0.0,1,16.502035
0.0,1,16.503634
0.0,1,16.505297
0.0,1,16.507455
0.0,1,16.509443
0.0,1,16.511147
0.0,1,16.512817
0.0,1,16.514443
0.0,1,16.516337
0.0,1,16.518135
0.0,1,16.519899
0.0,1,16.521624
0.0,1,16.523911
0.0,1,16.525972
0.0,1,16.527695
0.0,1,16.529371
0.0,1,16.531023
0.0,1,16.533009
0.0,1,16.534785
0.0,1,16.536453
0.0,1,16.538038
0.0,1,16.540056
0.0,1,16.541743
0.0,1,16.543765
0.0,1,16.545427
0.0,1,16.547058
0.0,1,16.548752
0.0,1,16.551131
0.0,1,16.552844
0.0,1,16.554523
0.0,1,16.556822
0.0,1,16.558715
0.0,1,16.56057
0.0,1,16.562252
0.0,1,16.563898
0.0,1,16.5656
0.0,1,16.567942
0.0,1,16.569585
0.0,1,16.571201
0.0,1,16.573368
0.0,1,16.576142
0.0,1,16.578134
0.0,1,16.579703
0.0,1,16.581286
0.0,1,17.550335
0.0,1,17.553609
0.0,1,17.556001
0.0,1,17.55858
0.0,1,17.561167
0.0,1,17.56292
0.0,1,17.564516
0.0,1,17.566115
0.0,1,17.567731
0.0,1,17.569564
0.0,1,17.571143
0.0,1,17.572726
0.0,1,17.574819
0.0,1,17.576804
0.0,1,17.578499
0.0,1,17.580067
0.0,1,17.581651
0.0,1,17.583224
0.0,1,17.585284
0.0,1,17.587234
0.0,1,17.589247
0.0,1,17.591725
0.0,1,17.593976
0.0,1,17.595602
0.0,1,17.5973
0.0,1,17.598901
0.0,1,17.600621
0.0,1,17.602489
0.0,1,17.604131
0.0,1,17.605797
0.0,1,17.608106
0.0,1,17.610127
0.0,1,17.611775
0.0,1,17.613434
0.0,1,17.615066
0.0,1,17.616719
0.0,1,17.619661
0.0,1,17.622311
0.0,1,17.625255
0.0,1,17.627977
0.0,1,17.63038
0.0,1,17.632098
0.0,1,17.63374
0.0,1,17.635448
0.0,1,17.637068
0.0,1,17.638681
0.0,1,17.64084
0.0,1,17.642551
0.0,1,17.644764
0.0,1,17.646351
0.0,1,17.647968
0.0,1,17.649587
0.0,1,17.651244
0.0,1,17.652925
0.0,1,17.654602
0.0,1,17.65621
0.0,1,17.658047
0.0,1,17.660093
0.0,1,17.661846
0.0,1,17.663534
0.0,1,17.665217
0.0,1,17.666872
0.0,1,17.668501
0.0,1,17.670093
0.0,1,17.671693
0.0,1,17.673377
0.0,1,17.675032
0.0,1,17.67664
0.0,1,17.678247
0.0,1,17.679843
0.0,1,17.681476
0.0,1,17.683076
0.0,1,17.684727
0.0,1,17.68633
0.0,1,17.687917
0.0,1,17.689522
0.0,1,17.691119
0.0,1,17.692722
0.0,1,17.694351
0.0,1,17.695951
0.0,1,17.697568
0.0,1,17.699199
0.0,1,17.700825
0.0,1,17.702411
0.0,1,17.703996
0.0,1,17.706836
0.0,1,17.709872
0.0,1,17.713043
0.0,1,17.714652
0.0,1,17.716257
0.0,1,17.717871
0.0,1,17.720017
0.0,1,17.721698
0.0,1,17.723362
0.0,1,17.725014
0.0,1,17.72667
0.0,1,17.728329
0.0,1,17.729999
0.0,1,17.731662
0.0,1,17.733324
0.0,1,17.735013
0.0,1,17.73666
0.0,1,17.738297
0.0,1,17.739932
0.0,1,17.741572
0.0,1,17.743249
0.0,1,17.744912
0.0,1,17.746546
0.0,1,17.748176
0.0,1,17.749809
0.0,1,17.751477
0.0,1,17.753174
0.0,1,17.754817
0.0,1,17.786485
0.0,1,17.78809
0.0,1,17.789688
0.0,1,17.79129
0.0,1,17.792888
0.0,1,17.794478
0.0,1,17.796079
0.0,1,17.797724
0.0,1,17.799361
0.0,1,17.801017
0.0,1,17.80266
0.0,1,17.804316
0.0,1,17.805964
0.0,1,17.807603
0.0,1,17.809237
0.0,1,17.810875
0.0,1,17.812524
0.0,1,17.814167
0.0,1,17.815834
0.0,1,17.817497
0.0,1,17.819133
0.0,1,17.820777
0.0,1,17.822427
0.0,1,17.82406
0.0,1,17.825702
0.0,1,17.827337
0.0,1,17.828985
0.0,1,17.830621
0.0,1,17.832267
0.0,1,17.833909
0.0,1,17.835549
0.0,1,17.837246
0.0,1,17.839027
0.0,1,17.84073
0.0,1,17.842412
0.0,1,17.84407
0.0,1,17.845764
0.0,1,17.847448
0.0,1,17.849145
0.0,1,17.850982
0.0,1,17.852736
0.0,1,17.854423
0.0,1,17.856096
0.0,1,17.857785
0.0,1,17.85947
0.0,1,17.861205
0.0,1,17.863022
0.0,1,17.864819
0.0,1,17.866569
0.0,1,17.868296
0.0,1,17.871185
0.0,1,17.873756
0.0,1,17.876108
0.0,1,17.878465
0.0,1,17.880827
0.0,1,17.882562
0.0,1,17.884882
0.0,1,17.886527
0.0,1,17.888137
0.0,1,17.889781
0.0,1,17.891449
0.0,1,17.893198
0.0,1,17.895252
0.0,1,17.89703
0.0,1,17.89865
0.0,1,17.900284
0.0,1,17.90238
0.0,1,17.903959
0.0,1,17.905572
0.0,1,17.907481
0.0,1,17.909157
0.0,1,17.910976
0.0,1,17.912642
0.0,1,17.91432
0.0,1,17.915974
0.0,1,17.917634
0.0,1,17.919274
0.0,1,17.920919
0.0,1,17.922534
0.0,1,17.924345
0.0,1,17.925964
0.0,1,17.927574
0.0,1,17.929236
0.0,1,17.930814
0.0,1,17.932427
0.0,1,17.93418
0.0,1,17.935884
0.0,1,17.938121
0.0,1,17.93975
0.0,1,17.941436
0.0,1,17.94301
0.0,1,17.944696
0.0,1,17.946546
0.0,1,17.948153
0.0,1,17.9498
0.0,1,17.951397
0.0,1,17.953085
0.0,1,17.954709
0.0,1,17.956301
0.0,1,17.957984
0.0,1,17.959579
0.0,1,17.96145
0.0,1,17.963058
0.0,1,17.964668
0.0,1,17.966282
0.0,1,17.967903
0.0,1,17.969538
0.0,1,17.971157
0.0,1,17.972786
0.0,1,17.974447
0.0,1,17.97606
0.0,1,17.97786
0.0,1,17.979492
0.0,1,17.98113
0.0,1,17.982744
0.0,1,17.984362
0.0,1,17.986012
0.0,1,17.98761
0.0,1,17.98925
0.0,1,17.990872
0.0,1,17.992511
0.0,1,17.994339
0.0,1,17.995998
0.0,1,17.997583
0.0,1,17.999156
0.0,1,18.00079
0.0,1,18.002401
0.0,1,18.003946
0.0,1,18.005577
0.0,1,18.007319
0.0,1,18.009079
0.0,1,18.012296
0.0,1,18.015548
0.0,1,18.018693
0.0,1,18.02075
0.0,1,18.022353
0.0,1,18.024257
0.0,1,18.025849
0.0,1,18.027995
0.0,1,18.029634
0.0,1,18.031254
0.0,1,18.032876
0.0,1,18.034609
0.0,1,18.951522
0.0,1,18.953434
0.0,1,18.955886
0.0,1,18.958722
0.0,1,18.961948
0.0,1,18.964529
0.0,1,18.966982
0.0,1,18.96946
0.0,1,18.971854
0.0,1,18.973713
0.0,1,18.975755
0.0,1,18.977877
0.0,1,18.979579
0.0,1,18.981231
0.0,1,18.982823
0.0,1,18.984421
0.0,1,18.986037
0.0,1,18.98764
0.0,1,18.989288
0.0,1,18.99146
0.0,1,18.993105
0.0,1,18.99522
0.0,1,18.997049
0.0,1,18.998757
0.0,1,19.000411
0.0,1,19.002101
0.0,1,19.003839
0.0,1,19.005529
0.0,1,19.007195
0.0,1,19.008999
0.0,1,19.010684
0.0,1,19.012499
0.0,1,19.014169
0.0,1,19.015823
0.0,1,19.017434
0.0,1,19.019172
0.0,1,19.02082
0.0,1,19.022432
0.0,1,19.024033
0.0,1,19.025725
0.0,1,19.027692
0.0,1,19.029372
0.0,1,19.031002
0.0,1,19.032648
0.0,1,19.034277
0.0,1,19.035928
0.0,1,19.037553
0.0,1,19.039165
0.0,1,19.041202
0.0,1,19.04288
0.0,1,19.044907
0.0,1,19.04649
0.0,1,19.048066
0.0,1,19.049678
0.0,1,19.051286
0.0,1,19.052927
0.0,1,19.054601
0.0,1,19.056211
0.0,1,19.058211
0.0,1,19.059832
0.0,1,19.061722
0.0,1,19.063343
0.0,1,19.064961
0.0,1,19.066573
0.0,1,19.068188
0.0,1,19.069842
0.0,1,19.071444
0.0,1,19.073076
0.0,1,19.075232
0.0,1,19.076941
0.0,1,19.078995
0.0,1,19.080713
0.0,1,19.08241
0.0,1,19.084228
0.0,1,19.085914
0.0,1,19.087577
0.0,1,19.089269
0.0,1,19.091376
0.0,1,19.093259
0.0,1,19.095202
0.0,1,19.09686
0.0,1,19.098485
0.0,1,19.100111
0.0,1,19.10179
0.0,1,19.103446
0.0,1,19.10508
0.0,1,19.106709
0.0,1,19.108717
0.0,1,19.110458
0.0,1,19.112217
0.0,1,19.113848
0.0,1,19.115494
0.0,1,19.117141
0.0,1,19.11877
0.0,1,19.120409
0.0,1,19.122026
0.0,1,19.123633
0.0,1,19.125808
0.0,1,19.127784
0.0,1,19.129481
0.0,1,19.131115
0.0,1,19.132742
0.0,1,19.134347
0.0,1,19.135981
0.0,1,19.13761
0.0,1,19.13922
0.0,1,19.141037
0.0,1,19.142765
0.0,1,19.144797
0.0,1,19.146422
0.0,1,19.148029
0.0,1,19.149631
0.0,1,19.151268
0.0,1,19.152946
0.0,1,19.154583
0.0,1,19.156182
0.0,1,19.158272
0.0,1,19.159875
0.0,1,19.161805
0.0,1,19.163429
0.0,1,19.165044
0.0,1,19.166655
0.0,1,19.168246
0.0,1,19.169906
0.0,1,19.171493
0.0,1,19.1731
0.0,1,19.175285
0.0,1,19.176987
0.0,1,19.179013
0.0,1,19.180629
0.0,1,19.18223
0.0,1,19.18383
0.0,1,19.185512
0.0,1,19.187252
0.0,1,19.188949
0.0,1,19.190541
0.0,1,19.19257
0.0,1,19.194208
0.0,1,19.195921
0.0,1,19.197547
0.0,1,19.199156
0.0,1,19.200839
0.0,1,19.202453
0.0,1,19.204123
0.0,1,19.20576
0.0,1,19.207368
0.0,1,19.209265
0.0,1,19.210934
0.0,1,19.212661
0.0,1,19.214284
0.0,1,19.215887
0.0,1,19.217492
0.0,1,19.219189
0.0,1,19.220831
0.0,1,19.222436
0.0,1,19.224075
0.0,1,19.225852
0.0,1,19.227746
0.0,1,19.229436
0.0,1,19.231061
0.0,1,19.232692
0.0,1,19.234301
0.0,1,19.235965
0.0,1,19.237604
0.0,1,19.239218
0.0,1,19.24083
0.0,1,19.242876
0.0,1,19.245044
0.0,1,19.246624
0.0,1,19.248177
0.0,1,19.249802
0.0,1,19.251402
0.0,1,19.253071
0.0,1,19.254714
0.0,1,19.256327
0.0,1,19.258371
0.0,1,19.259995
0.0,1,19.261888
0.0,1,19.263514
0.0,1,19.265129
0.0,1,19.266723
0.0,1,19.268318
0.0,1,19.269972
0.0,1,19.271577
0.0,1,19.273195
0.0,1,19.275363
0.0,1,19.277055
0.0,1,19.278995
0.0,1,19.280632
0.0,1,19.282236
0.0,1,19.283815
0.0,1,19.285499
0.0,1,19.287122
0.0,1,19.288714
0.0,1,19.290319
0.0,1,19.292213
0.0,1,19.294007
0.0,1,19.295726
0.0,1,19.297389
0.0,1,19.298983
0.0,1,19.300595
0.0,1,19.302237
0.0,1,19.303865
0.0,1,19.305471
0.0,1,19.307066
0.0,1,19.309315
0.0,1,19.311339
0.0,1,19.312997
0.0,1,19.314582
0.0,1,19.316179
0.0,1,19.317779
0.0,1,19.319439
0.0,1,19.321068
0.0,1,19.32268
0.0,1,19.324288
0.0,1,19.325967
0.0,1,19.327916
0.0,1,19.329623
0.0,1,19.331246
0.0,1,19.332864
0.0,1,19.335053
0.0,1,19.336739
0.0,1,19.338353
0.0,1,19.339967
0.0,1,19.342118
0.0,1,19.343878
0.0,1,19.345683
0.0,1,19.3473
0.0,1,19.348918
0.0,1,19.350496
0.0,1,19.352158
0.0,1,19.353793
0.0,1,19.355423
0.0,1,19.35705
0.0,1,19.359021
0.0,1,19.360732
0.0,1,19.362426
0.0,1,19.364039
0.0,1,19.365666
0.0,1,19.36727
0.0,1,19.36894
0.0,1,19.370611
0.0,1,19.372218
0.0,1,19.373832
0.0,1,19.375998
0.0,1,19.377986
0.0,1,19.37962
0.0,1,19.38125
0.0,1,19.38287
0.0,1,19.384493
0.0,1,19.386107
0.0,1,19.387728
0.0,1,19.389351
0.0,1,19.39098
0.0,1,19.392792
0.0,1,19.394889
