#{"t_start": 1630962398.2834723, "env_id": "CliffWalking-v0"}
r,l,t
-64434,33348,195.476666
-448,349,195.995377
-424,424,196.554708
-99,99,196.679959
-786,786,207.567651
-199,100,207.70743
-182,182,207.933712
-410,311,208.319779
-150,51,208.383105
-113,113,208.525164
-219,120,208.674579
-102,102,208.799613
-375,375,209.285017
-268,169,209.495849
-444,345,219.718921
-113,113,219.864364
-63,63,219.946924
-210,111,220.085525
-145,46,220.143008
-359,260,220.477318
-239,140,220.680566
-70,70,220.769641
-129,129,220.930987
-144,144,221.113246
-50,50,221.175632
-123,123,221.335712
-117,117,221.484169
-115,115,221.629684
-206,206,221.876717
-85,85,221.980157
-248,149,222.189172
-128,128,232.079468
-50,50,232.149721
-75,75,232.246045
-136,37,232.291805
-33,33,232.332674
-59,59,232.410102
-52,52,232.474239
-47,47,232.536769
-84,84,232.641544
-59,59,232.719682
-53,53,232.790712
-71,71,232.881788
-37,37,232.928311
-48,48,232.988894
-55,55,233.057678
-106,106,233.193103
-61,61,233.269133
-74,74,233.361453
-59,59,233.433461
-38,38,233.50037
-186,87,233.610366
-34,34,233.652807
-55,55,233.716776
-87,87,233.818584
-143,44,233.870887
-63,63,233.950907
-48,48,234.01215
-52,52,234.076988
-177,78,234.170943
-132,33,234.210901
-33,33,234.249027
-43,43,234.301388
-87,87,234.413287
-107,107,234.549688
-59,59,234.62017
-43,43,244.485195
-45,45,244.546864
-24,24,244.576449
-136,37,244.622729
-58,58,244.697409
-71,71,244.786176
-41,41,244.837806
-22,22,244.887346
-137,38,244.940637
-154,55,245.014343
-29,29,245.048689
-22,22,245.074722
-44,44,245.127786
-50,50,245.189506
-39,39,245.237926
-38,38,245.285276
-56,56,245.35626
-26,26,245.389281
-28,28,245.422929
-25,25,245.458252
-58,58,245.526711
-126,27,245.564319
-27,27,245.597306
-26,26,245.628478
-25,25,245.658816
-29,29,245.694228
-52,52,245.759761
-51,51,245.81998
-26,26,245.853455
-24,24,245.885665
-24,24,245.916073
-41,41,245.966806
-54,54,246.031602
-51,51,246.093185
-36,36,246.136166
-37,37,246.180858
-49,49,246.243938
-38,38,246.291879
-33,33,246.336423
-39,39,246.382913
-68,68,246.486577
-149,50,246.549681
-40,40,246.600479
-30,30,246.637823
-23,23,246.666974
-27,27,246.701241
-35,35,246.748352
-60,60,246.821855
-41,41,246.871522
-56,56,246.949309
-49,49,247.009996
-35,35,247.051593
-46,46,256.90598
-27,27,256.948369
-34,34,256.993636
-29,29,257.034366
-41,41,257.089389
-37,37,257.136254
-31,31,257.175498
-43,43,257.230905
-30,30,257.267915
-18,18,257.291079
-28,28,257.326515
-40,40,257.378288
-33,33,257.424884
-25,25,257.456639
-29,29,257.49342
-25,25,257.525196
-28,28,257.559504
-20,20,257.584873
-25,25,257.615759
-30,30,257.653091
-28,28,257.688264
-25,25,257.719809
-19,19,257.743598
-21,21,257.769469
-38,38,257.816931
-40,40,257.891595
-27,27,257.930634
-20,20,257.955977
-28,28,257.990587
-27,27,258.023124
-25,25,258.052907
-23,23,258.081107
-31,31,258.117727
-32,32,258.155674
-24,24,258.184637
-22,22,258.211561
-23,23,258.239369
-37,37,258.285256
-41,41,258.335593
-47,47,258.393956
-29,29,258.431117
-24,24,258.460747
-18,18,258.483058
-22,22,258.510436
-19,19,258.534198
-20,20,258.55916
-40,40,258.608684
-47,47,258.666633
-23,23,258.695758
-24,24,258.726539
-35,35,258.770511
-26,26,258.803841
-21,21,258.831055
-26,26,258.864514
-19,19,258.889442
-24,24,258.920625
-31,31,258.960153
-35,35,259.004519
-23,23,259.033495
-19,19,259.060265
-24,24,259.089545
-26,26,259.121936
-29,29,259.157864
-41,41,259.209348
-28,28,259.244229
-35,35,259.287892
-31,31,259.329477
-25,25,259.361499
-39,39,259.411334
-43,43,259.486966
-36,36,269.314758
-21,21,269.34909
-27,27,269.38478
-35,35,269.4315
-28,28,269.468333
-23,23,269.498919
-30,30,269.537666
-21,21,269.565225
-24,24,269.596138
-19,19,269.621259
-30,30,269.659278
-27,27,269.693461
-22,22,269.72142
-34,34,269.764095
-27,27,269.798152
-20,20,269.823606
-23,23,269.852821
-31,31,269.892457
-25,25,269.924025
-20,20,269.950173
-26,26,269.982746
-17,17,270.004404
-24,24,270.034885
-31,31,270.075069
-27,27,270.109729
-24,24,270.140975
-21,21,270.16784
-22,22,270.196069
-21,21,270.223404
-25,25,270.255605
-21,21,270.282779
-26,26,270.316245
-19,19,270.340935
-22,22,270.369249
-29,29,270.406521
-24,24,270.437364
-23,23,270.466311
-28,28,270.502435
-21,21,270.529189
-28,28,270.570286
-24,24,270.60072
-36,36,270.647169
-29,29,270.684463
-21,21,270.711735
-136,37,270.759062
-19,19,270.783567
-18,18,270.806521
-17,17,270.828853
-23,23,270.876052
-25,25,270.912338
-34,34,270.956336
-20,20,270.980852
-24,24,271.011501
-22,22,271.039235
-25,25,271.070745
-27,27,271.104802
-31,31,271.144215
-32,32,271.184375
-29,29,271.221158
-23,23,271.25026
-29,29,271.287067
-27,27,271.321805
-17,17,271.343553
-32,32,271.383326
-19,19,271.407447
-36,36,271.450668
-20,20,271.474809
-22,22,271.501031
-27,27,271.534046
-29,29,271.570342
-35,35,271.61495
-26,26,271.647413
-25,25,271.679071
-34,34,271.721781
-18,18,271.746078
-25,25,271.777978
-21,21,271.804336
-26,26,271.841039
-21,21,271.869944
-22,22,271.898501
-17,17,271.920812
-25,25,271.951861
-41,41,281.778155
-24,24,281.811528
-29,29,281.84912
-18,18,281.872655
-22,22,281.9019
-21,21,281.935973
-18,18,281.963715
-22,22,281.992503
-17,17,282.015072
-19,19,282.040058
-20,20,282.066652
-30,30,282.105665
-17,17,282.127857
-24,24,282.164586
-20,20,282.191134
-32,32,282.232522
-19,19,282.257451
-19,19,282.307166
-19,19,282.332588
-27,27,282.371047
-21,21,282.402802
-19,19,282.427114
-21,21,282.454575
-21,21,282.481914
-20,20,282.507763
-32,32,282.552494
-24,24,282.583185
-18,18,282.605945
-17,17,282.627833
-32,32,282.669248
-18,18,282.695378
-20,20,282.722493
-18,18,282.745275
-22,22,282.772804
-18,18,282.795537
-21,21,282.821858
-21,21,282.848299
-21,21,282.874633
-23,23,282.902939
-26,26,282.934721
-24,24,282.965491
-25,25,283.000166
-24,24,283.030615
-18,18,283.053468
-22,22,283.081415
-20,20,283.106816
-18,18,283.134176
-20,20,283.159775
-22,22,283.187221
-23,23,283.215744
-23,23,283.243862
-17,17,283.264733
-21,21,283.290722
-22,22,283.322161
-23,23,283.351451
-17,17,283.373074
-22,22,283.400322
-17,17,283.422154
-23,23,283.452
-33,33,283.49434
-22,22,283.521841
-20,20,283.546338
-19,19,283.569031
-18,18,283.591117
-18,18,283.613191
-22,22,283.640834
-19,19,283.664185
-18,18,283.686181
-31,31,283.724345
-30,30,283.763816
-18,18,283.786584
-20,20,283.812233
-21,21,283.839022
-18,18,283.861669
-19,19,283.885773
-19,19,283.927431
-21,21,283.962955
-20,20,283.989728
-20,20,284.014671
-18,18,284.037111
-18,18,284.064279
-21,21,284.094577
-27,27,284.129033
-23,23,284.158326
-23,23,284.186613
-18,18,284.209362
-23,23,284.238212
-23,23,284.266666
-20,20,284.290723
-28,28,284.329458
-24,24,284.366418
-26,26,284.397934
-17,17,284.418837
-18,18,284.4413
-17,17,294.391477
-19,19,294.416773
-21,21,294.445277
-18,18,294.469574
-19,19,294.495032
-20,20,294.521292
-25,25,294.559353
-19,19,294.583658
-26,26,294.618125
-19,19,294.643178
-20,20,294.669026
-17,17,294.69106
-22,22,294.724567
-17,17,294.75152
-17,17,294.773793
-21,21,294.80044
-23,23,294.830163
-21,21,294.85702
-18,18,294.880004
-19,19,294.904412
-23,23,294.934357
-18,18,294.957386
-21,21,294.984263
-19,19,295.008785
-22,22,295.036236
-21,21,295.062855
-20,20,295.088323
-17,17,295.109828
-17,17,295.131367
-21,21,295.159278
-18,18,295.181997
-19,19,295.205324
-21,21,295.23151
-22,22,295.259327
-21,21,295.285922
-23,23,295.320045
-19,19,295.342808
-23,23,295.371125
-21,21,295.398546
-19,19,295.428204
-25,25,295.459561
-24,24,295.48934
-17,17,295.531611
-20,20,295.561836
-20,20,295.587409
-18,18,295.609295
-17,17,295.629728
-17,17,295.650423
-22,22,295.67683
-18,18,295.698644
-18,18,295.720552
-19,19,295.745385
-20,20,295.770478
-23,23,295.798837
-23,23,295.826324
-18,18,295.848442
-21,21,295.873466
-22,22,295.900587
-21,21,295.925761
-18,18,295.947335
-17,17,295.968016
-139,40,296.017581
-18,18,296.039366
-17,17,296.060571
-20,20,296.085391
-18,18,296.107549
-18,18,296.129623
-18,18,296.151418
-19,19,296.17479
-21,21,296.20062
-18,18,296.222493
-19,19,296.245882
-24,24,296.277912
-19,19,296.302531
-20,20,296.327794
-19,19,296.353138
-18,18,296.376137
-19,19,296.399247
-18,18,296.421362
-20,20,296.445616
-21,21,296.47097
-132,33,296.512213
-20,20,296.537379
-18,18,296.560014
-17,17,296.581366
-136,37,296.626507
-19,19,296.649967
-20,20,296.674706
-17,17,296.695727
-19,19,296.719359
-24,24,296.749321
-18,18,296.771969
-17,17,296.793026
-18,18,296.814567
-17,17,296.835452
-20,20,296.859875
-26,26,296.891587
-21,21,296.917718
-17,17,296.939601
-17,17,296.965988
-27,27,296.999639
-23,23,306.576165
-17,17,306.599758
-17,17,306.622613
-19,19,306.66779
-19,19,306.698538
-18,18,306.722867
-22,22,306.751664
-17,17,306.77365
-18,18,306.796798
-22,22,306.824877
-17,17,306.846709
-18,18,306.870582
-26,26,306.90427
-17,17,306.925378
-20,20,306.956372
-19,19,306.982359
-23,23,307.011499
-17,17,307.033053
-20,20,307.05836
-17,17,307.079595
-17,17,307.101433
-20,20,307.127275
-21,21,307.154736
-18,18,307.178833
-17,17,307.202207
-18,18,307.227821
-24,24,307.25859
-19,19,307.28301
-23,23,307.312567
-18,18,307.335698
-21,21,307.364733
-17,17,307.387539
-19,19,307.412386
-20,20,307.438617
-23,23,307.468067
-18,18,307.491083
-20,20,307.517465
-17,17,307.539245
-17,17,307.561677
-19,19,307.586518
-17,17,307.608882
-17,17,307.631174
-20,20,307.657552
-18,18,307.682696
-19,19,307.715529
-20,20,307.741994
-22,22,307.771983
-19,19,307.796653
-19,19,307.8214
-19,19,307.845834
-18,18,307.869172
-17,17,307.891127
-21,21,307.918032
-18,18,307.941148
-18,18,307.964663
-19,19,307.988672
-20,20,308.017894
-18,18,308.041084
-17,17,308.06281
-19,19,308.087353
-19,19,308.111977
-20,20,308.137234
-21,21,308.168038
-18,18,308.190642
-19,19,308.214333
-22,22,308.24147
-23,23,308.269555
-21,21,308.295477
-22,22,308.3443
-17,17,308.366622
-17,17,308.391524
-17,17,308.413279
-18,18,308.436322
-21,21,308.462934
-21,21,308.490003
-18,18,308.512808
-18,18,308.536227
-20,20,308.562028
-21,21,308.588784
-20,20,308.614469
-19,19,308.638788
-18,18,308.66261
-22,22,308.691259
-17,17,308.71364
-19,19,308.737832
-18,18,308.76072
-22,22,308.789221
-18,18,308.812418
-21,21,308.839497
-21,21,308.86586
-20,20,308.891645
-19,19,308.915572
-17,17,308.938197
-19,19,308.963047
-20,20,308.989173
-19,19,309.013905
-19,19,309.03871
-20,20,309.064836
-20,20,309.090694
-17,17,309.112407
-17,17,309.134707
-18,18,309.157914
-136,37,309.206121
-23,23,309.236575
-20,20,309.263034
-20,20,319.036165
-18,18,319.06124
-17,17,319.08433
-22,22,319.114363
-17,17,319.137295
-18,18,319.167155
-17,17,319.189591
-19,19,319.21455
-17,17,319.236587
-18,18,319.259881
-20,20,319.28556
-21,21,319.316663
-17,17,319.344293
-17,17,319.365848
-19,19,319.390296
-18,18,319.413318
-18,18,319.436633
-17,17,319.458778
-19,19,319.483637
-17,17,319.505995
-18,18,319.52955
-17,17,319.550742
-19,19,319.574567
-17,17,319.596241
-17,17,319.620972
-17,17,319.642259
-17,17,319.667871
-17,17,319.689345
-17,17,319.734387
-17,17,319.761322
-18,18,319.789177
-17,17,319.811773
-18,18,319.834841
-18,18,319.857478
-19,19,319.881499
-18,18,319.904612
-21,21,319.932157
-18,18,319.95425
-17,17,319.975132
-17,17,319.996263
-18,18,320.018542
-20,20,320.047818
-17,17,320.069431
-18,18,320.092043
-17,17,320.113203
-21,21,320.139598
-21,21,320.16579
-17,17,320.1867
-18,18,320.209117
-19,19,320.232667
-18,18,320.254735
-17,17,320.275874
-19,19,320.299416
-18,18,320.321666
-17,17,320.343828
-17,17,320.370982
-18,18,320.39389
-17,17,320.415721
-17,17,320.437429
-22,22,320.465657
-18,18,320.488855
-17,17,320.510327
-18,18,320.532367
-17,17,320.553246
-17,17,320.576355
-17,17,320.597443
-17,17,320.617938
-21,21,320.644417
-19,19,320.668207
-18,18,320.690733
-20,20,320.717069
-17,17,320.742095
-18,18,320.766366
-19,19,320.790594
-17,17,320.811661
-17,17,320.837436
-19,19,320.860458
-20,20,320.884984
-17,17,320.90559
-17,17,320.926992
-18,18,320.955753
-19,19,320.984504
-17,17,321.005588
-19,19,321.028972
-21,21,321.054632
-21,21,321.084129
-17,17,321.105305
-19,19,321.129201
-17,17,321.153363
-17,17,321.175542
-19,19,321.203033
-17,17,321.224154
-17,17,321.245571
-17,17,321.266767
-18,18,321.289828
-18,18,321.312025
-17,17,321.333078
-17,17,321.354538
-17,17,321.397436
-18,18,321.426846
-17,17,321.451208
-17,17,321.471257
-18,18,321.492489
-19,19,321.51553
-17,17,321.536652
-17,17,321.559372
-18,18,321.582954
-21,21,321.608207
-18,18,321.630583
-17,17,321.651558
-18,18,321.673112
-17,17,321.694062
-18,18,321.715941
-17,17,321.737394
-20,20,331.474044
-18,18,331.498455
-19,19,331.523923
-17,17,331.546591
-19,19,331.572001
-17,17,331.594342
-17,17,331.616515
-17,17,331.638684
-17,17,331.660385
-17,17,331.682082
-17,17,331.703087
-18,18,331.725477
-19,19,331.750139
-18,18,331.772466
-19,19,331.796107
-19,19,331.8199
-17,17,331.840916
-19,19,331.864056
-19,19,331.88761
-17,17,331.908902
-19,19,331.932981
-17,17,331.954778
-17,17,331.976533
-19,19,332.000576
-18,18,332.024255
-17,17,332.045564
-19,19,332.068511
-17,17,332.094434
-17,17,332.116191
-17,17,332.137696
-17,17,332.159668
-17,17,332.181476
-17,17,332.203029
-19,19,332.226758
-17,17,332.248029
-17,17,332.269506
-17,17,332.291065
-17,17,332.312382
-17,17,332.334342
-17,17,332.357792
-17,17,332.379342
-17,17,332.400515
-17,17,332.42173
-17,17,332.443245
-17,17,332.46468
-17,17,332.486078
-17,17,332.507689
-17,17,332.528834
-17,17,332.54982
-17,17,332.571261
-17,17,332.592491
-18,18,332.615049
-20,20,332.640326
-17,17,332.661611
-17,17,332.700421
-17,17,332.725446
-17,17,332.748937
-17,17,332.771364
-17,17,332.793084
-17,17,332.814677
-17,17,332.839843
-17,17,332.859915
-17,17,332.885518
-19,19,332.908693
-17,17,332.930252
-17,17,332.952838
-17,17,332.974964
-18,18,332.998099
-18,18,333.02247
-18,18,333.046078
-17,17,333.071196
-17,17,333.092877
-17,17,333.114308
-18,18,333.137155
-17,17,333.158433
-17,17,333.179738
-17,17,333.201282
-17,17,333.223247
-17,17,333.245307
-17,17,333.267229
-17,17,333.289073
-17,17,333.310654
-17,17,333.332627
-17,17,333.359755
-17,17,333.381667
-17,17,333.40411
-17,17,333.430728
-19,19,333.454747
-19,19,333.478221
-17,17,333.498665
-17,17,333.527288
-17,17,333.55092
-17,17,333.572983
-17,17,333.595181
-17,17,333.61706
-17,17,333.638868
-17,17,333.660888
-17,17,333.682786
-19,19,333.707609
-17,17,333.729936
-17,17,333.751407
-19,19,333.774948
-17,17,333.795811
-17,17,333.817058
-17,17,333.838488
-17,17,333.860059
-17,17,333.881511
-17,17,333.90304
-17,17,333.924236
-17,17,333.94608
-17,17,333.967824
-17,17,333.989575
-17,17,334.011718
-17,17,334.033508
-17,17,334.054967
-18,18,334.077955
-17,17,334.099843
-17,17,334.12158
-17,17,344.158001
-17,17,344.183194
-17,17,344.206846
-17,17,344.229921
-17,17,344.252431
-17,17,344.274752
-17,17,344.297117
-20,20,344.32329
-17,17,344.345971
-17,17,344.38788
-17,17,344.411968
-17,17,344.436673
-17,17,344.459277
-17,17,344.482159
-19,19,344.507461
-19,19,344.533771
-17,17,344.556824
-19,19,344.581987
-17,17,344.604398
-17,17,344.626406
-17,17,344.648657
-133,34,344.692438
-18,18,344.715046
-17,17,344.736768
-17,17,344.762101
-18,18,344.785406
-17,17,344.807027
-17,17,344.829189
-249,51,344.898913
-17,17,344.92132
-17,17,344.943129
-17,17,344.9649
-17,17,344.986501
-20,20,345.015845
-19,19,345.040359
-17,17,345.062474
-17,17,345.084398
-19,19,345.108784
-20,20,345.134422
-17,17,345.15669
-18,18,345.179983
-17,17,345.20215
-17,17,345.224364
-17,17,345.249862
-17,17,345.272429
-18,18,345.29646
-17,17,345.322149
-17,17,345.344485
-17,17,345.366749
-18,18,345.394531
-17,17,345.416502
-17,17,345.438931
-17,17,345.46115
-17,17,345.482998
-17,17,345.505307
-132,33,345.552008
-17,17,345.573053
-17,17,345.594403
-17,17,345.615766
-18,18,345.639097
-17,17,345.661134
-134,35,345.706664
-17,17,345.728511
-17,17,345.750184
-17,17,345.772427
-17,17,345.794822
-17,17,345.817426
-17,17,345.839656
-17,17,345.861808
-17,17,345.883116
-18,18,345.905614
-17,17,345.926361
-18,18,345.949417
-17,17,345.971823
-17,17,345.993668
-17,17,346.019089
-17,17,346.060578
-17,17,346.083753
-17,17,346.106123
-17,17,346.12835
-17,17,346.15003
-17,17,346.172186
-17,17,346.198996
-19,19,346.223477
-17,17,346.246323
-17,17,346.26856
-17,17,346.289824
-17,17,346.310862
-17,17,346.332247
-17,17,346.35393
-19,19,346.377795
-132,33,346.420027
-18,18,346.443405
-17,17,346.465297
-17,17,346.493074
-17,17,346.51561
-17,17,346.537855
-17,17,346.5598
-17,17,346.582045
-17,17,346.604034
-19,19,346.629274
-17,17,346.651424
-17,17,346.673646
-18,18,346.697228
-17,17,346.719141
-17,17,346.740979
-17,17,346.762928
-17,17,346.78517
-19,19,346.80833
-17,17,346.828712
-19,19,346.85663
-17,17,346.878863
-17,17,356.656288
-17,17,356.678847
-17,17,356.704594
-21,21,356.731975
-17,17,356.75501
-17,17,356.780386
-17,17,356.802637
-17,17,356.825675
-17,17,356.851736
-17,17,356.873896
-17,17,356.896325
-17,17,356.91883
-17,17,356.940796
-17,17,356.96299
-17,17,356.996687
-19,19,357.022307
-19,19,357.046467
-17,17,357.068508
-18,18,357.091265
-17,17,357.112578
-17,17,357.134084
-19,19,357.158415
-17,17,357.180051
-17,17,357.201877
-17,17,357.2239
-17,17,357.245803
-17,17,357.267637
-17,17,357.289319
-17,17,357.310954
-17,17,357.33271
-17,17,357.354457
-17,17,357.375926
-17,17,357.397113
-17,17,357.418216
-17,17,357.439584
-17,17,357.479253
-17,17,357.501326
-20,20,357.527983
-17,17,357.549414
-19,19,357.573361
-132,33,357.614926
-18,18,357.638082
-17,17,357.659925
-17,17,357.681548
-17,17,357.704049
-17,17,357.728029
-20,20,357.757599
-17,17,357.780038
-17,17,357.805778
-17,17,357.827456
-17,17,357.849349
-17,17,357.871188
-17,17,357.892969
-17,17,357.914628
-17,17,357.936412
-17,17,357.958125
-17,17,357.979749
-18,18,358.00263
-17,17,358.025391
-17,17,358.047212
-17,17,358.069085
-18,18,358.092178
-17,17,358.114033
-17,17,358.135983
-18,18,358.1591
-19,19,358.183417
-17,17,358.205652
-19,19,358.229188
-18,18,358.251629
-17,17,358.273384
-17,17,358.294947
-19,19,358.319161
-17,17,358.340746
-17,17,358.361688
-17,17,358.382397
-17,17,358.407316
-18,18,358.429742
-17,17,358.450869
-17,17,358.47197
-17,17,358.493858
-17,17,358.515865
-17,17,358.537197
-17,17,358.558817
-17,17,358.580152
-17,17,358.601481
-19,19,358.625419
-17,17,358.64677
-17,17,358.667697
-17,17,358.688763
-17,17,358.709518
-17,17,358.730422
-17,17,358.75147
-17,17,358.772573
-17,17,358.793638
-17,17,358.814518
-17,17,358.835001
-17,17,358.85618
-19,19,358.879708
-18,18,358.902153
-17,17,358.923385
-17,17,358.94515
-17,17,358.966606
-17,17,358.98823
-17,17,359.010313
-17,17,359.031898
-18,18,359.055145
-18,18,359.096612
-17,17,359.118977
-19,19,359.143308
-17,17,359.16486
-17,17,359.186485
-132,33,359.228551
-17,17,359.250411
-17,17,359.272121
-17,17,359.293895
-17,17,359.315199
-19,19,369.120014
-19,19,369.151806
-17,17,369.174119
-17,17,369.196119
-17,17,369.218964
-17,17,369.241284
-17,17,369.263227
-17,17,369.284667
-17,17,369.306018
-17,17,369.327448
-17,17,369.349096
-17,17,369.370455
-17,17,369.391922
-18,18,369.414571
-17,17,369.436278
-17,17,369.458082
-17,17,369.479805
-17,17,369.501541
-17,17,369.524131
-18,18,369.547144
-17,17,369.568642
-17,17,369.590477
-17,17,369.612371
-17,17,369.634205
-17,17,369.65617
-17,17,369.678161
-17,17,369.700078
-17,17,369.721961
-17,17,369.743731
-17,17,369.765745
-17,17,369.787515
-17,17,369.809345
-17,17,369.831055
-17,17,369.852895
-17,17,369.874665
-17,17,369.896261
-17,17,369.917897
-17,17,369.939704
-17,17,369.961487
-17,17,369.982991
-19,19,370.0069
-17,17,370.028977
-17,17,370.05044
-17,17,370.071838
-17,17,370.093327
-17,17,370.114768
-17,17,370.136243
-17,17,370.159978
-17,17,370.180874
-17,17,370.201724
-17,17,370.222575
-17,17,370.243672
-17,17,370.26482
-17,17,370.285973
-17,17,370.311881
-17,17,370.333972
-17,17,370.356429
-17,17,370.378217
-19,19,370.40217
-17,17,370.423881
-17,17,370.448658
-17,17,370.472377
-17,17,370.511893
-17,17,370.535262
-19,19,370.559836
-17,17,370.581149
-17,17,370.60241
-22,22,370.629925
-17,17,370.651309
-17,17,370.673213
-17,17,370.698364
-17,17,370.72001
-17,17,370.741936
-17,17,370.763645
-17,17,370.785476
-17,17,370.807141
-17,17,370.829075
-18,18,370.852244
-17,17,370.873958
-17,17,370.897297
-17,17,370.921982
-17,17,370.943459
-17,17,370.964964
-17,17,370.986418
-17,17,371.012369
-17,17,371.034802
-17,17,371.056722
-17,17,371.078608
-17,17,371.104427
-17,17,371.125917
-17,17,371.14763
-17,17,371.169532
-17,17,371.191492
-17,17,371.213038
-17,17,371.234581
-17,17,371.256174
-19,19,371.280232
-18,18,371.303419
-17,17,371.324828
-17,17,371.345911
-17,17,371.367285
-18,18,371.390113
-17,17,371.41149
-17,17,371.43276
-17,17,371.454219
-17,17,371.47555
-17,17,371.496885
-17,17,371.51877
-17,17,371.541036
-17,17,371.562529
-19,19,371.586506
-17,17,371.607797
-17,17,371.628811
-17,17,371.650222
-18,18,371.673022
-17,17,371.694363
-17,17,371.716311
-17,17,371.738436
-17,17,371.760057
-17,17,381.583403
-17,17,381.608073
-17,17,381.632883
-17,17,381.655077
-17,17,381.677878
-17,17,381.700585
-18,18,381.724808
-17,17,381.747684
-18,18,381.771129
-19,19,381.796269
-19,19,381.820754
-18,18,381.843583
-18,18,381.867114
-17,17,381.889027
-18,18,381.912009
-18,18,381.95258
-17,17,381.975195
-19,19,381.999191
-19,19,382.028059
-17,17,382.052618
-17,17,382.075619
-23,23,382.104923
-17,17,382.127094
-18,18,382.149999
-17,17,382.17168
-17,17,382.193765
-17,17,382.216718
-18,18,382.245377
-20,20,382.27122
-19,19,382.295831
-17,17,382.317665
-17,17,382.33913
-19,19,382.363319
-19,19,382.387238
-17,17,382.412581
-17,17,382.43456
-17,17,382.457043
-18,18,382.480332
-17,17,382.502401
-17,17,382.525166
-19,19,382.549924
-19,19,382.574503
-17,17,382.596608
-17,17,382.62047
-17,17,382.641474
-19,19,382.66605
-20,20,382.696857
-17,17,382.718681
-17,17,382.740558
-17,17,382.762431
-20,20,382.78816
-17,17,382.809826
-17,17,382.83168
-18,18,382.854901
-17,17,382.876818
-17,17,382.89883
-18,18,382.922167
-19,19,382.946987
-17,17,382.969924
-17,17,382.992518
-17,17,383.019232
-17,17,383.041547
-18,18,383.06484
-19,19,383.089829
-17,17,383.112009
-18,18,383.135299
-17,17,383.157452
-17,17,383.180053
-18,18,383.203439
-19,19,383.228085
-17,17,383.250592
-17,17,383.272643
-18,18,383.296129
-20,20,383.322265
-17,17,383.344096
-18,18,383.371592
-18,18,383.399577
-17,17,383.421212
-17,17,383.443062
-17,17,383.465174
-17,17,383.487016
-18,18,383.510034
-18,18,383.533523
-18,18,383.556227
-17,17,383.580573
-17,17,383.603446
-17,17,383.643871
-17,17,383.667759
-17,17,383.6901
-18,18,383.712849
-20,20,383.738405
-19,19,383.766677
-21,21,383.797043
-17,17,383.81897
-18,18,383.842314
-18,18,383.865486
-17,17,383.887565
-17,17,383.909357
-17,17,383.931005
-18,18,383.954171
-19,19,383.978751
-18,18,384.003181
-18,18,384.02732
-17,17,384.054816
-17,17,384.077538
-17,17,384.10001
-18,18,384.12367
-18,18,384.146858
-18,18,384.170282
-17,17,384.192086
-18,18,384.215175
-17,17,384.23689
-17,17,384.258758
-19,19,384.282825
-18,18,384.305878
-17,17,384.327781
-17,17,394.079202
-17,17,394.10512
-17,17,394.128055
-17,17,394.150653
-18,18,394.174517
-17,17,394.20107
-17,17,394.225225
-17,17,394.248028
-17,17,394.269563
-17,17,394.291145
-17,17,394.317759
-18,18,394.341688
-17,17,394.364034
-17,17,394.385506
-18,18,394.408581
-17,17,394.430166
-17,17,394.451663
-17,17,394.473012
-17,17,394.494835
-21,21,394.522918
-17,17,394.544667
-18,18,394.566983
-17,17,394.588719
-17,17,394.610027
-17,17,394.630833
-17,17,394.652379
-18,18,394.675191
-18,18,394.70154
-17,17,394.722807
-17,17,394.74477
-19,19,394.769224
-17,17,394.794534
-18,18,394.817483
-17,17,394.839756
-17,17,394.861582
-17,17,394.88386
-17,17,394.906472
-17,17,394.92897
-17,17,394.95138
-19,19,394.976136
-17,17,394.998576
-17,17,395.038994
-18,18,395.063322
-17,17,395.085897
-17,17,395.109886
-17,17,395.130642
-17,17,395.151438
-17,17,395.172272
-17,17,395.192986
-18,18,395.214811
-17,17,395.235639
-17,17,395.256832
-18,18,395.278916
-17,17,395.299838
-18,18,395.321717
-19,19,395.34954
-17,17,395.37145
-17,17,395.39326
-17,17,395.417512
-18,18,395.441498
-17,17,395.462287
-17,17,395.482976
-17,17,395.508391
-17,17,395.536071
-17,17,395.557584
-17,17,395.579514
-17,17,395.601344
-18,18,395.624134
-17,17,395.646012
-17,17,395.668268
-17,17,395.690867
-17,17,395.713637
-17,17,395.736079
-19,19,395.760411
-17,17,395.782287
-17,17,395.804489
-17,17,395.830819
-17,17,395.853404
-17,17,395.874713
-17,17,395.895987
-17,17,395.917078
-17,17,395.938334
-18,18,395.960892
-17,17,395.982098
-17,17,396.003786
-17,17,396.025724
-17,17,396.049825
-18,18,396.074045
-17,17,396.095165
-17,17,396.115648
-17,17,396.136758
-17,17,396.158628
-17,17,396.18031
-17,17,396.202076
-17,17,396.223437
-17,17,396.244711
-17,17,396.266217
-18,18,396.28907
-20,20,396.314502
-17,17,396.336462
-17,17,396.358137
-17,17,396.379738
-17,17,396.401561
-17,17,396.423194
-18,18,396.445849
-18,18,396.469181
-17,17,396.491008
-17,17,396.513689
-17,17,396.536244
-17,17,396.55797
-17,17,396.579425
-17,17,396.600823
-17,17,396.622304
-17,17,396.662748
-17,17,396.68476
-18,18,396.713231
-17,17,396.738837
-17,17,396.760214
-17,17,406.541553
-17,17,406.564121
-17,17,406.58712
-17,17,406.609793
-17,17,406.635751
-17,17,406.660247
-17,17,406.683014
-17,17,406.705308
-17,17,406.727202
-17,17,406.748797
-17,17,406.773326
-17,17,406.795489
-17,17,406.817323
-17,17,406.839062
-17,17,406.860963
-17,17,406.882963
-17,17,406.904905
-17,17,406.926626
-17,17,406.948655
-17,17,406.970846
-17,17,406.993499
-17,17,407.025416
-17,17,407.048507
-17,17,407.073907
-17,17,407.098367
-17,17,407.121972
-17,17,407.144203
-17,17,407.165914
-17,17,407.192267
-17,17,407.213786
-17,17,407.235252
-17,17,407.256719
-17,17,407.27805
-17,17,407.29947
-17,17,407.321131
-17,17,407.342758
-17,17,407.364603
-17,17,407.386607
-17,17,407.408937
-17,17,407.430966
-17,17,407.452944
-17,17,407.474736
-17,17,407.496974
-17,17,407.519553
-17,17,407.541572
-17,17,407.563283
-17,17,407.585154
-17,17,407.607108
-17,17,407.628759
-17,17,407.650508
-17,17,407.672171
-17,17,407.693955
-17,17,407.715982
-17,17,407.737821
-17,17,407.759668
-17,17,407.781309
-17,17,407.805247
-19,19,407.831074
-17,17,407.852509
-17,17,407.873927
-17,17,407.895641
-17,17,407.917417
-17,17,407.939099
-17,17,407.960661
-19,19,407.984778
-17,17,408.007261
-17,17,408.029809
-17,17,408.052404
-17,17,408.09219
-17,17,408.11826
-17,17,408.140073
-17,17,408.161955
-17,17,408.183726
-17,17,408.205377
-17,17,408.226837
-17,17,408.248561
-17,17,408.27027
-17,17,408.291963
-17,17,408.313639
-17,17,408.335976
-17,17,408.358287
-13,13,408.375181
-13,13,408.392273
-17,17,408.414676
-17,17,408.436811
-17,17,408.458997
-17,17,408.481376
-17,17,408.503697
-17,17,408.526142
-17,17,408.548048
-17,17,408.569642
-17,17,408.591434
-17,17,408.613358
-17,17,408.634551
-17,17,408.656158
-18,18,408.679008
-17,17,408.700666
-17,17,408.722296
-17,17,408.743967
-17,17,408.765881
-17,17,408.788128
-17,17,408.810311
-17,17,408.832604
-17,17,408.854778
-17,17,408.876932
-17,17,408.899124
-17,17,408.921409
-17,17,408.943137
-17,17,408.964818
-17,17,408.991722
-17,17,409.014091
-17,17,409.036757
-17,17,409.058078
-19,19,409.082852
-17,17,409.105855
-17,17,409.128715
-17,17,409.151289
-17,17,409.173583
-17,17,409.195557
-17,17,409.217247
-17,17,409.239128
-18,18,418.885621
-19,19,418.91735
-20,20,418.943561
-17,17,418.966384
-22,22,418.999293
-17,17,419.022717
-19,19,419.046778
-18,18,419.069289
-17,17,419.090925
-19,19,419.115298
-17,17,419.137191
-17,17,419.159134
-17,17,419.180985
-19,19,419.204385
-19,19,419.228709
-19,19,419.253054
-21,21,419.279427
-134,35,419.327869
-21,21,419.372085
-17,17,419.394991
-136,37,419.441803
-247,49,419.504458
-17,17,419.527218
-17,17,419.548548
-21,21,419.575658
-21,21,419.60221
-18,18,419.625322
-138,39,419.675555
-17,17,419.697327
-17,17,419.719723
-17,17,419.744507
-19,19,419.768951
-17,17,419.790275
-17,17,419.811771
-17,17,419.833097
-19,19,419.856851
-21,21,419.883122
-19,19,419.908209
-19,19,419.932066
-136,37,419.978709
-21,21,420.005179
-19,19,420.029879
-25,25,420.061302
-17,17,420.082923
-19,19,420.106299
-17,17,420.1282
-234,36,420.173617
-136,37,420.221372
-138,39,420.271184
-17,17,420.293014
-134,35,420.337869
-17,17,420.359632
-23,23,420.389435
-135,36,420.439832
-134,35,420.485569
-19,19,420.510494
-24,24,420.541574
-491,95,420.666113
-130,31,420.710316
-17,17,420.73172
-17,17,420.753054
-17,17,420.774649
-17,17,420.796369
-17,17,420.82206
-138,39,420.874543
-249,51,420.939061
-17,17,420.960578
-17,17,420.981766
-19,19,421.024296
-17,17,421.045987
-19,19,421.070931
-17,17,421.095169
-17,17,421.116917
-17,17,421.138979
-13,13,421.155924
-258,60,421.232093
-17,17,421.253997
-138,39,421.303995
-251,53,421.370085
-21,21,421.397414
-247,49,421.461377
-17,17,421.483069
-23,23,421.512493
-17,17,421.534554
-19,19,421.558303
-137,38,431.320727
-19,19,431.346548
-15,15,431.366114
-17,17,431.388895
-134,35,431.433577
-17,17,431.455804
-17,17,431.477816
-15,15,431.497056
-18,18,431.52061
-17,17,431.54312
-17,17,431.565427
-19,19,431.590225
-137,38,431.638831
-19,19,431.663444
-132,33,431.705523
-17,17,431.730437
-17,17,431.752418
-17,17,431.779153
-17,17,431.801153
-17,17,431.823326
-17,17,431.845609
-20,20,431.871407
-139,40,431.922943
-23,23,431.952909
-17,17,431.975473
-19,19,432.003504
-23,23,432.034558
-21,21,432.061693
-18,18,432.084868
-21,21,432.111765
-17,17,432.133472
-17,17,432.154934
-19,19,432.179284
-19,19,432.203584
-17,17,432.22513
-17,17,432.246835
-17,17,432.268222
-17,17,432.289626
-17,17,432.312549
-15,15,432.331973
-17,17,432.371422
-17,17,432.393774
-17,17,432.415625
-17,17,432.436925
-17,17,432.457687
-17,17,432.478516
-17,17,432.500069
-17,17,432.522119
-18,18,432.544634
-17,17,432.56659
-17,17,432.588181
-19,19,432.612733
-22,22,432.640553
-17,17,432.661759
-21,21,432.687571
-21,21,432.713764
-19,19,432.737265
-17,17,432.757962
-17,17,432.778995
-21,21,432.80653
-23,23,432.836959
-19,19,432.860193
-17,17,432.881655
-17,17,432.902997
-132,33,432.944844
-17,17,432.966354
-17,17,432.988428
-15,15,433.007533
-19,19,433.033086
-19,19,433.057884
-17,17,433.079775
-17,17,433.101199
-17,17,433.122848
-17,17,433.144494
-19,19,433.168897
-17,17,433.193897
-15,15,433.212974
-23,23,433.242539
-15,15,433.26153
-17,17,433.283011
-17,17,433.305362
-132,33,433.350557
-134,35,433.396981
-17,17,433.419637
-17,17,433.44164
-17,17,433.463439
-19,19,433.487199
-17,17,433.509609
-132,33,433.552802
-21,21,433.57986
-17,17,433.601806
-17,17,433.623653
-19,19,433.647867
-17,17,433.67019
-19,19,433.694941
-139,40,433.746652
-17,17,433.768838
-17,17,433.790673
-19,19,433.815792
-19,19,433.840143
-17,17,433.861872
-19,19,433.886786
-17,17,433.908351
-17,17,433.930585
-23,23,443.66222
-17,17,443.702871
-19,19,443.728903
-17,17,443.752126
-17,17,443.77453
-17,17,443.796671
-17,17,443.818006
-18,18,443.841381
-17,17,443.863249
-17,17,443.885352
-17,17,443.907066
-17,17,443.928606
-17,17,443.950713
-17,17,443.972863
-17,17,443.994046
-17,17,444.016563
-17,17,444.039004
-18,18,444.062136
-17,17,444.084289
-17,17,444.10585
-17,17,444.127458
-17,17,444.148967
-19,19,444.173463
-17,17,444.195269
-19,19,444.219795
-18,18,444.242711
-21,21,444.269968
-19,19,444.294756
-17,17,444.317089
-18,18,444.340589
-19,19,444.365011
-22,22,444.392788
-20,20,444.418948
-17,17,444.440997
-21,21,444.468447
-17,17,444.489974
-17,17,444.51264
-17,17,444.534253
-18,18,444.557495
-17,17,444.579298
-18,18,444.602139
-19,19,444.626409
-19,19,444.65095
-17,17,444.672659
-18,18,444.695506
-17,17,444.717731
-17,17,444.740275
-17,17,444.76215
-18,18,444.785506
-17,17,444.811244
-17,17,444.833335
-17,17,444.855616
-18,18,444.878765
-18,18,444.90194
-18,18,444.925492
-23,23,444.955416
-134,35,445.001619
-19,19,445.026222
-17,17,445.051623
-18,18,445.074731
-17,17,445.100954
-19,19,445.128922
-19,19,445.153322
-18,18,445.176545
-17,17,445.198642
-17,17,445.220545
-17,17,445.242549
-22,22,445.2706
-19,19,445.294919
-17,17,445.316051
-19,19,445.358997
-19,19,445.3847
-17,17,445.406734
-17,17,445.428569
-19,19,445.453293
-17,17,445.474488
-17,17,445.495066
-17,17,445.517816
-17,17,445.540041
-17,17,445.562272
-17,17,445.584298
-17,17,445.606372
-17,17,445.628436
-17,17,445.650335
-17,17,445.672814
-18,18,445.696416
-17,17,445.718832
-15,15,445.739259
-17,17,445.761214
-17,17,445.783237
-17,17,445.805314
-17,17,445.82697
-17,17,445.848643
-17,17,445.870127
-17,17,445.896343
-17,17,445.917901
-18,18,445.940874
-19,19,445.965587
-17,17,445.987664
-19,19,446.012887
-17,17,446.034727
-18,18,446.057585
-15,15,446.076665
-17,17,446.098667
-17,17,446.11997
-17,17,446.141412
-19,19,446.165059
-17,17,446.186475
-17,17,446.207607
-20,20,446.232376
-17,17,446.253543
-17,17,446.274633
-17,17,446.295814
-17,17,446.317041
-17,17,446.338528
-17,17,456.147911
-19,19,456.173176
-17,17,456.19491
-17,17,456.217166
-15,15,456.237671
-17,17,456.259989
-19,19,456.283898
-19,19,456.308295
-17,17,456.329809
-17,17,456.351393
-17,17,456.372415
-17,17,456.394297
-17,17,456.416211
-17,17,456.438816
-17,17,456.461024
-17,17,456.489149
-23,23,456.519338
-17,17,456.542154
-19,19,456.571658
-17,17,456.593868
-17,17,456.616528
-17,17,456.639105
-17,17,456.661905
-19,19,456.692148
-17,17,456.7174
-17,17,456.740301
-17,17,456.763227
-17,17,456.804079
-15,15,456.823914
-17,17,456.845527
-17,17,456.86799
-17,17,456.890652
-17,17,456.913123
-19,19,456.938172
-17,17,456.960274
-19,19,456.984842
-13,13,457.001601
-13,13,457.018177
-20,20,457.052746
-13,13,457.069899
-17,17,457.092035
-13,13,457.108865
-17,17,457.130982
-19,19,457.155402
-17,17,457.178595
-21,21,457.206781
-17,17,457.231957
-17,17,457.253969
-17,17,457.276065
-17,17,457.298329
-17,17,457.320085
-17,17,457.342103
-17,17,457.364644
-19,19,457.389149
-17,17,457.410804
-15,15,457.430313
-18,18,457.454083
-17,17,457.47611
-17,17,457.497866
-18,18,457.525549
-17,17,457.547357
-17,17,457.569367
-19,19,457.593965
-17,17,457.616085
-17,17,457.638579
-15,15,457.65858
-17,17,457.681816
-17,17,457.705286
-17,17,457.727578
-17,17,457.749323
-17,17,457.771571
-17,17,457.798047
-17,17,457.821859
-17,17,457.843623
-17,17,457.865505
-17,17,457.887272
-17,17,457.909247
-17,17,457.930844
-17,17,457.952997
-13,13,457.969992
-17,17,457.991574
-17,17,458.012608
-21,21,458.044477
-17,17,458.066604
-17,17,458.088643
-19,19,458.113475
-18,18,458.137809
-17,17,458.162325
-18,18,458.185284
-20,20,458.213176
-17,17,458.233789
-17,17,458.255448
-18,18,458.278176
-17,17,458.299458
-17,17,458.320582
-17,17,458.345713
-17,17,458.36667
-13,13,458.38236
-13,13,458.398246
-17,17,458.423347
-17,17,458.443805
-13,13,458.478684
-17,17,458.500161
-18,18,458.52321
-17,17,458.544926
-17,17,458.566153
-17,17,458.588169
-18,18,458.610896
-21,21,458.637086
-17,17,458.658732
-17,17,458.680276
-17,17,458.701746
-13,13,458.717528
-17,17,458.739128
-17,17,458.760556
-17,17,458.782999
-21,21,458.809032
-18,18,458.8321
-17,17,458.854425
-17,17,468.592668
-17,17,468.616631
-17,17,468.6415
-17,17,468.66395
-17,17,468.686275
-130,31,468.731551
-17,17,468.753593
-17,17,468.775769
-134,35,468.825281
-17,17,468.847098
-17,17,468.869261
-17,17,468.890956
-17,17,468.912308
-17,17,468.933456
-17,17,468.954353
-128,29,468.991619
-17,17,469.014498
-17,17,469.036795
-13,13,469.053527
-19,19,469.078716
-130,31,469.117344
-13,13,469.13353
-13,13,469.150259
-17,17,469.172033
-13,13,469.188866
-17,17,469.210748
-17,17,469.231676
-17,17,469.252807
-17,17,469.276755
-17,17,469.29777
-15,15,469.316661
-239,41,469.374048
-17,17,469.400844
-17,17,469.422458
-17,17,469.444409
-21,21,469.471845
-15,15,469.491581
-21,21,469.519954
-128,29,469.558167
-132,33,469.60427
-17,17,469.624696
-13,13,469.640845
-13,13,469.65767
-17,17,469.679243
-17,17,469.699413
-13,13,469.715758
-17,17,469.735869
-18,18,469.757758
-17,17,469.778783
-17,17,469.798771
-17,17,469.838533
-17,17,469.860255
-17,17,469.881995
-17,17,469.903476
-17,17,469.924833
-13,13,469.94089
-17,17,469.961826
-17,17,469.983179
-19,19,470.00785
-17,17,470.02984
-17,17,470.051323
-17,17,470.072821
-15,15,470.091616
-17,17,470.113732
-17,17,470.135535
-17,17,470.165276
-17,17,470.187381
-239,41,470.238453
-129,30,470.275983
-17,17,470.301469
-245,47,470.368088
-17,17,470.3906
-17,17,470.412399
-17,17,470.433978
-17,17,470.455393
-17,17,470.476726
-132,33,470.518904
-125,26,470.553667
-17,17,470.575891
-13,13,470.592895
-17,17,470.615171
-17,17,470.637671
-17,17,470.66051
-17,17,470.682667
-132,33,470.725239
-19,19,470.749677
-17,17,470.774195
-17,17,470.795647
-19,19,470.819104
-17,17,470.840781
-15,15,470.860158
-249,51,470.929989
-128,29,470.967692
-17,17,470.989571
-17,17,471.011521
-21,21,471.038855
-132,33,471.080377
-130,31,471.119554
-132,33,471.161864
-17,17,471.184341
-17,17,471.206924
-17,17,471.229496
-17,17,471.251355
-17,17,471.273642
-17,17,480.431679
-17,17,480.45459
-13,13,480.471653
-17,17,480.494412
-17,17,480.517659
-19,19,480.543445
-17,17,480.566237
-17,17,480.589037
-19,19,480.63243
-17,17,480.654275
-17,17,480.675835
-17,17,480.701697
-17,17,480.722857
-17,17,480.742977
-17,17,480.764138
-131,32,480.803289
-18,18,480.825313
-17,17,480.84591
-126,27,480.88441
-17,17,480.90541
-128,29,480.941745
-17,17,480.962945
-17,17,480.984537
-13,13,481.001039
-17,17,481.023705
-17,17,481.044352
-17,17,481.064645
-17,17,481.086792
-17,17,481.107468
-17,17,481.128026
-17,17,481.148246
-17,17,481.168749
-18,18,481.190078
-17,17,481.210506
-15,15,481.228298
-132,33,481.267845
-17,17,481.288358
-18,18,481.310401
-13,13,481.326475
-17,17,481.347288
-17,17,481.367764
-18,18,481.389468
-19,19,481.412631
-13,13,481.429252
-17,17,481.451078
-13,13,481.470491
-17,17,481.491654
-13,13,481.509668
-17,17,481.530997
-21,21,481.556786
-17,17,481.577512
-13,13,481.593155
-17,17,481.61366
-17,17,481.635273
-17,17,481.656809
-17,17,481.677954
-17,17,481.699472
-17,17,481.721368
-17,17,481.745349
-17,17,481.765885
-17,17,481.786783
-18,18,481.809697
-17,17,481.831068
-17,17,481.852006
-17,17,481.873456
-13,13,481.889543
-17,17,481.910374
-17,17,481.935553
-17,17,481.956897
-17,17,481.981823
-17,17,482.004201
-17,17,482.025372
-127,28,482.061581
-17,17,482.08665
-17,17,482.107721
-15,15,482.126236
-17,17,482.147079
-18,18,482.168868
-13,13,482.188658
-17,17,482.228852
-17,17,482.250378
-19,19,482.274916
-17,17,482.296485
-18,18,482.319612
-17,17,482.341031
-17,17,482.361489
-17,17,482.382318
-17,17,482.402694
-17,17,482.423694
-13,13,482.442131
-17,17,482.463386
-15,15,482.485322
-17,17,482.507288
-17,17,482.532541
-18,18,482.555875
-13,13,482.572953
-17,17,482.594372
-17,17,482.615752
-17,17,482.637353
-17,17,482.659217
-17,17,482.680948
-19,19,482.704617
-20,20,482.736353
-17,17,482.76481
-17,17,482.790523
-19,19,482.817099
-17,17,482.838866
-15,15,482.858157
-17,17,482.880282
-17,17,482.902171
-17,17,482.923802
-17,17,482.945675
-15,15,482.96494
-15,15,482.984217
-17,17,483.005837
-13,13,483.02281
-18,18,483.049026
-17,17,483.070731
-17,17,483.092641
-17,17,492.925397
-17,17,492.953903
-17,17,492.97693
-14,14,493.000022
-17,17,493.022937
-19,19,493.048312
-17,17,493.070516
-19,19,493.09558
-17,17,493.118089
-19,19,493.142954
-20,20,493.169072
-18,18,493.192901
-17,17,493.214879
-19,19,493.238999
-18,18,493.261791
-17,17,493.283342
-15,15,493.302393
-18,18,493.329858
-19,19,493.354692
-17,17,493.376845
-17,17,493.398824
-19,19,493.423382
-13,13,493.439898
-19,19,493.464439
-17,17,493.485849
-17,17,493.508076
-17,17,493.530764
-17,17,493.552752
-17,17,493.574497
-13,13,493.591471
-17,17,493.613574
-18,18,493.636799
-19,19,493.661072
-17,17,493.701309
-17,17,493.723561
-18,18,493.746461
-15,15,493.765182
-15,15,493.784718
-17,17,493.806633
-17,17,493.828329
-17,17,493.850257
-17,17,493.872131
-17,17,493.893838
-17,17,493.915217
-17,17,493.936889
-18,18,493.95957
-17,17,493.981111
-17,17,494.003089
-17,17,494.02574
-13,13,494.042924
-17,17,494.064726
-17,17,494.086873
-17,17,494.109062
-20,20,494.134969
-17,17,494.156936
-17,17,494.178634
-15,15,494.200862
-17,17,494.225286
-17,17,494.246565
-19,19,494.270535
-17,17,494.29196
-13,13,494.308336
-18,18,494.331196
-17,17,494.356341
-18,18,494.379279
-17,17,494.400988
-18,18,494.424048
-18,18,494.447013
-17,17,494.468822
-18,18,494.49155
-17,17,494.513403
-15,15,494.533873
-17,17,494.556012
-17,17,494.577752
-17,17,494.600122
-17,17,494.622462
-17,17,494.644867
-17,17,494.667371
-17,17,494.689631
-18,18,494.713486
-17,17,494.735841
-18,18,494.759014
-17,17,494.780877
-17,17,494.802948
-13,13,494.819938
-17,17,494.842249
-17,17,494.864347
-17,17,494.88643
-17,17,494.9087
-17,17,494.931015
-17,17,494.953165
-17,17,494.975246
-19,19,495.000113
-19,19,495.029398
-17,17,495.050888
-17,17,495.072538
-19,19,495.101247
-13,13,495.117377
-21,21,495.144006
-18,18,495.170615
-17,17,495.192643
-17,17,495.214409
-19,19,495.238569
-18,18,495.261276
-17,17,495.282926
-20,20,495.308507
-17,17,495.347894
-17,17,495.370999
-17,17,495.392543
-17,17,495.414087
-17,17,495.435737
-18,18,495.458597
-17,17,495.48009
-17,17,495.502087
-17,17,495.524979
-17,17,495.54718
-17,17,495.569166
-15,15,495.588228
-17,17,495.610043
-17,17,505.452968
-21,21,505.486466
-17,17,505.512663
-19,19,505.538898
-18,18,505.562924
-18,18,505.587245
-17,17,505.6096
-17,17,505.632209
-18,18,505.656309
-19,19,505.6816
-18,18,505.705634
-18,18,505.729688
-19,19,505.754642
-19,19,505.780074
-18,18,505.804123
-20,20,505.830523
-20,20,505.856674
-21,21,505.884239
-17,17,505.90639
-21,21,505.933396
-21,21,505.963441
-18,18,505.986711
-19,19,506.016156
-20,20,506.047024
-17,17,506.068152
-21,21,506.094654
-17,17,506.115771
-17,17,506.136914
-21,21,506.162923
-13,13,506.179186
-18,18,506.202032
-19,19,506.226831
-17,17,506.24888
-17,17,506.270766
-17,17,506.292526
-20,20,506.318061
-17,17,506.339637
-18,18,506.362287
-17,17,506.384221
-17,17,506.405981
-25,25,506.438138
-17,17,506.460247
-19,19,506.484522
-15,15,506.509965
-17,17,506.53245
-18,18,506.554857
-17,17,506.576469
-19,19,506.600581
-17,17,506.621634
-17,17,506.647803
-18,18,506.669835
-18,18,506.692562
-19,19,506.720672
-17,17,506.741877
-22,22,506.768859
-17,17,506.790495
-19,19,506.832896
-18,18,506.861192
-18,18,506.884373
-17,17,506.906403
-19,19,506.930593
-13,13,506.947494
-18,18,506.970513
-24,24,507.00102
-17,17,507.024745
-19,19,507.050426
-23,23,507.086359
-20,20,507.112015
-18,18,507.135046
-19,19,507.160124
-17,17,507.182705
-17,17,507.204491
-20,20,507.229961
-17,17,507.25157
-17,17,507.273043
-17,17,507.294814
-19,19,507.318934
-17,17,507.34104
-25,25,507.373532
-18,18,507.397109
-18,18,507.420586
-18,18,507.443896
-17,17,507.466382
-23,23,507.49677
-22,22,507.526299
-19,19,507.556437
-16,16,507.577473
-17,17,507.5993
-18,18,507.622795
-17,17,507.644721
-20,20,507.67643
-19,19,507.700541
-17,17,507.72574
-17,17,507.746908
-21,21,507.773069
-20,20,507.798232
-19,19,507.82311
-21,21,507.851131
-14,14,507.869699
-19,19,507.894511
-19,19,507.919113
-13,13,507.935808
-19,19,507.960253
-19,19,507.985046
-17,17,508.00745
-17,17,508.030201
-19,19,508.055218
-17,17,508.080497
-20,20,508.105139
-18,18,508.127512
-19,19,508.150537
-14,14,508.168009
-15,15,517.955182
-18,18,517.982081
-17,17,518.006312
-18,18,518.036083
-19,19,518.061347
-17,17,518.0841
-17,17,518.106317
-21,21,518.134377
-17,17,518.157722
-17,17,518.180467
-17,17,518.202494
-18,18,518.226803
-18,18,518.251459
-18,18,518.293905
-17,17,518.317277
-18,18,518.341582
-17,17,518.364006
-19,19,518.388796
-19,19,518.413649
-18,18,518.437358
-17,17,518.459822
-13,13,518.476784
-19,19,518.501809
-17,17,518.524573
-17,17,518.546882
-18,18,518.570546
-17,17,518.592378
-13,13,518.615008
-14,14,518.634686
-19,19,518.660271
-17,17,518.685536
-17,17,518.707134
-15,15,518.72579
-17,17,518.746574
-21,21,518.772381
-17,17,518.793371
-19,19,518.816411
-19,19,518.839556
-17,17,518.860454
-18,18,518.882791
-15,15,518.900999
-19,19,518.924975
-19,19,518.949103
-15,15,518.967736
-13,13,518.984474
-19,19,519.009158
-17,17,519.032329
-13,13,519.053513
-18,18,519.075446
-17,17,519.096962
-18,18,519.119979
-19,19,519.143737
-18,18,519.166848
-17,17,519.188629
-18,18,519.211441
-19,19,519.235829
-17,17,519.257736
-17,17,519.279984
-18,18,519.307421
-13,13,519.326272
-19,19,519.35484
-17,17,519.377204
-17,17,519.399318
-18,18,519.422084
-17,17,519.443908
-17,17,519.465973
-15,15,519.485323
-17,17,519.507544
-18,18,519.531375
-17,17,519.553249
-13,13,519.569816
-13,13,519.589784
-15,15,519.610694
-15,15,519.631909
-19,19,519.656343
-17,17,519.677858
-18,18,519.70094
-19,19,519.724947
-17,17,519.746362
-13,13,519.763005
-19,19,519.787432
-18,18,519.813937
-17,17,519.8348
-19,19,519.858421
-15,15,519.876852
-19,19,519.899942
-17,17,519.938938
-18,18,519.963386
-17,17,519.98527
-18,18,520.009112
-19,19,520.034323
-17,17,520.057008
-13,13,520.073988
-17,17,520.096029
-13,13,520.113221
-16,16,520.134429
-18,18,520.158052
-19,19,520.183042
-17,17,520.205141
-17,17,520.227623
-18,18,520.251135
-17,17,520.273404
-17,17,520.295312
-18,18,520.318954
-17,17,520.345401
-16,16,520.365932
-20,20,520.392203
-17,17,520.414267
-17,17,520.436158
-17,17,520.458247
-17,17,520.485772
-18,18,520.509552
-17,17,520.532065
-18,18,520.555373
-14,14,520.573761
-16,16,520.594758
-17,17,520.616731
-17,17,520.639123
-19,19,520.664337
-18,18,530.080119
-17,17,530.107096
-15,15,530.130076
-17,17,530.153228
-17,17,530.175628
-17,17,530.19775
-124,25,530.231157
-124,25,530.264165
-13,13,530.281203
-13,13,530.298685
-17,17,530.320891
-17,17,530.343669
-17,17,530.366233
-17,17,530.389054
-128,29,530.427505
-13,13,530.444293
-13,13,530.461441
-17,17,530.483142
-130,31,530.52355
-17,17,530.544558
-17,17,530.565754
-15,15,530.587493
-15,15,530.607171
-17,17,530.629241
-17,17,530.650984
-17,17,530.673741
-17,17,530.69546
-17,17,530.717542
-17,17,530.739385
-15,15,530.759082
-13,13,530.776041
-17,17,530.797433
-13,13,530.814204
-19,19,530.838724
-17,17,530.860307
-124,25,530.892464
-17,17,530.913923
-13,13,530.930777
-15,15,530.95007
-17,17,530.971665
-16,16,531.010428
-18,18,531.033966
-132,33,531.080727
-17,17,531.103225
-18,18,531.126775
-13,13,531.144053
-15,15,531.16402
-17,17,531.184772
-17,17,531.206115
-15,15,531.225057
-132,33,531.26846
-15,15,531.2883
-17,17,531.31048
-15,15,531.32914
-244,46,531.389076
-15,15,531.408691
-17,17,531.430887
-13,13,531.449075
-15,15,531.471843
-17,17,531.493845
-15,15,531.514664
-132,33,531.563755
-15,15,531.583059
-13,13,531.600179
-17,17,531.621677
-15,15,531.640973
-17,17,531.663025
-13,13,531.679487
-17,17,531.701143
-13,13,531.717619
-18,18,531.739693
-130,31,531.778434
-15,15,531.797462
-19,19,531.821403
-17,17,531.843507
-17,17,531.865133
-239,41,531.921506
-15,15,531.941746
-17,17,531.963341
-18,18,531.985839
-17,17,532.008814
-17,17,532.031996
-17,17,532.052808
-129,30,532.095053
-243,45,532.151333
-19,19,532.175264
-13,13,532.191443
-17,17,532.21261
-17,17,532.234049
-13,13,532.25046
-17,17,532.27163
-17,17,532.292856
-15,15,532.311653
-13,13,532.327811
-17,17,532.349427
-17,17,532.370891
-15,15,532.390333
-17,17,532.41666
-15,15,532.436188
-16,16,532.45663
-132,33,532.499269
-15,15,532.519945
-128,29,532.562451
-18,18,532.585725
-17,17,532.611466
-17,17,532.633094
-17,17,532.672625
-124,25,532.710714
-17,17,532.735495
-16,16,532.755545
-17,17,532.776884
-132,33,542.629156
-13,13,542.648265
-15,15,542.676352
-15,15,542.696211
-17,17,542.718786
-13,13,542.735921
-17,17,542.757961
-17,17,542.779623
-17,17,542.80154
-17,17,542.823295
-18,18,542.846118
-17,17,542.868503
-17,17,542.890691
-20,20,542.915986
-18,18,542.938704
-17,17,542.960687
-17,17,542.98565
-18,18,543.009302
-18,18,543.032273
-17,17,543.053642
-17,17,543.075106
-18,18,543.097461
-17,17,543.118607
-17,17,543.13922
-15,15,543.158715
-17,17,543.180468
-18,18,543.20361
-18,18,543.227245
-17,17,543.249417
-17,17,543.271409
-17,17,543.293293
-17,17,543.31846
-18,18,543.340642
-17,17,543.361299
-15,15,543.379605
-15,15,543.397737
-17,17,543.418499
-15,15,543.437058
-18,18,543.463399
-17,17,543.485363
-17,17,543.508115
-131,32,543.549985
-17,17,543.571801
-17,17,543.593769
-18,18,543.616669
-15,15,543.635684
-17,17,543.659448
-17,17,543.68355
-130,31,543.723295
-15,15,543.74255
-15,15,543.767126
-17,17,543.789733
-21,21,543.816478
-17,17,543.838907
-17,17,543.861528
-15,15,543.880789
-17,17,543.901748
-17,17,543.922603
-16,16,543.942549
-15,15,543.961389
-19,19,543.98517
-17,17,544.007341
-19,19,544.035587
-20,20,544.061727
-15,15,544.081043
-17,17,544.102569
-17,17,544.143389
-15,15,544.162663
-17,17,544.184372
-19,19,544.208603
-17,17,544.230554
-15,15,544.249614
-15,15,544.273743
-15,15,544.293301
-15,15,544.312588
-17,17,544.334321
-17,17,544.356123
-19,19,544.381088
-15,15,544.405118
-13,13,544.421121
-17,17,544.442045
-18,18,544.464213
-17,17,544.484994
-17,17,544.506437
-13,13,544.523892
-18,18,544.547557
-17,17,544.569481
-17,17,544.591087
-17,17,544.613394
-17,17,544.635167
-17,17,544.65712
-18,18,544.679847
-15,15,544.698514
-17,17,544.720006
-17,17,544.741394
-17,17,544.762555
-15,15,544.781375
-15,15,544.800321
-15,15,544.818771
-17,17,544.840095
-17,17,544.86126
-15,15,544.879543
-13,13,544.89919
-17,17,544.920795
-17,17,544.942977
-17,17,544.964881
-17,17,544.986691
-17,17,545.010201
-15,15,545.028754
-17,17,545.049952
-17,17,545.07095
-17,17,545.091548
-17,17,545.111868
-17,17,545.133245
-18,18,545.160868
-18,18,545.183534
-17,17,545.206401
-18,18,545.228561
-17,17,545.254414
-16,16,545.275394
-17,17,545.296885
-18,18,555.129271
-17,17,555.154252
-18,18,555.179283
-17,17,555.20221
-15,15,555.222534
-15,15,555.242624
-17,17,555.265798
-15,15,555.286042
-17,17,555.308023
-15,15,555.327758
-18,18,555.351167
-17,17,555.373523
-17,17,555.396158
-17,17,555.418248
-17,17,555.44026
-17,17,555.462365
-18,18,555.486092
-17,17,555.508607
-17,17,555.535761
-18,18,555.559231
-15,15,555.595923
-13,13,555.613791
-17,17,555.635643
-17,17,555.657526
-15,15,555.678218
-17,17,555.699572
-17,17,555.72113
-17,17,555.743117
-17,17,555.764848
-17,17,555.78611
-17,17,555.807796
-15,15,555.826919
-17,17,555.848777
-15,15,555.868263
-17,17,555.889925
-17,17,555.91205
-13,13,555.929293
-17,17,555.951382
-17,17,555.972988
-17,17,555.994484
-14,14,556.013032
-17,17,556.035462
-13,13,556.052568
-17,17,556.074412
-17,17,556.0966
-17,17,556.118666
-15,15,556.138201
-17,17,556.160551
-17,17,556.182669
-15,15,556.201801
-17,17,556.223374
-17,17,556.244967
-17,17,556.266935
-15,15,556.286136
-15,15,556.305278
-17,17,556.32704
-18,18,556.349728
-17,17,556.37166
-15,15,556.390802
-17,17,556.41235
-17,17,556.43444
-17,17,556.460512
-17,17,556.483784
-17,17,556.506448
-17,17,556.529317
-15,15,556.548853
-17,17,556.571043
-17,17,556.593083
-17,17,556.616336
-17,17,556.638857
-17,17,556.660945
-15,15,556.682779
-17,17,556.704511
-15,15,556.723829
-17,17,556.745587
-17,17,556.767223
-17,17,556.788661
-17,17,556.810175
-17,17,556.83196
-19,19,556.856092
-15,15,556.87916
-13,13,556.895634
-17,17,556.917156
-17,17,556.938794
-17,17,556.960608
-18,18,556.983624
-15,15,557.003192
-17,17,557.026379
-18,18,557.050137
-18,18,557.073845
-17,17,557.103872
-17,17,557.126101
-15,15,557.145944
-17,17,557.168752
-18,18,557.192266
-17,17,557.214946
-17,17,557.255229
-17,17,557.277522
-17,17,557.29941
-19,19,557.32365
-17,17,557.345587
-17,17,557.367728
-17,17,557.389786
-15,15,557.409523
-17,17,557.431516
-17,17,557.453239
-17,17,557.475307
-15,15,557.494787
-17,17,557.517257
-17,17,557.540048
-17,17,557.562349
-13,13,557.579521
-19,19,557.604236
-17,17,557.626813
-17,17,557.650016
-17,17,557.672656
-15,15,557.692115
-17,17,557.713138
-17,17,557.734722
-17,17,557.755668
-17,17,557.77823
-17,17,557.798933
-17,17,557.820389
-17,17,756.928583
-17,17,774.038572
-17,17,803.757869
-17,17,803.782924
-17,17,803.815307
-17,17,803.846361
-17,17,803.872011
-17,17,803.899136
-17,17,803.926325
-17,17,803.95373
-17,17,803.979921
-17,17,804.007188
-17,17,804.03919
-17,17,804.069987
-17,17,804.098316
-17,17,831.079777
-17,17,831.100676
-17,17,831.122437
-17,17,831.147554
-17,17,831.168113
-17,17,831.191404
-17,17,831.214982
